frame,timestamp_ms,hand,landmark_id,landmark_name,x,y,z,world_x,world_y,world_z,handedness_score
0,0,left,0,WRIST,0.5730366,0.6115866,8.471038e-09,0.041541316,-0.023281883,0.07528062,0.9874236583709717
0,0,left,1,THUMB_CMC,0.55042917,0.61445373,-0.00035722132,0.010477578,-0.019966811,0.058753148,0.9874236583709717
0,0,left,2,THUMB_MCP,0.529781,0.619825,-0.003910333,-0.01571741,-0.010617171,0.04267399,0.9874236583709717
0,0,left,3,THUMB_IP,0.516162,0.6264148,-0.007399922,-0.03198517,0.0034892475,0.014523819,0.9874236583709717
0,0,left,4,THUMB_TIP,0.51094574,0.6320321,-0.011969783,-0.04229056,0.017182808,-0.003693238,0.9874236583709717
0,0,left,5,INDEX_FINGER_MCP,0.5357444,0.6174076,-0.013744391,-0.017350845,-0.008864638,0.0016081631,0.9874236583709717
0,0,left,6,INDEX_FINGER_PIP,0.51966107,0.6308471,-0.021055305,-0.033412427,0.010917527,-0.000116199255,0.9874236583709717
0,0,left,7,INDEX_FINGER_DIP,0.5131666,0.6380622,-0.0249888,-0.04262707,0.029993802,0.012788609,0.9874236583709717
0,0,left,8,INDEX_FINGER_TIP,0.5096471,0.6429608,-0.026867885,-0.04502717,0.042881344,0.0317356,0.9874236583709717
0,0,left,9,MIDDLE_FINGER_MCP,0.54965454,0.6203751,-0.017032884,-0.003822018,-0.0015380963,-0.0025828257,0.9874236583709717
0,0,left,10,MIDDLE_FINGER_PIP,0.53097177,0.6344426,-0.02227961,-0.022598132,0.025126323,-0.0036484823,0.9874236583709717
0,0,left,11,MIDDLE_FINGER_DIP,0.5229036,0.64123404,-0.02347614,-0.03238143,0.04050997,0.01507546,0.9874236583709717
0,0,left,12,MIDDLE_FINGER_TIP,0.51741177,0.64533895,-0.024794549,-0.03948179,0.05502382,0.038264185,0.9874236583709717
0,0,left,13,RING_FINGER_MCP,0.5625064,0.6241255,-0.019712366,0.013676899,0.0073378063,-0.0026745126,0.9874236583709717
0,0,left,14,RING_FINGER_PIP,0.54326993,0.6368984,-0.024100637,-0.0032758713,0.029196423,-0.002248168,0.9874236583709717
0,0,left,15,RING_FINGER_DIP,0.5351062,0.6432481,-0.022480924,-0.014570567,0.040149763,0.014634255,0.9874236583709717
0,0,left,16,RING_FINGER_TIP,0.52949715,0.6473795,-0.02161914,-0.021356087,0.0521313,0.037475005,0.9874236583709717
0,0,left,17,PINKY_MCP,0.5742532,0.6287288,-0.022190237,0.030895479,0.0147741735,0.0098388735,0.9874236583709717
0,0,left,18,PINKY_PIP,0.5575573,0.63800013,-0.025839044,0.013065696,0.027754622,0.006131679,0.9874236583709717
0,0,left,19,PINKY_DIP,0.5485226,0.6427232,-0.024061728,0.00024482608,0.043614883,0.014236793,0.9874236583709717
0,0,left,20,PINKY_TIP,0.5423833,0.6468042,-0.022681583,-0.008013325,0.0549597,0.02754809,0.9874236583709717
0,0,right,0,WRIST,0.44277573,0.6130989,7.925306e-08,-0.048606128,-0.01641744,0.0667406,0.9938070178031921
0,0,right,1,THUMB_CMC,0.46929693,0.6135509,-0.003652345,-0.016991902,-0.020855999,0.054840535,0.9938070178031921
0,0,right,2,THUMB_MCP,0.4918549,0.6174867,-0.008350801,0.0029525282,-0.0085000275,0.04238555,0.9938070178031921
0,0,right,3,THUMB_IP,0.5073359,0.6253728,-0.01192678,0.021872172,0.00487886,0.025323275,0.9938070178031921
0,0,right,4,THUMB_TIP,0.51636624,0.632205,-0.014990438,0.038580142,0.014805385,0.009195879,0.9938070178031921
0,0,right,5,INDEX_FINGER_MCP,0.49020755,0.6150357,-0.018100737,0.011885547,-0.009473531,0.0004503727,0.9938070178031921
0,0,right,6,INDEX_FINGER_PIP,0.51667017,0.62850606,-0.026376655,0.030864734,0.008665982,-0.0013055578,0.9938070178031921
0,0,right,7,INDEX_FINGER_DIP,0.5286259,0.6364522,-0.028571188,0.045229465,0.02239093,0.014901571,0.9938070178031921
0,0,right,8,INDEX_FINGER_TIP,0.5364094,0.6428577,-0.02837219,0.055723295,0.03255357,0.026975572,0.9938070178031921
0,0,right,9,MIDDLE_FINGER_MCP,0.47800878,0.62112564,-0.018985642,0.003210142,-0.0018817827,-0.0009328425,0.9938070178031921
0,0,right,10,MIDDLE_FINGER_PIP,0.50746787,0.6363196,-0.025980888,0.025618542,0.019537132,-0.008223753,0.9938070178031921
0,0,right,11,MIDDLE_FINGER_DIP,0.52290636,0.6437867,-0.025496507,0.046269484,0.03233027,0.0061823726,0.9938070178031921
0,0,right,12,MIDDLE_FINGER_TIP,0.53254724,0.648837,-0.023869442,0.056954544,0.044623274,0.03014601,0.9938070178031921
0,0,right,13,RING_FINGER_MCP,0.4675602,0.62770265,-0.019309651,-0.007385949,0.008207951,-0.0013689101,0.9938070178031921
0,0,right,14,RING_FINGER_PIP,0.49643216,0.64090765,-0.024237353,0.012396387,0.023476265,-0.0032644123,0.9938070178031921
0,0,right,15,RING_FINGER_DIP,0.50871617,0.64700365,-0.020185662,0.028544197,0.037489627,0.010394618,0.9938070178031921
0,0,right,16,RING_FINGER_TIP,0.51617587,0.6512573,-0.016019173,0.0371249,0.04677517,0.034379803,0.9938070178031921
0,0,right,17,PINKY_MCP,0.45940527,0.63347757,-0.019768704,-0.018241793,0.0121555235,0.00807482,0.9938070178031921
0,0,right,18,PINKY_PIP,0.4833474,0.6426223,-0.02146709,-0.0022596726,0.022027463,0.008030817,0.9938070178031921
0,0,right,19,PINKY_DIP,0.4941352,0.6478161,-0.01689617,0.012230172,0.038758535,0.016163476,0.9938070178031921
0,0,right,20,PINKY_TIP,0.5011072,0.65223545,-0.012476458,0.019781481,0.04817837,0.034223318,0.9938070178031921
1,83,left,0,WRIST,0.57228,0.61133724,6.0700295e-08,0.041236296,-0.025453158,0.08081049,0.9895513653755188
1,83,left,1,THUMB_CMC,0.5522953,0.61408633,-0.00066810293,0.010587466,-0.020182773,0.06581353,0.9895513653755188
1,83,left,2,THUMB_MCP,0.53279454,0.61960554,-0.0037672357,-0.01724402,-0.0077908547,0.045398496,0.9895513653755188
1,83,left,3,THUMB_IP,0.5206106,0.62665427,-0.0067234305,-0.030111963,0.011326479,0.01687187,0.9895513653755188
1,83,left,4,THUMB_TIP,0.51504564,0.6327195,-0.010615474,-0.04295203,0.028110124,-0.0026979297,0.9895513653755188
1,83,left,5,INDEX_FINGER_MCP,0.5365667,0.6170984,-0.0134638585,-0.017006472,-0.009348094,0.0016691387,0.9895513653755188
1,83,left,6,INDEX_FINGER_PIP,0.52232957,0.6281311,-0.020419955,-0.035099354,0.013673864,-0.0018102527,0.9895513653755188
1,83,left,7,INDEX_FINGER_DIP,0.5154569,0.63518846,-0.023836644,-0.04394843,0.030995524,0.013402641,0.9895513653755188
1,83,left,8,INDEX_FINGER_TIP,0.5112859,0.6403436,-0.025620917,-0.046557747,0.0479375,0.03248936,0.9895513653755188
1,83,left,9,MIDDLE_FINGER_MCP,0.5494424,0.61989564,-0.016745768,-0.0031139674,-0.001765273,-0.0021216646,0.9895513653755188
1,83,left,10,MIDDLE_FINGER_PIP,0.5330089,0.63159347,-0.023080392,-0.024744913,0.025717549,-0.00419607,0.9895513653755188
1,83,left,11,MIDDLE_FINGER_DIP,0.52493,0.638554,-0.025283055,-0.033116482,0.04458776,0.013070017,0.9895513653755188
1,83,left,12,MIDDLE_FINGER_TIP,0.5192682,0.64356846,-0.026951957,-0.03947276,0.0601119,0.03513544,0.9895513653755188
1,83,left,13,RING_FINGER_MCP,0.5621505,0.62343055,-0.019412812,0.013098298,0.008123608,-0.003186673,0.9895513653755188
1,83,left,14,RING_FINGER_PIP,0.5449626,0.6342649,-0.024863929,-0.0049922196,0.031084616,-0.0016759485,0.9895513653755188
1,83,left,15,RING_FINGER_DIP,0.5363543,0.6407673,-0.025122859,-0.015294785,0.044341475,0.011884175,0.9895513653755188
1,83,left,16,RING_FINGER_TIP,0.53022856,0.6455492,-0.025255395,-0.02387856,0.058362566,0.0367517,0.9895513653755188
1,83,left,17,PINKY_MCP,0.57427114,0.6277275,-0.021792242,0.030249331,0.017156102,0.00955523,0.9895513653755188
1,83,left,18,PINKY_PIP,0.5593341,0.6356614,-0.02674663,0.012891236,0.030907271,0.0059866607,0.9895513653755188
1,83,left,19,PINKY_DIP,0.54973286,0.640815,-0.027131159,0.0008875169,0.047166698,0.013801485,0.9895513653755188
1,83,left,20,PINKY_TIP,0.5423131,0.64526457,-0.027112091,-0.0071216635,0.061366856,0.031353086,0.9895513653755188
1,83,right,0,WRIST,0.44417956,0.61660147,2.3445143e-07,-0.06259429,-0.012821373,0.064257465,0.966156005859375
1,83,right,1,THUMB_CMC,0.4670506,0.6157799,-0.003738665,-0.025960727,-0.011693108,0.055249423,0.966156005859375
1,83,right,2,THUMB_MCP,0.49002096,0.61879385,-0.009329737,-0.000845034,-0.00045745907,0.045967802,0.966156005859375
1,83,right,3,THUMB_IP,0.5062176,0.62593454,-0.014483503,0.020273212,0.012257205,0.023665886,0.966156005859375
1,83,right,4,THUMB_TIP,0.5164454,0.63258356,-0.01923619,0.03109876,0.026578233,1.6137958e-05,0.966156005859375
1,83,right,5,INDEX_FINGER_MCP,0.49375376,0.6130096,-0.014884297,0.015490062,-0.011844312,0.0088905245,0.966156005859375
1,83,right,6,INDEX_FINGER_PIP,0.5175453,0.6261803,-0.024482863,0.03387099,0.011748489,0.007280037,0.966156005859375
1,83,right,7,INDEX_FINGER_DIP,0.52788514,0.63499916,-0.029488903,0.047319595,0.030657224,0.017298914,0.966156005859375
1,83,right,8,INDEX_FINGER_TIP,0.53506494,0.6416882,-0.031366456,0.057465445,0.043043688,0.031386063,0.966156005859375
1,83,right,9,MIDDLE_FINGER_MCP,0.48409286,0.61662734,-0.016938092,0.0027305507,-0.0038114043,-0.00040540844,0.966156005859375
1,83,right,10,MIDDLE_FINGER_PIP,0.511182,0.6308928,-0.02461655,0.03020253,0.021110518,-0.00084701926,0.966156005859375
1,83,right,11,MIDDLE_FINGER_DIP,0.52350235,0.6390439,-0.02667813,0.045939524,0.035479806,0.009023666,0.966156005859375
1,83,right,12,MIDDLE_FINGER_TIP,0.53231215,0.64465404,-0.027410863,0.06218822,0.04650578,0.02746217,0.966156005859375
1,83,right,13,RING_FINGER_MCP,0.474908,0.6220625,-0.018870076,-0.009088941,0.008061399,-0.006555736,0.966156005859375
1,83,right,14,RING_FINGER_PIP,0.50023127,0.6348,-0.02367144,0.016084598,0.024669293,-0.0033103377,0.966156005859375
1,83,right,15,RING_FINGER_DIP,0.51215965,0.64133245,-0.02148268,0.030158482,0.03949411,0.01070473,0.966156005859375
1,83,right,16,RING_FINGER_TIP,0.5204412,0.6452482,-0.019369716,0.042905834,0.04997997,0.026892684,0.966156005859375
1,83,right,17,PINKY_MCP,0.46723732,0.62798417,-0.021257319,-0.023268167,0.013106706,-0.0029088445,0.966156005859375
1,83,right,18,PINKY_PIP,0.4893382,0.6367957,-0.022667453,-0.001968308,0.02596772,0.0001412481,0.966156005859375
1,83,right,19,PINKY_DIP,0.4996109,0.64129716,-0.019262865,0.014419888,0.037405916,0.008748516,0.966156005859375
1,83,right,20,PINKY_TIP,0.5066256,0.6441819,-0.016298836,0.024629682,0.043528922,0.018696994,0.966156005859375
2,167,left,0,WRIST,0.57221323,0.6117598,6.5462736e-08,0.043210104,-0.023769414,0.08211048,0.9901782274246216
2,167,left,1,THUMB_CMC,0.553654,0.6138576,-0.00019798064,0.011689274,-0.021070845,0.06783834,0.9901782274246216
2,167,left,2,THUMB_MCP,0.5359132,0.6190853,-0.0029930025,-0.014165532,-0.00789527,0.04762172,0.9901782274246216
2,167,left,3,THUMB_IP,0.5246701,0.62565076,-0.005811393,-0.027072478,0.009745253,0.018488578,0.9901782274246216
2,167,left,4,THUMB_TIP,0.5187845,0.63149047,-0.009562459,-0.039203927,0.027804146,-0.002761811,0.9901782274246216
2,167,left,5,INDEX_FINGER_MCP,0.5373136,0.6168377,-0.012160552,-0.01814384,-0.010525967,0.002836898,0.9901782274246216
2,167,left,6,INDEX_FINGER_PIP,0.5236276,0.62704617,-0.01889975,-0.036037665,0.012265377,-0.0024211705,0.9901782274246216
2,167,left,7,INDEX_FINGER_DIP,0.51693565,0.63404214,-0.022342736,-0.04375096,0.031190539,0.013590574,0.9901782274246216
2,167,left,8,INDEX_FINGER_TIP,0.5133246,0.6392215,-0.024137944,-0.046031024,0.049340166,0.03306322,0.9901782274246216
2,167,left,9,MIDDLE_FINGER_MCP,0.54877573,0.6199921,-0.015579504,-0.002707311,-0.0020882827,-0.001928471,0.9901782274246216
2,167,left,10,MIDDLE_FINGER_PIP,0.53360045,0.63077074,-0.021550262,-0.02539163,0.026389714,-0.0038476065,0.9901782274246216
2,167,left,11,MIDDLE_FINGER_DIP,0.5262063,0.6377414,-0.023901073,-0.032940328,0.046133265,0.013900712,0.9901782274246216
2,167,left,12,MIDDLE_FINGER_TIP,0.5211105,0.64296764,-0.025688834,-0.03979849,0.0626989,0.036886662,0.9901782274246216
2,167,left,13,RING_FINGER_MCP,0.56091475,0.62373126,-0.018414797,0.012848661,0.009455356,-0.003816925,0.9901782274246216
2,167,left,14,RING_FINGER_PIP,0.5450053,0.63373494,-0.023590932,-0.0053509604,0.031065304,-0.00056894124,0.9901782274246216
2,167,left,15,RING_FINGER_DIP,0.5371721,0.63996315,-0.02403598,-0.01532547,0.046666045,0.014192127,0.9901782274246216
2,167,left,16,RING_FINGER_TIP,0.5317687,0.64459264,-0.024336863,-0.023498971,0.060024597,0.039610855,0.9901782274246216
2,167,left,17,PINKY_MCP,0.5731876,0.6281445,-0.020920599,0.030822687,0.01886642,0.008506976,0.9901782274246216
2,167,left,18,PINKY_PIP,0.55920696,0.6355136,-0.025663767,0.014419519,0.033038124,0.0060344487,0.9901782274246216
2,167,left,19,PINKY_DIP,0.5506125,0.64037156,-0.026039861,0.002273595,0.05023416,0.015297316,0.9901782274246216
2,167,left,20,PINKY_TIP,0.5441041,0.64465773,-0.025992453,-0.004415475,0.06252111,0.030614674,0.9901782274246216
2,167,right,0,WRIST,0.4448174,0.61690074,2.6390174e-07,-0.06761518,-0.007826975,0.06780788,0.9600626826286316
2,167,right,1,THUMB_CMC,0.46681303,0.6161819,-0.003915049,-0.03166761,-0.0063206838,0.057685345,0.9600626826286316
2,167,right,2,THUMB_MCP,0.48831263,0.6192717,-0.010529748,-0.004582383,0.0035696516,0.048373505,0.9600626826286316
2,167,right,3,THUMB_IP,0.5046242,0.6261781,-0.01687402,0.02091847,0.014981623,0.024914838,0.9600626826286316
2,167,right,4,THUMB_TIP,0.5151574,0.63253534,-0.023176204,0.034936946,0.026988236,0.0021730363,0.9600626826286316
2,167,right,5,INDEX_FINGER_MCP,0.4943207,0.6126474,-0.015817946,0.015047962,-0.01460468,0.01040335,0.9600626826286316
2,167,right,6,INDEX_FINGER_PIP,0.51585656,0.6254138,-0.026519764,0.035428446,0.011514784,0.010569766,0.9600626826286316
2,167,right,7,INDEX_FINGER_DIP,0.5271631,0.6342636,-0.032824554,0.052008033,0.0301692,0.018949106,0.9600626826286316
2,167,right,8,INDEX_FINGER_TIP,0.53458947,0.6407196,-0.035955455,0.0614485,0.047506455,0.028538205,0.9600626826286316
2,167,right,9,MIDDLE_FINGER_MCP,0.48510277,0.61522543,-0.018704908,0.0038074632,-0.005877253,-0.00042482466,0.9600626826286316
2,167,right,10,MIDDLE_FINGER_PIP,0.5107039,0.6294804,-0.027497385,0.03247339,0.020580163,-0.0008742511,0.9600626826286316
2,167,right,11,MIDDLE_FINGER_DIP,0.52345717,0.6378333,-0.030084474,0.049938347,0.037776235,0.009806365,0.9600626826286316
2,167,right,12,MIDDLE_FINGER_TIP,0.532399,0.64364,-0.031515166,0.06591841,0.051820993,0.025827765,0.9600626826286316
2,167,right,13,RING_FINGER_MCP,0.47614396,0.61987,-0.021736372,-0.00916018,0.008101847,-0.0076506436,0.9600626826286316
2,167,right,14,RING_FINGER_PIP,0.5004975,0.6332342,-0.027790375,0.017130306,0.026251484,-0.004357904,0.9600626826286316
2,167,right,15,RING_FINGER_DIP,0.5136197,0.6395716,-0.02703387,0.034374114,0.043591812,0.0038272925,0.9600626826286316
2,167,right,16,RING_FINGER_TIP,0.5223891,0.6438313,-0.026187863,0.04788828,0.054062497,0.017015114,0.9600626826286316
2,167,right,17,PINKY_MCP,0.46801093,0.62578344,-0.025244268,-0.025898168,0.016953254,-0.0038263015,0.9600626826286316
2,167,right,18,PINKY_PIP,0.4880294,0.6348193,-0.027897615,-0.0051722904,0.030148681,-0.0016103014,0.9600626826286316
2,167,right,19,PINKY_DIP,0.49986804,0.63888377,-0.026272336,0.013157668,0.039691236,0.0051331967,0.9600626826286316
2,167,right,20,PINKY_TIP,0.5085321,0.6418181,-0.024890354,0.025648862,0.049324453,0.009412438,0.9600626826286316
3,250,left,0,WRIST,0.57211775,0.61185664,6.6311244e-08,0.044057198,-0.022837967,0.08451326,0.9870795011520386
3,250,left,1,THUMB_CMC,0.55387723,0.6138217,-0.0004020397,0.01126178,-0.020514075,0.06907497,0.9870795011520386
3,250,left,2,THUMB_MCP,0.5361498,0.61899906,-0.0030712762,-0.013212033,-0.008470399,0.049619466,0.9870795011520386
3,250,left,3,THUMB_IP,0.5246037,0.625394,-0.005751356,-0.026155852,0.0099826595,0.019101739,0.9870795011520386
3,250,left,4,THUMB_TIP,0.5176223,0.6308664,-0.0093652485,-0.04141571,0.02612872,-0.0013252944,0.9870795011520386
3,250,left,5,INDEX_FINGER_MCP,0.5377162,0.61681855,-0.012220793,-0.01799139,-0.01079296,0.0026578605,0.9870795011520386
3,250,left,6,INDEX_FINGER_PIP,0.52451265,0.6267211,-0.01908147,-0.036581248,0.011350477,-0.0034816563,0.9870795011520386
3,250,left,7,INDEX_FINGER_DIP,0.5176988,0.6338254,-0.022682939,-0.04402078,0.031838875,0.011872426,0.9870795011520386
3,250,left,8,INDEX_FINGER_TIP,0.5138054,0.63923043,-0.02469667,-0.045008652,0.048871245,0.03203549,0.9870795011520386
3,250,left,9,MIDDLE_FINGER_MCP,0.5486944,0.6198899,-0.015649542,-0.0030393745,-0.0016039244,-0.0023110434,0.9870795011520386
3,250,left,10,MIDDLE_FINGER_PIP,0.5342221,0.63025945,-0.021906722,-0.025495239,0.025802225,-0.0039876625,0.9870795011520386
3,250,left,11,MIDDLE_FINGER_DIP,0.52640355,0.6376592,-0.024773883,-0.033050667,0.04735121,0.01122275,0.9870795011520386
3,250,left,12,MIDDLE_FINGER_TIP,0.5208392,0.6434099,-0.02700426,-0.040236965,0.065533854,0.03523989,0.9870795011520386
3,250,left,13,RING_FINGER_MCP,0.56064034,0.623583,-0.018510725,0.012596969,0.009494871,-0.0038591176,0.9870795011520386
3,250,left,14,RING_FINGER_PIP,0.5454341,0.6334037,-0.024141597,-0.0052316803,0.032209203,-0.0010137483,0.9870795011520386
3,250,left,15,RING_FINGER_DIP,0.5372974,0.63993376,-0.025285054,-0.015484193,0.046879068,0.012859017,0.9870795011520386
3,250,left,16,RING_FINGER_TIP,0.5315022,0.64488554,-0.026041985,-0.023562666,0.062241536,0.038442798,0.9870795011520386
3,250,left,17,PINKY_MCP,0.5730107,0.6279703,-0.021031817,0.030351918,0.018889569,0.008598149,0.9870795011520386
3,250,left,18,PINKY_PIP,0.55959123,0.63511336,-0.026506713,0.014742393,0.032887097,0.006728977,0.9870795011520386
3,250,left,19,PINKY_DIP,0.5506823,0.64024657,-0.027718358,0.0020644572,0.05098509,0.01542373,0.9870795011520386
3,250,left,20,PINKY_TIP,0.5435598,0.6447879,-0.028222606,-0.0059083775,0.06360075,0.030170888,0.9870795011520386
3,250,right,0,WRIST,0.44715264,0.6177225,2.6753358e-07,-0.064531796,-0.0013492308,0.069013774,0.9787126779556274
3,250,right,1,THUMB_CMC,0.4688842,0.617458,-0.003109649,-0.029132502,-0.00071636576,0.05853103,0.9787126779556274
3,250,right,2,THUMB_MCP,0.49071327,0.6203168,-0.009499076,-0.002351464,0.007498433,0.048805013,0.9787126779556274
3,250,right,3,THUMB_IP,0.50658846,0.6264843,-0.015796734,0.022112397,0.017006185,0.025069669,0.9787126779556274
3,250,right,4,THUMB_TIP,0.5164849,0.6319992,-0.022230566,0.034758806,0.0272519,0.0015784949,0.9787126779556274
3,250,right,5,INDEX_FINGER_MCP,0.4964185,0.6122694,-0.015979197,0.014430283,-0.013425266,0.010687359,0.9787126779556274
3,250,right,6,INDEX_FINGER_PIP,0.51642334,0.62505484,-0.027364204,0.033839572,0.012777811,0.010312229,0.9787126779556274
3,250,right,7,INDEX_FINGER_DIP,0.5268637,0.6342329,-0.034537416,0.049077522,0.031482533,0.017432086,0.9787126779556274
3,250,right,8,INDEX_FINGER_TIP,0.5336845,0.6409264,-0.03848067,0.057429485,0.048866674,0.024741195,0.9787126779556274
3,250,right,9,MIDDLE_FINGER_MCP,0.48689562,0.61428106,-0.019803004,0.0033046997,-0.0057165227,0.0010810196,0.9787126779556274
3,250,right,10,MIDDLE_FINGER_PIP,0.51160985,0.62846106,-0.029465772,0.03153519,0.018763484,-0.0018846616,0.9787126779556274
3,250,right,11,MIDDLE_FINGER_DIP,0.5239858,0.63736594,-0.03301423,0.04798198,0.03626027,0.007617414,0.9787126779556274
3,250,right,12,MIDDLE_FINGER_TIP,0.5324116,0.6435517,-0.0352325,0.06365462,0.052497342,0.023852035,0.9787126779556274
3,250,right,13,RING_FINGER_MCP,0.47697753,0.6184286,-0.02367268,-0.009069349,0.007831545,-0.007928766,0.9787126779556274
3,250,right,14,RING_FINGER_PIP,0.5009799,0.63193417,-0.030851943,0.016061042,0.025160186,-0.0059266686,0.9787126779556274
3,250,right,15,RING_FINGER_DIP,0.51360154,0.6392223,-0.030958546,0.032575443,0.044717,0.0013642162,0.9787126779556274
3,250,right,16,RING_FINGER_TIP,0.5223769,0.6443105,-0.03075528,0.04614496,0.057949454,0.01487425,0.9787126779556274
3,250,right,17,PINKY_MCP,0.46735436,0.62413424,-0.0278664,-0.027145967,0.015324971,-0.0060140193,0.9787126779556274
3,250,right,18,PINKY_PIP,0.48619804,0.63347703,-0.03140415,-0.0069856723,0.029205663,-0.0045146868,0.9787126779556274
3,250,right,19,PINKY_DIP,0.4969975,0.6376686,-0.030262817,0.009196769,0.0388623,0.0005455911,0.9787126779556274
3,250,right,20,PINKY_TIP,0.5050748,0.6406206,-0.029365433,0.02111483,0.046902604,0.0071662664,0.9787126779556274
4,333,left,0,WRIST,0.57186943,0.6118814,7.2942186e-08,0.045078814,-0.021548396,0.08786154,0.9925682544708252
4,333,left,1,THUMB_CMC,0.5537954,0.6133629,-0.0010716801,0.009567969,-0.019690357,0.06917834,0.9925682544708252
4,333,left,2,THUMB_MCP,0.5357287,0.6186603,-0.0045470465,-0.012222091,-0.00942217,0.05033437,0.9925682544708252
4,333,left,3,THUMB_IP,0.5242281,0.6254239,-0.0076900073,-0.023636311,0.009610907,0.018405944,0.9925682544708252
4,333,left,4,THUMB_TIP,0.5180741,0.6311658,-0.011887202,-0.038188763,0.025554517,-0.0033189207,0.9925682544708252
4,333,left,5,INDEX_FINGER_MCP,0.53733784,0.61609274,-0.015030955,-0.017167652,-0.011559845,0.0017306358,0.9925682544708252
4,333,left,6,INDEX_FINGER_PIP,0.5238908,0.6264952,-0.0221824,-0.035810042,0.012125997,-0.005680695,0.9925682544708252
4,333,left,7,INDEX_FINGER_DIP,0.51700115,0.6338613,-0.025713338,-0.043188825,0.030955834,0.009815797,0.9925682544708252
4,333,left,8,INDEX_FINGER_TIP,0.51322263,0.63945806,-0.027608508,-0.0418785,0.046533152,0.033059247,0.9925682544708252
4,333,left,9,MIDDLE_FINGER_MCP,0.5489407,0.61917305,-0.018128844,-0.0029377106,-0.0014081486,-0.0026026666,0.9925682544708252
4,333,left,10,MIDDLE_FINGER_PIP,0.5341282,0.63026553,-0.024621082,-0.024556546,0.025446484,-0.004110329,0.9925682544708252
4,333,left,11,MIDDLE_FINGER_DIP,0.52635145,0.6379607,-0.027152028,-0.030989915,0.04718159,0.010602422,0.9925682544708252
4,333,left,12,MIDDLE_FINGER_TIP,0.52121276,0.6437283,-0.029089274,-0.03631617,0.06394004,0.03708637,0.9925682544708252
4,333,left,13,RING_FINGER_MCP,0.5611475,0.62302655,-0.020517187,0.012228388,0.00943172,-0.0031311363,0.9925682544708252
4,333,left,14,RING_FINGER_PIP,0.54529685,0.6335343,-0.02614528,-0.0039596083,0.032955434,-0.0001071319,0.9925682544708252
4,333,left,15,RING_FINGER_DIP,0.5370131,0.6403284,-0.026890434,-0.0148427375,0.047176536,0.014938835,0.9925682544708252
4,333,left,16,RING_FINGER_TIP,0.531412,0.64527756,-0.02735049,-0.022221046,0.061982106,0.042099208,0.9925682544708252
4,333,left,17,PINKY_MCP,0.5733395,0.62759346,-0.022531701,0.029070651,0.019024782,0.009754416,0.9925682544708252
4,333,left,18,PINKY_PIP,0.5594618,0.6352179,-0.02791899,0.013971547,0.03127833,0.0072021335,0.9925682544708252
4,333,left,19,PINKY_DIP,0.55012125,0.6403741,-0.028786875,0.0013945121,0.04972998,0.01850073,0.9925682544708252
4,333,left,20,PINKY_TIP,0.5426585,0.64476,-0.02900839,-0.008047152,0.06144807,0.03286946,0.9925682544708252
4,333,right,0,WRIST,0.44913495,0.61732405,2.7684106e-07,-0.061714843,-0.00076399,0.07226649,0.9692660570144653
4,333,right,1,THUMB_CMC,0.46947128,0.61645085,-0.005127129,-0.025659258,-0.0016183241,0.05858445,0.9692660570144653
4,333,right,2,THUMB_MCP,0.49133947,0.61930364,-0.0123614445,-0.0005758639,0.0066195517,0.049042374,0.9692660570144653
4,333,right,3,THUMB_IP,0.507273,0.6258294,-0.018984362,0.023723919,0.015436022,0.023248538,0.9692660570144653
4,333,right,4,THUMB_TIP,0.51700383,0.6311296,-0.025659394,0.035450663,0.023453493,-0.00033192337,0.9692660570144653
4,333,right,5,INDEX_FINGER_MCP,0.49597824,0.6124098,-0.019388247,0.013626956,-0.013723889,0.009773232,0.9692660570144653
4,333,right,6,INDEX_FINGER_PIP,0.5167746,0.62506783,-0.031279214,0.03370004,0.010105615,0.009492621,0.9692660570144653
4,333,right,7,INDEX_FINGER_DIP,0.5273787,0.63444847,-0.03841377,0.050255496,0.03015833,0.01750651,0.9692660570144653
4,333,right,8,INDEX_FINGER_TIP,0.5345306,0.64140797,-0.042221174,0.057611935,0.047829255,0.027057216,0.9692660570144653
4,333,right,9,MIDDLE_FINGER_MCP,0.48566878,0.6147465,-0.022051793,0.0027039254,-0.0059183165,0.0014544018,0.9692660570144653
4,333,right,10,MIDDLE_FINGER_PIP,0.51046866,0.6292147,-0.03239426,0.031455703,0.016825829,-0.0022077858,0.9692660570144653
4,333,right,11,MIDDLE_FINGER_DIP,0.5231546,0.6380367,-0.035535343,0.04657443,0.03554087,0.0065926462,0.9692660570144653
4,333,right,12,MIDDLE_FINGER_TIP,0.5319817,0.64445055,-0.037431,0.06273846,0.052853618,0.02545306,0.9692660570144653
4,333,right,13,RING_FINGER_MCP,0.4758784,0.61901885,-0.024845827,-0.008169704,0.009257881,-0.007219471,0.9692660570144653
4,333,right,14,RING_FINGER_PIP,0.49976534,0.6329683,-0.032411966,0.015333412,0.025660042,-0.004494138,0.9692660570144653
4,333,right,15,RING_FINGER_DIP,0.513219,0.6398206,-0.032304965,0.032141957,0.043425065,0.0031357557,0.9692660570144653
4,333,right,16,RING_FINGER_TIP,0.52235913,0.6448004,-0.03180593,0.04566665,0.05538231,0.01510657,0.9692660570144653
4,333,right,17,PINKY_MCP,0.4673488,0.62473065,-0.028132884,-0.026309934,0.017221825,-0.0036899075,0.9692660570144653
4,333,right,18,PINKY_PIP,0.48767856,0.6346293,-0.031873655,-0.0058748242,0.028931793,-0.00217551,0.9692660570144653
4,333,right,19,PINKY_DIP,0.50005996,0.6389851,-0.030915493,0.012930409,0.03995346,0.002957061,0.9692660570144653
4,333,right,20,PINKY_TIP,0.50914764,0.64226866,-0.030084046,0.02486385,0.04735351,0.0099352,0.9692660570144653
5,417,left,0,WRIST,0.5719079,0.6108931,5.4971043e-08,0.04224268,-0.015610443,0.08900663,0.9944234490394592
5,417,left,1,THUMB_CMC,0.5537583,0.6122603,-0.0007415606,0.008875239,-0.015890706,0.07054964,0.9944234490394592
5,417,left,2,THUMB_MCP,0.53649414,0.6172442,-0.0046760053,-0.013362091,-0.006695726,0.048357405,0.9944234490394592
5,417,left,3,THUMB_IP,0.5264417,0.6240364,-0.008158172,-0.020564336,0.011068112,0.01602976,0.9944234490394592
5,417,left,4,THUMB_TIP,0.52197057,0.6298048,-0.012899537,-0.033584807,0.026115686,-0.008853868,0.9944234490394592
5,417,left,5,INDEX_FINGER_MCP,0.537521,0.6139134,-0.016532034,-0.016280945,-0.011365837,0.00014597178,0.9944234490394592
5,417,left,6,INDEX_FINGER_PIP,0.52477336,0.6250246,-0.023569642,-0.033317335,0.012226699,-0.007814825,0.9944234490394592
5,417,left,7,INDEX_FINGER_DIP,0.5185356,0.63259095,-0.026974322,-0.04147794,0.030278245,0.009580746,0.9944234490394592
5,417,left,8,INDEX_FINGER_TIP,0.5148908,0.6382427,-0.028801393,-0.039097816,0.04648091,0.03318842,0.9944234490394592
5,417,left,9,MIDDLE_FINGER_MCP,0.5502393,0.6169601,-0.019826505,-0.0024237868,-0.0011462983,-0.0021904558,0.9944234490394592
5,417,left,10,MIDDLE_FINGER_PIP,0.5359132,0.6288458,-0.025864623,-0.02442363,0.025265928,-0.0045136474,0.9944234490394592
5,417,left,11,MIDDLE_FINGER_DIP,0.52844745,0.6368463,-0.028034419,-0.029453883,0.04753436,0.01071813,0.9944234490394592
5,417,left,12,MIDDLE_FINGER_TIP,0.5232402,0.6427068,-0.029914025,-0.035577267,0.06555145,0.037406385,0.9944234490394592
5,417,left,13,RING_FINGER_MCP,0.56307846,0.62072146,-0.022202538,0.011156751,0.008826313,-0.002257064,0.9944234490394592
5,417,left,14,RING_FINGER_PIP,0.54771274,0.6316282,-0.02734468,-0.004968321,0.030639362,0.0011288673,0.9944234490394592
5,417,left,15,RING_FINGER_DIP,0.5394655,0.63846403,-0.02758811,-0.015102411,0.045594472,0.016259275,0.9944234490394592
5,417,left,16,RING_FINGER_TIP,0.5335198,0.6432779,-0.027900415,-0.022968836,0.06066624,0.044883586,0.9944234490394592
5,417,left,17,PINKY_MCP,0.5754977,0.62512475,-0.024129765,0.026922988,0.018294627,0.011493642,0.9944234490394592
5,417,left,18,PINKY_PIP,0.56233597,0.6331977,-0.02908171,0.014797338,0.030092128,0.008300453,0.9944234490394592
5,417,left,19,PINKY_DIP,0.55331105,0.63823634,-0.02923465,0.0024468359,0.04690817,0.019754797,0.9944234490394592
5,417,left,20,PINKY_TIP,0.54577625,0.64241403,-0.029075641,-0.006517686,0.05877328,0.034606203,0.9944234490394592
5,417,right,0,WRIST,0.45053622,0.617343,2.7278563e-07,-0.058605004,0.00086618913,0.07308121,0.968020498752594
5,417,right,1,THUMB_CMC,0.47037557,0.6163042,-0.0054362356,-0.024005312,-0.00064236997,0.058035165,0.968020498752594
5,417,right,2,THUMB_MCP,0.4923173,0.61923236,-0.01244322,0.0019234106,0.006513876,0.049508184,0.968020498752594
5,417,right,3,THUMB_IP,0.5082501,0.6258494,-0.01869474,0.025150845,0.016059905,0.024227977,0.968020498752594
5,417,right,4,THUMB_TIP,0.51812816,0.6309138,-0.024932371,0.03803409,0.023860365,0.00018715858,0.968020498752594
5,417,right,5,INDEX_FINGER_MCP,0.49654713,0.61225086,-0.019088654,0.01458261,-0.0148799475,0.008770853,0.968020498752594
5,417,right,6,INDEX_FINGER_PIP,0.51658285,0.62441003,-0.030555349,0.033547685,0.010141471,0.0072369277,0.968020498752594
5,417,right,7,INDEX_FINGER_DIP,0.526688,0.6336486,-0.037556477,0.049538758,0.02922701,0.01626388,0.968020498752594
5,417,right,8,INDEX_FINGER_TIP,0.5335863,0.64073384,-0.041343164,0.056700557,0.0466562,0.025511794,0.968020498752594
5,417,right,9,MIDDLE_FINGER_MCP,0.4858108,0.61472374,-0.02142851,0.002327229,-0.0058069406,0.00094171613,0.968020498752594
5,417,right,10,MIDDLE_FINGER_PIP,0.5094182,0.62889135,-0.031361062,0.029763414,0.016003316,-0.001843892,0.968020498752594
5,417,right,11,MIDDLE_FINGER_DIP,0.52180296,0.637599,-0.03455789,0.04643198,0.035631727,0.007041037,0.968020498752594
5,417,right,12,MIDDLE_FINGER_TIP,0.5304294,0.64411366,-0.03656822,0.062197983,0.053073063,0.026422083,0.968020498752594
5,417,right,13,RING_FINGER_MCP,0.47566533,0.61901397,-0.02391605,-0.008880861,0.008364628,-0.0066721886,0.968020498752594
5,417,right,14,RING_FINGER_PIP,0.4980224,0.6326658,-0.031152396,0.014473559,0.02539512,-0.0038476586,0.968020498752594
5,417,right,15,RING_FINGER_DIP,0.5107696,0.63906235,-0.031020096,0.029423252,0.0430608,0.0046391636,0.968020498752594
5,417,right,16,RING_FINGER_TIP,0.5195063,0.6436664,-0.030571247,0.042398784,0.053611804,0.017151766,0.968020498752594
5,417,right,17,PINKY_MCP,0.46696284,0.6246087,-0.02692659,-0.027354639,0.016354073,-0.0022530109,0.968020498752594
5,417,right,18,PINKY_PIP,0.48623696,0.6340649,-0.030501166,-0.0064586885,0.028304389,-0.0011101812,0.968020498752594
5,417,right,19,PINKY_DIP,0.4981031,0.63807166,-0.029478421,0.012657331,0.038250245,0.005357608,0.968020498752594
5,417,right,20,PINKY_TIP,0.50687957,0.6410866,-0.02862404,0.023529064,0.045280457,0.013679445,0.968020498752594
6,500,left,0,WRIST,0.5722794,0.6096838,4.8813792e-08,0.037806235,-0.014820848,0.09284651,0.9970421195030212
6,500,left,1,THUMB_CMC,0.55322593,0.60999876,-0.001119277,0.005059521,-0.015355915,0.07169622,0.9970421195030212
6,500,left,2,THUMB_MCP,0.53607476,0.6150497,-0.005640211,-0.01718932,-0.008515628,0.050046936,0.9970421195030212
6,500,left,3,THUMB_IP,0.52626896,0.62293875,-0.009403105,-0.022278035,0.0124533735,0.013909958,0.9970421195030212
6,500,left,4,THUMB_TIP,0.5221455,0.62882334,-0.014471932,-0.03285205,0.025487037,-0.011789754,0.9970421195030212
6,500,left,5,INDEX_FINGER_MCP,0.539337,0.6112337,-0.01847028,-0.016215336,-0.012379052,-0.002201371,0.9970421195030212
6,500,left,6,INDEX_FINGER_PIP,0.5263801,0.62332374,-0.025238398,-0.033722717,0.011644205,-0.0106821805,0.9970421195030212
6,500,left,7,INDEX_FINGER_DIP,0.520173,0.63113266,-0.028150912,-0.04075396,0.030140685,0.0076057464,0.9970421195030212
6,500,left,8,INDEX_FINGER_TIP,0.51655847,0.636521,-0.029665451,-0.038647693,0.04432691,0.030782733,0.9970421195030212
6,500,left,9,MIDDLE_FINGER_MCP,0.5532762,0.61474466,-0.021418532,-0.0026470777,-0.0017504555,-0.0034918636,0.9970421195030212
6,500,left,10,MIDDLE_FINGER_PIP,0.5385424,0.62798446,-0.02743017,-0.023697846,0.026349247,-0.0056651793,0.9970421195030212
6,500,left,11,MIDDLE_FINGER_DIP,0.53100085,0.6365822,-0.0294095,-0.027667902,0.05002512,0.011307329,0.9970421195030212
6,500,left,12,MIDDLE_FINGER_TIP,0.5263632,0.6422747,-0.031115822,-0.03282599,0.06585074,0.03628844,0.9970421195030212
6,500,left,13,RING_FINGER_MCP,0.5662147,0.61889386,-0.023286294,0.01209968,0.008464509,-0.00092716515,0.9970421195030212
6,500,left,14,RING_FINGER_PIP,0.5504502,0.63095605,-0.028288791,-0.004700293,0.03332822,0.0028678924,0.9970421195030212
6,500,left,15,RING_FINGER_DIP,0.54155844,0.63820976,-0.02859804,-0.015509145,0.04921384,0.01791142,0.9970421195030212
6,500,left,16,RING_FINGER_TIP,0.5354227,0.6428972,-0.0289558,-0.024855366,0.06257572,0.04776627,0.9970421195030212
6,500,left,17,PINKY_MCP,0.5776446,0.6233347,-0.024610355,0.02670393,0.019159686,0.014921159,0.9970421195030212
6,500,left,18,PINKY_PIP,0.56420517,0.6317084,-0.029362522,0.013661568,0.029926151,0.013438728,0.9970421195030212
6,500,left,19,PINKY_DIP,0.5548191,0.63676137,-0.029459652,-0.00016475655,0.047190093,0.024607167,0.9970421195030212
6,500,left,20,PINKY_TIP,0.54697484,0.6407898,-0.029272215,-0.01120249,0.05643586,0.03829491,0.9970421195030212
6,500,right,0,WRIST,0.4521364,0.61716413,2.728577e-07,-0.05607509,0.00031286478,0.07540041,0.9717254042625427
6,500,right,1,THUMB_CMC,0.47171736,0.61611557,-0.0053329053,-0.022437073,-0.0018950372,0.05848764,0.9717254042625427
6,500,right,2,THUMB_MCP,0.49336523,0.6190378,-0.012351699,0.0035305144,0.0056056837,0.049794763,0.9717254042625427
6,500,right,3,THUMB_IP,0.50841254,0.6259011,-0.018707031,0.024925943,0.015685081,0.023364805,0.9717254042625427
6,500,right,4,THUMB_TIP,0.517218,0.6317049,-0.025124434,0.03649626,0.026098102,-0.0006352365,0.9717254042625427
6,500,right,5,INDEX_FINGER_MCP,0.49757943,0.6123999,-0.01928067,0.01473643,-0.015623392,0.0077760518,0.9717254042625427
6,500,right,6,INDEX_FINGER_PIP,0.51687896,0.6243058,-0.030889973,0.033466525,0.010129691,0.0066752136,0.9717254042625427
6,500,right,7,INDEX_FINGER_DIP,0.5266288,0.63360983,-0.038077142,0.04924132,0.029054366,0.016342439,0.9717254042625427
6,500,right,8,INDEX_FINGER_TIP,0.53344846,0.64074624,-0.042040557,0.0561451,0.047013093,0.0265081,0.9717254042625427
6,500,right,9,MIDDLE_FINGER_MCP,0.48647606,0.61486834,-0.021852734,0.00256543,-0.005884436,0.0009482242,0.9717254042625427
6,500,right,10,MIDDLE_FINGER_PIP,0.509651,0.6284851,-0.031821642,0.030044377,0.015429197,-0.0025836378,0.9717254042625427
6,500,right,11,MIDDLE_FINGER_DIP,0.52183187,0.63711447,-0.035123687,0.046163946,0.0354196,0.006352827,0.9717254042625427
6,500,right,12,MIDDLE_FINGER_TIP,0.53058606,0.6435691,-0.037227985,0.06260837,0.051731605,0.025998592,0.9717254042625427
6,500,right,13,RING_FINGER_MCP,0.47592118,0.61914414,-0.024532225,-0.0094819795,0.0085269315,-0.0057357103,0.9717254042625427
6,500,right,14,RING_FINGER_PIP,0.49741912,0.6321704,-0.031910975,0.01418069,0.026122885,-0.004123777,0.9717254042625427
6,500,right,15,RING_FINGER_DIP,0.5094627,0.6384101,-0.03175499,0.028388852,0.042363726,0.0053177923,0.9717254042625427
6,500,right,16,RING_FINGER_TIP,0.51801395,0.6429332,-0.031278443,0.040988784,0.052596506,0.019173026,0.9717254042625427
6,500,right,17,PINKY_MCP,0.46670362,0.62474626,-0.027728641,-0.028203106,0.016750501,-0.00076280534,0.9717254042625427
6,500,right,18,PINKY_PIP,0.48524758,0.6338736,-0.031410072,-0.007547143,0.028549224,7.43866e-05,0.9717254042625427
6,500,right,19,PINKY_DIP,0.49637535,0.63772583,-0.030254409,0.010896809,0.038583588,0.0066554993,0.9717254042625427
6,500,right,20,PINKY_TIP,0.50475526,0.640612,-0.029320326,0.022048805,0.044613045,0.016444117,0.9717254042625427
7,583,left,0,WRIST,0.5750955,0.6086549,4.027147e-08,0.040243357,-0.014413263,0.09104185,0.9991204142570496
7,583,left,1,THUMB_CMC,0.55674785,0.60869473,-0.00052781013,0.007927151,-0.015978673,0.072681904,0.9991204142570496
7,583,left,2,THUMB_MCP,0.5399957,0.613686,-0.0051012402,-0.014203418,-0.008431131,0.052297704,0.9991204142570496
7,583,left,3,THUMB_IP,0.5308242,0.6215691,-0.00901478,-0.020165661,0.009499099,0.018776905,0.9991204142570496
7,583,left,4,THUMB_TIP,0.52734685,0.62822556,-0.014207254,-0.028591689,0.025811575,-0.0098412335,0.9991204142570496
7,583,left,5,INDEX_FINGER_MCP,0.54231364,0.60980344,-0.01920211,-0.016012717,-0.012467185,0.00049594045,0.9991204142570496
7,583,left,6,INDEX_FINGER_PIP,0.52856183,0.6219401,-0.02623648,-0.033270955,0.009979579,-0.0062178075,0.9991204142570496
7,583,left,7,INDEX_FINGER_DIP,0.52233756,0.6298854,-0.02905723,-0.042098187,0.029274989,0.012881085,0.9991204142570496
7,583,left,8,INDEX_FINGER_TIP,0.51910037,0.6353546,-0.030388294,-0.041249488,0.046192467,0.03730245,0.9991204142570496
7,583,left,9,MIDDLE_FINGER_MCP,0.55584115,0.6136971,-0.02240267,-0.002931912,-0.0015725039,-0.0023095012,0.9991204142570496
7,583,left,10,MIDDLE_FINGER_PIP,0.54008055,0.6269952,-0.028723158,-0.023445316,0.023871604,-0.0040033013,0.9991204142570496
7,583,left,11,MIDDLE_FINGER_DIP,0.5320853,0.63557935,-0.030412808,-0.030955166,0.048523486,0.013806306,0.9991204142570496
7,583,left,12,MIDDLE_FINGER_TIP,0.52761537,0.641512,-0.03189704,-0.035811037,0.067623675,0.03901118,0.9991204142570496
7,583,left,13,RING_FINGER_MCP,0.5681983,0.618322,-0.02446367,0.011322941,0.009453984,-0.002341628,0.9991204142570496
7,583,left,14,RING_FINGER_PIP,0.551392,0.63063395,-0.029458718,-0.0059782267,0.033474226,0.0012769848,0.9991204142570496
7,583,left,15,RING_FINGER_DIP,0.54231673,0.63823223,-0.029647911,-0.017953642,0.052484408,0.017317515,0.9991204142570496
7,583,left,16,RING_FINGER_TIP,0.5365632,0.6434462,-0.029896038,-0.026070688,0.0684053,0.045590557,0.9991204142570496
7,583,left,17,PINKY_MCP,0.5785012,0.623084,-0.025928043,0.026625875,0.021287607,0.011512259,0.9991204142570496
7,583,left,18,PINKY_PIP,0.56321955,0.631752,-0.030628577,0.010175759,0.031416852,0.010794435,0.9991204142570496
7,583,left,19,PINKY_DIP,0.5539401,0.63689554,-0.03071575,-0.0051278155,0.051574275,0.02250427,0.9991204142570496
7,583,left,20,PINKY_TIP,0.54711986,0.6411686,-0.030451242,-0.012765247,0.061857134,0.036780298,0.9991204142570496
7,583,right,0,WRIST,0.45535496,0.6176791,2.9261648e-07,-0.047238562,0.001103733,0.0833758,0.9654463529586792
7,583,right,1,THUMB_CMC,0.4751748,0.61645806,-0.0069330283,-0.012934358,-0.0013810875,0.057631463,0.9654463529586792
7,583,right,2,THUMB_MCP,0.49809855,0.61883986,-0.014442809,0.009354877,0.005973489,0.047862723,0.9654463529586792
7,583,right,3,THUMB_IP,0.5153902,0.6239795,-0.02047074,0.031527452,0.010299838,0.018384464,0.9654463529586792
7,583,right,4,THUMB_TIP,0.5253248,0.627124,-0.02640335,0.041373976,0.013790049,-0.0025992095,0.9654463529586792
7,583,right,5,INDEX_FINGER_MCP,0.49769044,0.61232305,-0.022846045,0.0144559,-0.014679551,0.0029229894,0.9654463529586792
7,583,right,6,INDEX_FINGER_PIP,0.51876915,0.6250063,-0.033768497,0.032513283,0.008087826,0.002908364,0.9654463529586792
7,583,right,7,INDEX_FINGER_DIP,0.52896523,0.6346436,-0.039911695,0.04912215,0.026901133,0.012868427,0.9654463529586792
7,583,right,8,INDEX_FINGER_TIP,0.5353577,0.6420287,-0.042936325,0.05456348,0.043749154,0.028220877,0.9654463529586792
7,583,right,9,MIDDLE_FINGER_MCP,0.4848922,0.6160796,-0.023903681,0.0016407949,-0.0061380044,-2.251193e-05,0.9654463529586792
7,583,right,10,MIDDLE_FINGER_PIP,0.5097137,0.63112944,-0.032925628,0.026823523,0.014079981,-0.0038858503,0.9654463529586792
7,583,right,11,MIDDLE_FINGER_DIP,0.5220662,0.63947475,-0.03431787,0.04235439,0.034818385,0.006932035,0.9654463529586792
7,583,right,12,MIDDLE_FINGER_TIP,0.5301045,0.6454792,-0.035107628,0.057721876,0.049577806,0.031972244,0.9654463529586792
7,583,right,13,RING_FINGER_MCP,0.4736022,0.62138385,-0.024888959,-0.010251388,0.008299051,-0.002584584,0.9654463529586792
7,583,right,14,RING_FINGER_PIP,0.49698046,0.6349682,-0.030599447,0.0118473945,0.023352502,-0.0014688075,0.9654463529586792
7,583,right,15,RING_FINGER_DIP,0.51023054,0.6405159,-0.02808727,0.026517596,0.041117188,0.010936797,0.9654463529586792
7,583,right,16,RING_FINGER_TIP,0.51820296,0.6444971,-0.02615237,0.037029814,0.04963509,0.027494863,0.9654463529586792
7,583,right,17,PINKY_MCP,0.46489638,0.6275725,-0.026531473,-0.027818922,0.01682388,0.006040763,0.9654463529586792
7,583,right,18,PINKY_PIP,0.48517993,0.6365631,-0.028526781,-0.008495022,0.027057135,0.007904068,0.9654463529586792
7,583,right,19,PINKY_DIP,0.49713224,0.64026225,-0.0253525,0.009612398,0.036184914,0.015468165,0.9654463529586792
7,583,right,20,PINKY_TIP,0.50462955,0.64299226,-0.02294082,0.020273913,0.04265324,0.028703272,0.9654463529586792
8,667,left,0,WRIST,0.5771547,0.6088619,6.438162e-08,0.040917248,-0.01683658,0.0911051,0.9984391331672668
8,667,left,1,THUMB_CMC,0.5590041,0.60807914,-0.0029530297,0.009304668,-0.018819293,0.07105145,0.9984391331672668
8,667,left,2,THUMB_MCP,0.5419757,0.6131337,-0.008186193,-0.013424217,-0.012980259,0.050849378,0.9984391331672668
8,667,left,3,THUMB_IP,0.5319793,0.62128353,-0.012441471,-0.021750644,0.0076707546,0.017207764,0.9984391331672668
8,667,left,4,THUMB_TIP,0.527248,0.6280316,-0.01763314,-0.03113748,0.02398573,-0.012112439,0.9984391331672668
8,667,left,5,INDEX_FINGER_MCP,0.5455758,0.6100271,-0.020175993,-0.017258108,-0.0138551695,0.0008581057,0.9984391331672668
8,667,left,6,INDEX_FINGER_PIP,0.53080934,0.6220034,-0.028003702,-0.0330277,0.009431285,-0.005416587,0.9984391331672668
8,667,left,7,INDEX_FINGER_DIP,0.5234258,0.6301412,-0.03127672,-0.04325391,0.029229846,0.008574344,0.9984391331672668
8,667,left,8,INDEX_FINGER_TIP,0.51911503,0.63642156,-0.032890685,-0.042060174,0.045579255,0.034453772,0.9984391331672668
8,667,left,9,MIDDLE_FINGER_MCP,0.5581755,0.61450523,-0.022296656,-0.0033367565,-0.001058917,-0.002718296,0.9984391331672668
8,667,left,10,MIDDLE_FINGER_PIP,0.5418394,0.62670285,-0.02995634,-0.022795893,0.02300846,-0.0032754391,0.9984391331672668
8,667,left,11,MIDDLE_FINGER_DIP,0.53240293,0.63545686,-0.032544147,-0.030299503,0.04684387,0.012032583,0.9984391331672668
8,667,left,12,MIDDLE_FINGER_TIP,0.52633697,0.6420781,-0.034368996,-0.036419977,0.06630904,0.03725778,0.9984391331672668
8,667,left,13,RING_FINGER_MCP,0.5688976,0.6196706,-0.023597615,0.012137771,0.009738527,-0.0024656653,0.9984391331672668
8,667,left,14,RING_FINGER_PIP,0.5517228,0.63113827,-0.029670453,-0.0034420155,0.034681033,0.0009778291,0.9984391331672668
8,667,left,15,RING_FINGER_DIP,0.54153705,0.63879704,-0.030803079,-0.016088128,0.051837094,0.018035796,0.9984391331672668
8,667,left,16,RING_FINGER_TIP,0.5347036,0.6443647,-0.03134344,-0.0237768,0.06953514,0.04551616,0.9984391331672668
8,667,left,17,PINKY_MCP,0.5770399,0.6250167,-0.024575671,0.02793103,0.021393608,0.011715133,0.9984391331672668
8,667,left,18,PINKY_PIP,0.5609353,0.6335781,-0.030068437,0.010255499,0.032452956,0.011622582,0.9984391331672668
8,667,left,19,PINKY_DIP,0.54986227,0.63919663,-0.03138445,-0.00746572,0.05436558,0.02300793,0.9984391331672668
8,667,left,20,PINKY_TIP,0.54134786,0.6438368,-0.031811517,-0.017976917,0.065947436,0.035483226,0.9984391331672668
8,667,right,0,WRIST,0.4592192,0.61642164,2.8795836e-07,-0.04047826,0.0011995669,0.08121702,0.9851575493812561
8,667,right,1,THUMB_CMC,0.47874138,0.6158065,-0.006413797,-0.008528846,-0.00051802833,0.05906433,0.9851575493812561
8,667,right,2,THUMB_MCP,0.50162333,0.6184746,-0.013906177,0.012709706,0.006541567,0.04934652,0.9851575493812561
8,667,right,3,THUMB_IP,0.51879364,0.62294745,-0.02012469,0.031410016,0.00869909,0.019523509,0.9851575493812561
8,667,right,4,THUMB_TIP,0.5300784,0.6240329,-0.026418805,0.042465977,0.0059110257,-0.001085572,0.9851575493812561
8,667,right,5,INDEX_FINGER_MCP,0.5013462,0.6118526,-0.024316728,0.013387224,-0.012240351,0.003215693,0.9851575493812561
8,667,right,6,INDEX_FINGER_PIP,0.5222014,0.62442523,-0.03640546,0.030069347,0.008557605,0.0040534437,0.9851575493812561
8,667,right,7,INDEX_FINGER_DIP,0.53174293,0.6349019,-0.043260366,0.04448811,0.029881157,0.0146163255,0.9851575493812561
8,667,right,8,INDEX_FINGER_TIP,0.53695893,0.64298964,-0.046688918,0.04806965,0.047752414,0.030258805,0.9851575493812561
8,667,right,9,MIDDLE_FINGER_MCP,0.48891622,0.6148033,-0.025949579,0.0006777437,-0.0048910775,0.0005535744,0.9851575493812561
8,667,right,10,MIDDLE_FINGER_PIP,0.51175165,0.62911445,-0.036099672,0.024295451,0.012345787,-0.0029162169,0.9851575493812561
8,667,right,11,MIDDLE_FINGER_DIP,0.5230615,0.6384851,-0.038102794,0.03832644,0.034217536,0.008929804,0.9851575493812561
8,667,right,12,MIDDLE_FINGER_TIP,0.5294212,0.64526004,-0.03927189,0.05301445,0.050178964,0.031386197,0.9851575493812561
8,667,right,13,RING_FINGER_MCP,0.4770952,0.6197522,-0.027429678,-0.009056572,0.007457571,-0.0026833415,0.9851575493812561
8,667,right,14,RING_FINGER_PIP,0.497928,0.63235104,-0.034713976,0.008572927,0.020063763,-0.002213955,0.9851575493812561
8,667,right,15,RING_FINGER_DIP,0.50975436,0.6389865,-0.03343803,0.022643698,0.0369817,0.010486603,0.9851575493812561
8,667,right,16,RING_FINGER_TIP,0.5168057,0.64394146,-0.032227904,0.031944424,0.04722712,0.02923179,0.9851575493812561
8,667,right,17,PINKY_MCP,0.4672814,0.6259743,-0.02936935,-0.026955832,0.013442619,0.0051155724,0.9851575493812561
8,667,right,18,PINKY_PIP,0.48545048,0.63447714,-0.033080477,-0.011074975,0.02402567,0.0057580173,0.9851575493812561
8,667,right,19,PINKY_DIP,0.49684188,0.63881844,-0.031200035,0.006802013,0.033091918,0.011993825,0.9851575493812561
8,667,right,20,PINKY_TIP,0.5042276,0.6422842,-0.029583989,0.01837689,0.039136324,0.024873585,0.9851575493812561
9,750,left,0,WRIST,0.5770674,0.6091224,8.776269e-08,0.043580856,-0.019415151,0.08588487,0.9984512329101562
9,750,left,1,THUMB_CMC,0.5588438,0.60826725,-0.0032934833,0.00999888,-0.022612534,0.0666095,0.9984512329101562
9,750,left,2,THUMB_MCP,0.5413574,0.6134215,-0.008334367,-0.011863008,-0.013168734,0.04621154,0.9984512329101562
9,750,left,3,THUMB_IP,0.5304722,0.62091124,-0.012252133,-0.022508875,0.004697148,0.017374866,0.9984512329101562
9,750,left,4,THUMB_TIP,0.52446693,0.6272474,-0.017050432,-0.037394892,0.02022199,-0.009426549,0.9984512329101562
9,750,left,5,INDEX_FINGER_MCP,0.54544944,0.61112773,-0.019970369,-0.014324769,-0.014078127,0.000114157796,0.9984512329101562
9,750,left,6,INDEX_FINGER_PIP,0.53044224,0.6224114,-0.027474826,-0.03462187,0.0076567885,-0.0052172244,0.9984512329101562
9,750,left,7,INDEX_FINGER_DIP,0.5228555,0.629903,-0.030488988,-0.04611059,0.027314644,0.009761728,0.9984512329101562
9,750,left,8,INDEX_FINGER_TIP,0.5184401,0.63530743,-0.031728584,-0.04504627,0.044277385,0.034619253,0.9984512329101562
9,750,left,9,MIDDLE_FINGER_MCP,0.5582033,0.61574125,-0.021576788,-0.0025667574,-0.0016367068,-0.0022971816,0.9984512329101562
9,750,left,10,MIDDLE_FINGER_PIP,0.5408013,0.6272727,-0.02809499,-0.024322703,0.022401586,-0.0023963004,0.9984512329101562
9,750,left,11,MIDDLE_FINGER_DIP,0.5315869,0.6347849,-0.029438311,-0.032600887,0.04632754,0.012649998,0.9984512329101562
9,750,left,12,MIDDLE_FINGER_TIP,0.5251103,0.6399311,-0.030435927,-0.04150205,0.063208744,0.0387743,0.9984512329101562
9,750,left,13,RING_FINGER_MCP,0.5691487,0.62076896,-0.022432912,0.010047881,0.010540972,-0.0018641502,0.9984512329101562
9,750,left,14,RING_FINGER_PIP,0.5507686,0.6315552,-0.027649818,-0.0073408606,0.034029484,0.0031068549,0.9984512329101562
9,750,left,15,RING_FINGER_DIP,0.5413044,0.6377986,-0.027309747,-0.019835714,0.048282906,0.019921008,0.9984512329101562
9,750,left,16,RING_FINGER_TIP,0.5351614,0.64185953,-0.026934776,-0.027031302,0.063970976,0.045834705,0.9984512329101562
9,750,left,17,PINKY_MCP,0.5778382,0.6256716,-0.023087397,0.025385242,0.02348421,0.011982024,0.9984512329101562
9,750,left,18,PINKY_PIP,0.5602831,0.6333615,-0.027549649,0.006244817,0.031225914,0.011519793,0.9984512329101562
9,750,left,19,PINKY_DIP,0.5504432,0.6375923,-0.027272848,-0.009225823,0.048814047,0.024367541,0.9984512329101562
9,750,left,20,PINKY_TIP,0.54397714,0.6408024,-0.026614979,-0.017160302,0.058272623,0.03874734,0.9984512329101562
9,750,right,0,WRIST,0.4594407,0.6150033,2.520409e-07,-0.044552952,-0.0018903296,0.07961433,0.9792749285697937
9,750,right,1,THUMB_CMC,0.47846854,0.6144098,-0.0058062635,-0.011878522,-0.0019476856,0.059349984,0.9792749285697937
9,750,right,2,THUMB_MCP,0.5029942,0.61615324,-0.01187308,0.012602508,0.0017738449,0.05050534,0.9792749285697937
9,750,right,3,THUMB_IP,0.5221863,0.6183104,-0.016695637,0.03476016,0.0014648808,0.021159984,0.9792749285697937
9,750,right,4,THUMB_TIP,0.5352091,0.6160004,-0.021651113,0.05234563,-0.0041074906,0.0015238822,0.9792749285697937
9,750,right,5,INDEX_FINGER_MCP,0.5028101,0.61056924,-0.021398092,0.014743711,-0.014970829,0.0036247447,0.9792749285697937
9,750,right,6,INDEX_FINGER_PIP,0.5243438,0.6232425,-0.032288007,0.03212291,0.010056388,0.0041737407,0.9792749285697937
9,750,right,7,INDEX_FINGER_DIP,0.534117,0.63329995,-0.038464967,0.046557415,0.031351283,0.016153656,0.9792749285697937
9,750,right,8,INDEX_FINGER_TIP,0.5399478,0.6412162,-0.04160282,0.050973125,0.05131129,0.03590174,0.9792749285697937
9,750,right,9,MIDDLE_FINGER_MCP,0.49118987,0.6142765,-0.022838479,0.0012786196,-0.005443623,0.00064232945,0.9792749285697937
9,750,right,10,MIDDLE_FINGER_PIP,0.51348805,0.6285201,-0.03151109,0.02436237,0.017831035,-0.001294598,0.9792749285697937
9,750,right,11,MIDDLE_FINGER_DIP,0.52361006,0.63649464,-0.03302885,0.037139464,0.036636163,0.010660246,0.9792749285697937
9,750,right,12,MIDDLE_FINGER_TIP,0.529472,0.6421105,-0.034028873,0.05040336,0.049445327,0.03513761,0.9792749285697937
9,750,right,13,RING_FINGER_MCP,0.47962505,0.6196712,-0.024160609,-0.010746327,0.008364216,-0.0030015483,0.9792749285697937
9,750,right,14,RING_FINGER_PIP,0.50094604,0.6317427,-0.030220672,0.010129105,0.023730198,-0.0017509311,0.9792749285697937
9,750,right,15,RING_FINGER_DIP,0.5119119,0.6372441,-0.028460627,0.02287587,0.04184207,0.011575878,0.9792749285697937
9,750,right,16,RING_FINGER_TIP,0.5184512,0.6412649,-0.027238244,0.031974364,0.048470166,0.031046461,0.9792749285697937
9,750,right,17,PINKY_MCP,0.4698758,0.626015,-0.025932651,-0.028519295,0.014935573,0.0037654974,0.9792749285697937
9,750,right,18,PINKY_PIP,0.48745748,0.6333339,-0.02926898,-0.010785349,0.026685093,0.0041427836,0.9792749285697937
9,750,right,19,PINKY_DIP,0.4977614,0.6365146,-0.027281975,0.004211708,0.033006687,0.0104661435,0.9792749285697937
9,750,right,20,PINKY_TIP,0.50483423,0.63910395,-0.025653755,0.018683398,0.03756305,0.022596657,0.9792749285697937
10,833,right,0,WRIST,0.4688927,0.6093171,2.453835e-07,-0.066983424,-0.0057386993,0.07091178,0.9959926605224609
10,833,right,1,THUMB_CMC,0.48889446,0.6063595,-0.0017078388,-0.030202866,-0.012947329,0.061852053,0.9959926605224609
10,833,right,2,THUMB_MCP,0.5114401,0.6082068,-0.00591281,-0.0003498918,-0.00574262,0.05067748,0.9959926605224609
10,833,right,3,THUMB_IP,0.52748346,0.614385,-0.0099962875,0.024938293,0.009317631,0.024711788,0.9959926605224609
10,833,right,4,THUMB_TIP,0.5379032,0.61928064,-0.014119574,0.03634653,0.018928101,0.0027836263,0.9959926605224609
10,833,right,5,INDEX_FINGER_MCP,0.51761186,0.6031192,-0.011875516,0.01792204,-0.020952819,0.007623568,0.9959926605224609
10,833,right,6,INDEX_FINGER_PIP,0.53812706,0.6128818,-0.019025978,0.040121004,0.0018942277,0.0045316666,0.9959926605224609
10,833,right,7,INDEX_FINGER_DIP,0.5487205,0.6206381,-0.023361024,0.05326719,0.02097341,0.01827807,0.9959926605224609
10,833,right,8,INDEX_FINGER_TIP,0.55457115,0.62679964,-0.02533058,0.06256022,0.03420384,0.038525887,0.9959926605224609
10,833,right,9,MIDDLE_FINGER_MCP,0.50778663,0.6080291,-0.014790964,0.0022446692,-0.0049210642,-0.001547657,0.9959926605224609
10,833,right,10,MIDDLE_FINGER_PIP,0.5301008,0.61877996,-0.019957146,0.032438017,0.016888332,-0.0027781352,0.9959926605224609
10,833,right,11,MIDDLE_FINGER_DIP,0.5401723,0.6258486,-0.02154923,0.045432042,0.030993955,0.011401154,0.9959926605224609
10,833,right,12,MIDDLE_FINGER_TIP,0.54471135,0.6311598,-0.022448728,0.050550908,0.043205414,0.039927274,0.9959926605224609
10,833,right,13,RING_FINGER_MCP,0.497671,0.614574,-0.017338876,-0.010097563,0.011323519,-0.0050258934,0.9959926605224609
10,833,right,14,RING_FINGER_PIP,0.5193854,0.624689,-0.020365294,0.014444825,0.032882992,-0.0055802017,0.9959926605224609
10,833,right,15,RING_FINGER_DIP,0.528824,0.6298208,-0.018534023,0.026008822,0.044102546,0.011002734,0.9959926605224609
10,833,right,16,RING_FINGER_TIP,0.53366935,0.63320804,-0.017162332,0.033898216,0.051718377,0.031633846,0.9959926605224609
10,833,right,17,PINKY_MCP,0.4888644,0.62163216,-0.020082515,-0.029040452,0.025010038,-0.00035422295,0.9959926605224609
10,833,right,18,PINKY_PIP,0.5075704,0.6281087,-0.020742713,-0.0051016062,0.038313117,0.0015965924,0.9959926605224609
10,833,right,19,PINKY_DIP,0.5159638,0.631354,-0.01740379,0.00886833,0.046412364,0.013072386,0.9959926605224609
10,833,right,20,PINKY_TIP,0.52101666,0.63409495,-0.014565732,0.016823031,0.049391333,0.026767671,0.9959926605224609
11,917,right,0,WRIST,0.48528355,0.5994685,2.0754341e-07,-0.07614892,-0.012144503,0.04674378,0.9913892149925232
11,917,right,1,THUMB_CMC,0.5099605,0.5968483,0.0032959958,-0.036819886,-0.017510178,0.043150917,0.9913892149925232
11,917,right,2,THUMB_MCP,0.5314448,0.59843343,0.0020142864,-0.010283478,-0.010691418,0.042282164,0.9913892149925232
11,917,right,3,THUMB_IP,0.5460418,0.6027677,-0.0005138586,0.017077977,-0.002975741,0.028448083,0.9913892149925232
11,917,right,4,THUMB_TIP,0.55578876,0.60717875,-0.00296487,0.026687784,0.010508869,0.012816042,0.9913892149925232
11,917,right,5,INDEX_FINGER_MCP,0.53683865,0.5972894,0.00061215076,0.006153509,-0.017068572,0.0085788965,0.9913892149925232
11,917,right,6,INDEX_FINGER_PIP,0.55414146,0.6033899,-0.0043066326,0.027765136,-0.003353558,0.004578285,0.9913892149925232
11,917,right,7,INDEX_FINGER_DIP,0.56752396,0.60872287,-0.008683988,0.045393117,0.010828365,0.0094838515,0.9913892149925232
11,917,right,8,INDEX_FINGER_TIP,0.57686496,0.61276114,-0.011258224,0.05807878,0.022540785,0.011218768,0.9913892149925232
11,917,right,9,MIDDLE_FINGER_MCP,0.53332216,0.60150856,-0.0041200086,0.00037927725,-0.0048996788,0.0005631186,0.9913892149925232
11,917,right,10,MIDDLE_FINGER_PIP,0.55223405,0.6090582,-0.007199604,0.02425942,0.013629659,-0.007213779,0.9913892149925232
11,917,right,11,MIDDLE_FINGER_DIP,0.56583387,0.6143504,-0.009891337,0.044100862,0.02273972,-0.008582488,0.9913892149925232
11,917,right,12,MIDDLE_FINGER_TIP,0.5761356,0.6184902,-0.011742501,0.06068603,0.036933325,0.014911599,0.9913892149925232
11,917,right,13,RING_FINGER_MCP,0.528887,0.6069559,-0.008725288,-0.003667352,0.010291784,-0.0052513853,0.9913892149925232
11,917,right,14,RING_FINGER_PIP,0.5460286,0.6145923,-0.010730525,0.014657242,0.027168263,-0.011174515,0.9913892149925232
11,917,right,15,RING_FINGER_DIP,0.55865616,0.61925274,-0.0106963655,0.031095205,0.03907302,-0.00799045,0.9913892149925232
11,917,right,16,RING_FINGER_TIP,0.5687264,0.6227029,-0.010539899,0.046301227,0.04901836,0.0065507554,0.9913892149925232
11,917,right,17,PINKY_MCP,0.5229318,0.61335146,-0.013295937,-0.01566781,0.022273203,-0.005830694,0.9913892149925232
11,917,right,18,PINKY_PIP,0.5365878,0.6198862,-0.013630944,-0.0052429317,0.038487986,-0.008237429,0.9913892149925232
11,917,right,19,PINKY_DIP,0.5460675,0.6233888,-0.011689154,0.0094449865,0.048093498,-0.0061391294,0.9913892149925232
11,917,right,20,PINKY_TIP,0.5538509,0.6260735,-0.009976352,0.025235638,0.056796156,-0.003939688,0.9913892149925232
12,1000,left,0,WRIST,0.5951052,0.59535795,1.5257613e-07,0.043280166,-0.038996805,0.069339395,0.9715099334716797
12,1000,left,1,THUMB_CMC,0.56811017,0.59521073,-0.0053410665,0.011114548,-0.033139523,0.051610783,0.9715099334716797
12,1000,left,2,THUMB_MCP,0.54556954,0.6025869,-0.010368985,-0.012289056,-0.017695265,0.03966108,0.9715099334716797
12,1000,left,3,THUMB_IP,0.5319572,0.6131378,-0.01420715,-0.022158144,-0.0067911204,0.017932959,0.9715099334716797
12,1000,left,4,THUMB_TIP,0.5235977,0.62186426,-0.017608277,-0.029333396,0.008072881,0.0022175908,0.9715099334716797
12,1000,left,5,INDEX_FINGER_MCP,0.54675084,0.6098787,-0.01683528,-0.010846544,-0.0096890135,-0.0021488965,0.9715099334716797
12,1000,left,6,INDEX_FINGER_PIP,0.526539,0.6262613,-0.02392001,-0.02748308,0.00607626,-0.0016065687,0.9715099334716797
12,1000,left,7,INDEX_FINGER_DIP,0.51723325,0.6336925,-0.025990857,-0.036113184,0.026166733,0.014132723,0.9715099334716797
12,1000,left,8,INDEX_FINGER_TIP,0.51182413,0.6380254,-0.026119165,-0.04077184,0.03599421,0.032292336,0.9715099334716797
12,1000,left,9,MIDDLE_FINGER_MCP,0.55999935,0.61583185,-0.016266381,0.00029065905,-0.001351437,-0.0018822812,0.9715099334716797
12,1000,left,10,MIDDLE_FINGER_PIP,0.5373676,0.63259995,-0.021390768,-0.016528876,0.021117836,-0.0012329072,0.9715099334716797
12,1000,left,11,MIDDLE_FINGER_DIP,0.5282668,0.63821226,-0.021381851,-0.024861168,0.03565165,0.01786431,0.9715099334716797
12,1000,left,12,MIDDLE_FINGER_TIP,0.5237606,0.6411706,-0.020835238,-0.030602196,0.05045197,0.041332453,0.9715099334716797
12,1000,left,13,RING_FINGER_MCP,0.5732093,0.62047535,-0.015312675,0.0068416353,0.00807346,0.00088851154,0.9715099334716797
12,1000,left,14,RING_FINGER_PIP,0.5488096,0.6344204,-0.017139401,-0.007932304,0.023965385,0.005242668,0.9715099334716797
12,1000,left,15,RING_FINGER_DIP,0.5403896,0.63776094,-0.014130263,-0.018038914,0.035546776,0.024413407,0.9715099334716797
12,1000,left,16,RING_FINGER_TIP,0.537227,0.6390734,-0.012183288,-0.020820206,0.041737378,0.045227356,0.9715099334716797
12,1000,left,17,PINKY_MCP,0.58503073,0.6241343,-0.014749245,0.021716177,0.009849095,0.011679266,0.9715099334716797
12,1000,left,18,PINKY_PIP,0.5642508,0.6337238,-0.0140029965,0.006773376,0.020817803,0.016830072,0.9715099334716797
12,1000,left,19,PINKY_DIP,0.5560189,0.6353937,-0.0101572815,-0.0019754642,0.028499722,0.029675916,0.9715099334716797
12,1000,left,20,PINKY_TIP,0.55330795,0.63521767,-0.0071626743,-0.0055482835,0.029856218,0.041066945,0.9715099334716797
13,1083,left,0,WRIST,0.5973306,0.60134226,1.2861595e-07,0.044712726,-0.026102815,0.07708159,0.9915870428085327
13,1083,left,1,THUMB_CMC,0.5695169,0.6020291,-0.0004522989,0.011144001,-0.01899547,0.0626335,0.9915870428085327
13,1083,left,2,THUMB_MCP,0.5470323,0.6096189,-0.0039874283,-0.008174677,-0.007269451,0.043996334,0.9915870428085327
13,1083,left,3,THUMB_IP,0.5324795,0.6195971,-0.0072010653,-0.017441642,0.0077254456,0.016349085,0.9915870428085327
13,1083,left,4,THUMB_TIP,0.52358,0.62846345,-0.010589122,-0.026364528,0.01978756,-0.008015007,0.9915870428085327
13,1083,left,5,INDEX_FINGER_MCP,0.54671645,0.60912204,-0.014634608,-0.009858951,-0.006017951,-1.7285347e-05,0.9915870428085327
13,1083,left,6,INDEX_FINGER_PIP,0.52575785,0.62573457,-0.021618478,-0.025888883,0.011901134,-0.002127692,0.9915870428085327
13,1083,left,7,INDEX_FINGER_DIP,0.5158197,0.63353366,-0.02380802,-0.03813395,0.026791308,0.01100608,0.9915870428085327
13,1083,left,8,INDEX_FINGER_TIP,0.50989366,0.63837135,-0.023826523,-0.04250814,0.040218633,0.027862296,0.9915870428085327
13,1083,left,9,MIDDLE_FINGER_MCP,0.56058973,0.6136834,-0.017102635,-0.0012433368,-0.0020026765,-0.0021028928,0.9915870428085327
13,1083,left,10,MIDDLE_FINGER_PIP,0.53678083,0.6303187,-0.023313472,-0.017759617,0.019854618,-0.0066111796,0.9915870428085327
13,1083,left,11,MIDDLE_FINGER_DIP,0.5257653,0.63808006,-0.023847848,-0.026046285,0.03881648,0.009630106,0.9915870428085327
13,1083,left,12,MIDDLE_FINGER_TIP,0.5190367,0.6422874,-0.023567691,-0.03307631,0.054471254,0.03276732,0.9915870428085327
13,1083,left,13,RING_FINGER_MCP,0.5733198,0.6187209,-0.018836897,0.0062117865,0.004092936,-0.0008864105,0.9915870428085327
13,1083,left,14,RING_FINGER_PIP,0.5490085,0.63295275,-0.022287322,-0.0037891287,0.021537337,-0.0018690228,0.9915870428085327
13,1083,left,15,RING_FINGER_DIP,0.537793,0.63971955,-0.02045902,-0.01401138,0.039282348,0.012790341,0.9915870428085327
13,1083,left,16,RING_FINGER_TIP,0.5312235,0.6434836,-0.01896347,-0.024420142,0.049477864,0.03451971,0.9915870428085327
13,1083,left,17,PINKY_MCP,0.5843376,0.6233166,-0.020372448,0.021319408,0.01176654,0.009234151,0.9915870428085327
13,1083,left,18,PINKY_PIP,0.5635899,0.63309216,-0.021863244,0.008058639,0.022570653,0.011067428,0.9915870428085327
13,1083,left,19,PINKY_DIP,0.5534503,0.6372998,-0.019305825,-0.00142969,0.034533,0.020286448,0.9915870428085327
13,1083,left,20,PINKY_TIP,0.5479164,0.6401878,-0.017019497,-0.0077294465,0.042891793,0.032471716,0.9915870428085327
14,1167,left,0,WRIST,0.5946684,0.599759,7.847148e-08,0.045190156,-0.02902055,0.07668342,0.9918437600135803
14,1167,left,1,THUMB_CMC,0.5680822,0.6023754,0.0006800382,0.009878756,-0.02572456,0.061746404,0.9918437600135803
14,1167,left,2,THUMB_MCP,0.54779667,0.61096066,-0.0028071336,-0.012754601,-0.011639339,0.043066286,0.9918437600135803
14,1167,left,3,THUMB_IP,0.5342887,0.6208095,-0.006283802,-0.022567775,0.0075480696,0.017021716,0.9918437600135803
14,1167,left,4,THUMB_TIP,0.5255684,0.6291737,-0.010146952,-0.035282824,0.023440067,-0.009047642,0.9918437600135803
14,1167,left,5,INDEX_FINGER_MCP,0.55146164,0.60902137,-0.013182558,-0.014542911,-0.0107138585,-0.0010614619,0.9918437600135803
14,1167,left,6,INDEX_FINGER_PIP,0.5297271,0.62456244,-0.020178745,-0.032646626,0.008291941,-0.0034020543,0.9918437600135803
14,1167,left,7,INDEX_FINGER_DIP,0.5202149,0.6325925,-0.023056457,-0.044600673,0.027190018,0.013515405,0.9918437600135803
14,1167,left,8,INDEX_FINGER_TIP,0.51441425,0.6383541,-0.023747768,-0.049159445,0.042748615,0.033625677,0.9918437600135803
14,1167,left,9,MIDDLE_FINGER_MCP,0.5656622,0.613927,-0.016362859,-0.0017127685,-0.0011936324,-0.002506405,0.9918437600135803
14,1167,left,10,MIDDLE_FINGER_PIP,0.54043204,0.629538,-0.021952746,-0.022571664,0.022898316,-0.0042568743,0.9918437600135803
14,1167,left,11,MIDDLE_FINGER_DIP,0.5292333,0.6373171,-0.022622857,-0.03266988,0.043015458,0.013878413,0.9918437600135803
14,1167,left,12,MIDDLE_FINGER_TIP,0.52227145,0.6420593,-0.022800427,-0.044510327,0.05775991,0.038757853,0.9918437600135803
14,1167,left,13,RING_FINGER_MCP,0.5773385,0.61907345,-0.018821837,0.009690648,0.008516455,-0.0015457198,0.9918437600135803
14,1167,left,14,RING_FINGER_PIP,0.55128527,0.63237286,-0.021999126,-0.007997895,0.028181043,0.00095644593,0.9918437600135803
14,1167,left,15,RING_FINGER_DIP,0.53949744,0.63895667,-0.01993909,-0.020094339,0.0438951,0.018301047,0.9918437600135803
14,1167,left,16,RING_FINGER_TIP,0.5322616,0.643216,-0.018405832,-0.030857615,0.05434195,0.04227338,0.9918437600135803
14,1167,left,17,PINKY_MCP,0.58662397,0.62369686,-0.021004908,0.024855293,0.018626843,0.010870997,0.9918437600135803
14,1167,left,18,PINKY_PIP,0.5650819,0.6332721,-0.022389613,0.008804786,0.02803295,0.0124858245,0.9918437600135803
14,1167,left,19,PINKY_DIP,0.5541312,0.6374763,-0.019640375,-0.005726179,0.04193464,0.021829173,0.9918437600135803
14,1167,left,20,PINKY_TIP,0.54741895,0.64072734,-0.01733769,-0.014790887,0.048410118,0.035252273,0.9918437600135803
14,1167,right,0,WRIST,0.6667597,0.59104323,-6.946917e-08,-0.06117057,-0.01828757,0.06600976,0.9836598634719849
14,1167,right,1,THUMB_CMC,0.6942129,0.586866,-0.00211338,-0.033407696,-0.02754808,0.05635959,0.9836598634719849
14,1167,right,2,THUMB_MCP,0.7171969,0.5888432,-0.0054529845,-0.0062259547,-0.016579228,0.05120197,0.9836598634719849
14,1167,right,3,THUMB_IP,0.73133814,0.59565175,-0.009397317,0.010998638,-0.00068286434,0.028986849,0.9836598634719849
14,1167,right,4,THUMB_TIP,0.7372563,0.60201794,-0.013318786,0.02011498,0.011877611,0.01154688,0.9836598634719849
14,1167,right,5,INDEX_FINGER_MCP,0.7241096,0.5876857,-0.00946501,0.012597044,-0.0138938045,0.0027882308,0.9836598634719849
14,1167,right,6,INDEX_FINGER_PIP,0.75577885,0.5918587,-0.017989667,0.040403984,-0.008239852,-0.002374217,0.9836598634719849
14,1167,right,7,INDEX_FINGER_DIP,0.7704359,0.5961619,-0.022284195,0.057682857,-0.0011507925,0.0118034035,0.9836598634719849
14,1167,right,8,INDEX_FINGER_TIP,0.7807367,0.6010091,-0.024583803,0.07406051,0.00897624,0.026020393,0.9836598634719849
14,1167,right,9,MIDDLE_FINGER_MCP,0.71798515,0.5950809,-0.012732907,0.003483646,-0.0023592794,-0.003426712,0.9836598634719849
14,1167,right,10,MIDDLE_FINGER_PIP,0.75049305,0.60112053,-0.020563673,0.037360214,0.011996554,-0.008150399,0.9836598634719849
14,1167,right,11,MIDDLE_FINGER_DIP,0.76637626,0.60719985,-0.02429655,0.059189595,0.019798646,0.00071406364,0.9836598634719849
14,1167,right,12,MIDDLE_FINGER_TIP,0.776368,0.612773,-0.026876058,0.07404726,0.030286701,0.017606035,0.9836598634719849
14,1167,right,13,RING_FINGER_MCP,0.71051955,0.6029876,-0.016359441,-0.005868735,0.00946307,-0.0036206692,0.9836598634719849
14,1167,right,14,RING_FINGER_PIP,0.7405168,0.6090206,-0.023664154,0.020311631,0.024246661,-0.005501531,0.9836598634719849
14,1167,right,15,RING_FINGER_DIP,0.75624204,0.61434925,-0.027123459,0.04165993,0.03333971,0.0025870502,0.9836598634719849
14,1167,right,16,RING_FINGER_TIP,0.767253,0.6186461,-0.02886848,0.057378024,0.04392874,0.017663658,0.9836598634719849
14,1167,right,17,PINKY_MCP,0.70289457,0.6108659,-0.020095369,-0.021490084,0.020289952,0.009290349,0.9836598634719849
14,1167,right,18,PINKY_PIP,0.72783774,0.615575,-0.024660926,0.0019317716,0.03370083,0.008028351,0.9836598634719849
14,1167,right,19,PINKY_DIP,0.74109143,0.6190068,-0.025958361,0.024803728,0.04633163,0.01354751,0.9836598634719849
14,1167,right,20,PINKY_TIP,0.75110847,0.6220563,-0.026647262,0.039055984,0.047853433,0.019195557,0.9836598634719849
15,1250,left,0,WRIST,0.5935881,0.6027419,1.3973144e-07,0.0430917,-0.026924785,0.08109519,0.9966233968734741
15,1250,left,1,THUMB_CMC,0.5683948,0.6043781,-0.0015585761,0.006607732,-0.02415507,0.06325087,0.9966233968734741
15,1250,left,2,THUMB_MCP,0.54854625,0.61192024,-0.0069757956,-0.013832563,-0.01180827,0.044076025,0.9966233968734741
15,1250,left,3,THUMB_IP,0.53519803,0.6208178,-0.0116005335,-0.024647217,0.006425279,0.01598069,0.9966233968734741
15,1250,left,4,THUMB_TIP,0.52828366,0.62925327,-0.016732845,-0.036830492,0.02256185,-0.011397228,0.9966233968734741
15,1250,left,5,INDEX_FINGER_MCP,0.55393815,0.6089762,-0.021965392,-0.015153982,-0.011316146,-0.0005611405,0.9966233968734741
15,1250,left,6,INDEX_FINGER_PIP,0.5319792,0.62432814,-0.031040661,-0.034625962,0.008638782,-0.0043675452,0.9966233968734741
15,1250,left,7,INDEX_FINGER_DIP,0.52170956,0.6323299,-0.033981733,-0.045836102,0.026720064,0.010500304,0.9966233968734741
15,1250,left,8,INDEX_FINGER_TIP,0.5154791,0.6381064,-0.03434203,-0.049363844,0.039040312,0.03254579,0.9966233968734741
15,1250,left,9,MIDDLE_FINGER_MCP,0.56894976,0.6136038,-0.02450531,-0.0012571221,-0.001519672,-0.0012051687,0.9966233968734741
15,1250,left,10,MIDDLE_FINGER_PIP,0.5431428,0.629322,-0.032579087,-0.023559395,0.024207894,-0.0056923144,0.9966233968734741
15,1250,left,11,MIDDLE_FINGER_DIP,0.53170913,0.6374437,-0.03283668,-0.031295996,0.044302035,0.0120281875,0.9966233968734741
15,1250,left,12,MIDDLE_FINGER_TIP,0.5247459,0.6424141,-0.032313924,-0.04048324,0.06003003,0.03799385,0.9966233968734741
15,1250,left,13,RING_FINGER_MCP,0.5809773,0.6191634,-0.026073147,0.010518733,0.008489473,-0.00070040673,0.9966233968734741
15,1250,left,14,RING_FINGER_PIP,0.553989,0.6327735,-0.030901676,-0.006882217,0.030657718,6.5013766e-05,0.9966233968734741
15,1250,left,15,RING_FINGER_DIP,0.54210883,0.6395902,-0.02852587,-0.019687824,0.045437045,0.017955177,0.9966233968734741
15,1250,left,16,RING_FINGER_TIP,0.53492355,0.64383847,-0.02648529,-0.026668537,0.055604383,0.04030896,0.9966233968734741
15,1250,left,17,PINKY_MCP,0.5902366,0.62443876,-0.02744057,0.027417697,0.020411339,0.011284806,0.9966233968734741
15,1250,left,18,PINKY_PIP,0.5671893,0.6341165,-0.029982362,0.010454596,0.030162508,0.012223646,0.9966233968734741
15,1250,left,19,PINKY_DIP,0.5554186,0.6383325,-0.027487747,-0.0042723827,0.04259819,0.02276057,0.9966233968734741
15,1250,left,20,PINKY_TIP,0.5483069,0.6415199,-0.025183013,-0.012054095,0.049028993,0.038047656,0.9966233968734741
15,1250,right,0,WRIST,0.69166267,0.5953146,1.549612e-07,-0.08169304,-0.010839322,0.06270396,0.9896318316459656
15,1250,right,1,THUMB_CMC,0.72248614,0.59128237,0.0025978417,-0.04146129,-0.019187048,0.050285935,0.9896318316459656
15,1250,right,2,THUMB_MCP,0.74528503,0.59332323,0.0007073004,-0.013418695,-0.015017286,0.053302735,0.9896318316459656
15,1250,right,3,THUMB_IP,0.76033825,0.5998352,-0.0029467954,0.012625242,-0.0053840755,0.04305643,0.9896318316459656
15,1250,right,4,THUMB_TIP,0.7668484,0.60709715,-0.006734023,0.024716917,0.009202877,0.021891415,0.9896318316459656
15,1250,right,5,INDEX_FINGER_MCP,0.75020987,0.5914904,-0.00065835926,0.0027025999,-0.025507828,0.0052499697,0.9896318316459656
15,1250,right,6,INDEX_FINGER_PIP,0.7751913,0.5918825,-0.006934344,0.02988707,-0.02228259,-0.003034711,0.9896318316459656
15,1250,right,7,INDEX_FINGER_DIP,0.7920709,0.59427243,-0.011942332,0.051536955,-0.016888624,-0.0025550425,0.9896318316459656
15,1250,right,8,INDEX_FINGER_TIP,0.8058072,0.59708446,-0.015035625,0.06663443,-0.010014502,-0.001645729,0.9896318316459656
15,1250,right,9,MIDDLE_FINGER_MCP,0.7509994,0.59825903,-0.0057443217,0.0019240291,-0.008747373,-0.0014478639,0.9896318316459656
15,1250,right,10,MIDDLE_FINGER_PIP,0.77560544,0.60103893,-0.01073205,0.0329924,0.0023002983,-0.015776347,0.9896318316459656
15,1250,right,11,MIDDLE_FINGER_DIP,0.7922689,0.60444266,-0.014879334,0.049124442,0.0055678077,-0.026002884,0.9896318316459656
15,1250,right,12,MIDDLE_FINGER_TIP,0.8055251,0.6075843,-0.017667145,0.07508816,0.015193628,-0.004133966,0.9896318316459656
15,1250,right,13,RING_FINGER_MCP,0.748966,0.60620946,-0.010951772,-0.0026629271,0.018468713,-0.0031933188,0.9896318316459656
15,1250,right,14,RING_FINGER_PIP,0.77335066,0.61000794,-0.014847509,0.025966033,0.023431215,-0.014815733,0.9896318316459656
15,1250,right,15,RING_FINGER_DIP,0.79029286,0.61354023,-0.01747849,0.04814682,0.030678084,-0.016442716,0.9896318316459656
15,1250,right,16,RING_FINGER_TIP,0.8034129,0.61657417,-0.018940818,0.066284426,0.037253298,-0.0032775998,0.9896318316459656
15,1250,right,17,PINKY_MCP,0.7447158,0.6145434,-0.016120456,-0.01078094,0.033698097,0.002926845,0.9896318316459656
15,1250,right,18,PINKY_PIP,0.76730347,0.6192911,-0.017894723,0.0073158033,0.0393384,-0.0042478144,0.9896318316459656
15,1250,right,19,PINKY_DIP,0.7815161,0.62304586,-0.018003734,0.030318934,0.049321897,-0.007566847,0.9896318316459656
15,1250,right,20,PINKY_TIP,0.7936902,0.62658364,-0.017786134,0.047588337,0.06162527,-0.0063646957,0.9896318316459656
16,1333,left,0,WRIST,0.5953253,0.6051692,1.4821204e-07,0.041130215,-0.022809457,0.083480954,0.9981541633605957
16,1333,left,1,THUMB_CMC,0.5713202,0.60539514,-0.003824824,0.0037105866,-0.021770889,0.06512672,0.9981541633605957
16,1333,left,2,THUMB_MCP,0.5504525,0.611494,-0.010227441,-0.016024178,-0.0116084535,0.043267824,0.9981541633605957
16,1333,left,3,THUMB_IP,0.53649807,0.61928904,-0.015193807,-0.0284276,0.003991409,0.01216428,0.9981541633605957
16,1333,left,4,THUMB_TIP,0.5308883,0.627374,-0.020689743,-0.036904417,0.020535752,-0.015500367,0.9981541633605957
16,1333,left,5,INDEX_FINGER_MCP,0.5607446,0.60903704,-0.02566355,-0.014588122,-0.012420328,-0.0011936203,0.9981541633605957
16,1333,left,6,INDEX_FINGER_PIP,0.53715736,0.6231784,-0.035166852,-0.035977956,0.008209689,-0.005996093,0.9981541633605957
16,1333,left,7,INDEX_FINGER_DIP,0.52560794,0.63116604,-0.038360924,-0.047722556,0.025573084,0.010680981,0.9981541633605957
16,1333,left,8,INDEX_FINGER_TIP,0.51856107,0.63710904,-0.03890484,-0.05149252,0.03948639,0.033110082,0.9981541633605957
16,1333,left,9,MIDDLE_FINGER_MCP,0.57556814,0.6136325,-0.027116079,-0.0009971836,-0.0023330606,-0.0025521219,0.9981541633605957
16,1333,left,10,MIDDLE_FINGER_PIP,0.54824847,0.6281169,-0.035393283,-0.023697844,0.021733528,-0.0051876493,0.9981541633605957
16,1333,left,11,MIDDLE_FINGER_DIP,0.5358363,0.63626045,-0.035625726,-0.033653513,0.04252991,0.012912132,0.9981541633605957
16,1333,left,12,MIDDLE_FINGER_TIP,0.52895886,0.6413879,-0.03524091,-0.041631952,0.057264894,0.038025156,0.9981541633605957
16,1333,left,13,RING_FINGER_MCP,0.58691126,0.6192054,-0.027566383,0.009411589,0.008786639,-0.00081757456,0.9981541633605957
16,1333,left,14,RING_FINGER_PIP,0.55897635,0.6316845,-0.03256148,-0.009819179,0.030153366,0.00073660165,0.9981541633605957
16,1333,left,15,RING_FINGER_DIP,0.5464631,0.63859683,-0.03006569,-0.02176907,0.04410196,0.020776711,0.9981541633605957
16,1333,left,16,RING_FINGER_TIP,0.5393583,0.6432575,-0.028066361,-0.028719638,0.056110494,0.042353116,0.9981541633605957
16,1333,left,17,PINKY_MCP,0.5952065,0.6246686,-0.02799633,0.026094638,0.02162041,0.011482969,0.9981541633605957
16,1333,left,18,PINKY_PIP,0.5710097,0.63356006,-0.030862752,0.006836852,0.030841988,0.0124530755,0.9981541633605957
16,1333,left,19,PINKY_DIP,0.5596105,0.63735175,-0.028288677,-0.0075451247,0.040747955,0.024830043,0.9981541633605957
16,1333,left,20,PINKY_TIP,0.55355644,0.6406242,-0.026018612,-0.014021719,0.048484214,0.042014733,0.9981541633605957
17,1417,left,0,WRIST,0.6001391,0.6058604,1.5243332e-07,0.041234653,-0.01995404,0.08677065,0.9991832375526428
17,1417,left,1,THUMB_CMC,0.5778383,0.6050884,-0.005483933,0.005922244,-0.021468032,0.066398904,0.9991832375526428
17,1417,left,2,THUMB_MCP,0.5562194,0.6111305,-0.0124078635,-0.014622346,-0.010435164,0.042329207,0.9991832375526428
17,1417,left,3,THUMB_IP,0.54214007,0.6193335,-0.017323583,-0.028623395,0.004921687,0.010965515,0.9991832375526428
17,1417,left,4,THUMB_TIP,0.5364405,0.62756366,-0.022818347,-0.037536822,0.023714343,-0.018808663,0.9991832375526428
17,1417,left,5,INDEX_FINGER_MCP,0.5665037,0.60787946,-0.029135242,-0.0141816465,-0.01237882,-0.0017151535,0.9991832375526428
17,1417,left,6,INDEX_FINGER_PIP,0.5433079,0.62219775,-0.038832944,-0.03595385,0.00972328,-0.0080612,0.9991832375526428
17,1417,left,7,INDEX_FINGER_DIP,0.53167796,0.6305474,-0.041794386,-0.047196314,0.026595209,0.00869374,0.9991832375526428
17,1417,left,8,INDEX_FINGER_TIP,0.5242335,0.6368389,-0.042277005,-0.05216297,0.04267196,0.03123084,0.9991832375526428
17,1417,left,9,MIDDLE_FINGER_MCP,0.5813548,0.6128015,-0.02976922,-0.0011440652,-0.0020498596,-0.0025675856,0.9991832375526428
17,1417,left,10,MIDDLE_FINGER_PIP,0.5548954,0.6275908,-0.038415365,-0.023659257,0.02227688,-0.007165998,0.9991832375526428
17,1417,left,11,MIDDLE_FINGER_DIP,0.54178834,0.63583237,-0.038757797,-0.03447617,0.043042414,0.00985992,0.9991832375526428
17,1417,left,12,MIDDLE_FINGER_TIP,0.53377736,0.6409504,-0.03852628,-0.043854907,0.05735273,0.036224656,0.9991832375526428
17,1417,left,13,RING_FINGER_MCP,0.5926137,0.6186063,-0.029325627,0.009425742,0.008281148,-0.0005624071,0.9991832375526428
17,1417,left,14,RING_FINGER_PIP,0.5654395,0.6313619,-0.03498207,-0.011201581,0.030639276,-0.00026610494,0.9991832375526428
17,1417,left,15,RING_FINGER_DIP,0.55221456,0.6382428,-0.033166107,-0.023268368,0.045137316,0.020328607,0.9991832375526428
17,1417,left,16,RING_FINGER_TIP,0.54413474,0.6427049,-0.03158629,-0.03237343,0.05652973,0.042787366,0.9991832375526428
17,1417,left,17,PINKY_MCP,0.6004595,0.6242213,-0.0288324,0.025454149,0.022326004,0.013127066,0.9991832375526428
17,1417,left,18,PINKY_PIP,0.5765524,0.6334178,-0.032505777,0.0054805474,0.032025862,0.013567932,0.9991832375526428
17,1417,left,19,PINKY_DIP,0.56510955,0.6372126,-0.030627437,-0.008719666,0.042388353,0.026475593,0.9991832375526428
17,1417,left,20,PINKY_TIP,0.558754,0.6403394,-0.028821955,-0.015445797,0.04929556,0.04514286,0.9991832375526428
17,1417,right,0,WRIST,0.79073954,0.60651994,-1.0213059e-07,-0.06780336,-0.03126903,0.05323852,0.9788748621940613
17,1417,right,1,THUMB_CMC,0.8189799,0.60224634,-0.001193609,-0.040209047,-0.037267197,0.046456754,0.9788748621940613
17,1417,right,2,THUMB_MCP,0.83971393,0.60454017,-0.004843679,-0.016063696,-0.024596069,0.05234839,0.9788748621940613
17,1417,right,3,THUMB_IP,0.8523799,0.6115894,-0.0093343835,0.0026243918,-0.009656709,0.04532376,0.9788748621940613
17,1417,right,4,THUMB_TIP,0.8567495,0.6179891,-0.0140703535,0.012062433,0.0043456173,0.03930396,0.9788748621940613
17,1417,right,5,INDEX_FINGER_MCP,0.85118264,0.6076382,-0.010284419,0.011426615,-0.015529608,0.0038544238,0.9788748621940613
17,1417,right,6,INDEX_FINGER_PIP,0.8817842,0.6122078,-0.019457784,0.03776199,-0.008744455,-0.00213328,0.9788748621940613
17,1417,right,7,INDEX_FINGER_DIP,0.89821136,0.6163299,-0.024667563,0.05618374,-0.0011749603,0.005593404,0.9788748621940613
17,1417,right,8,INDEX_FINGER_TIP,0.91058075,0.62038547,-0.027754787,0.072890066,0.008125216,0.011911809,0.9788748621940613
17,1417,right,9,MIDDLE_FINGER_MCP,0.8474683,0.615558,-0.014224484,0.004079023,-0.0028935862,-0.0026587471,0.9788748621940613
17,1417,right,10,MIDDLE_FINGER_PIP,0.88231134,0.62357056,-0.022770055,0.039156754,0.016284391,-0.0100593455,0.9788748621940613
17,1417,right,11,MIDDLE_FINGER_DIP,0.9006237,0.62953997,-0.026705077,0.062198795,0.023067469,-0.0076089054,0.9788748621940613
17,1417,right,12,MIDDLE_FINGER_TIP,0.9134167,0.63417894,-0.029439086,0.08246453,0.037361495,0.005592242,0.9788748621940613
17,1417,right,13,RING_FINGER_MCP,0.840439,0.62314844,-0.018160792,-0.0046897503,0.010267204,-0.0037490278,0.9788748621940613
17,1417,right,14,RING_FINGER_PIP,0.8729998,0.6313236,-0.025682667,0.022829093,0.028050104,-0.008023471,0.9788748621940613
17,1417,right,15,RING_FINGER_DIP,0.8903617,0.63643885,-0.028322326,0.045613673,0.037819654,-0.0032173246,0.9788748621940613
17,1417,right,16,RING_FINGER_TIP,0.9028605,0.6397402,-0.029495798,0.063063145,0.046393294,0.0072137862,0.9788748621940613
17,1417,right,17,PINKY_MCP,0.8305188,0.63030547,-0.022159938,-0.020574588,0.018779611,0.0066195577,0.9788748621940613
17,1417,right,18,PINKY_PIP,0.855863,0.6371436,-0.026404995,0.0025585946,0.034350175,0.004131824,0.9788748621940613
17,1417,right,19,PINKY_DIP,0.8705691,0.6412048,-0.026724806,0.024467511,0.04719266,0.007412657,0.9788748621940613
17,1417,right,20,PINKY_TIP,0.88239574,0.644109,-0.026638167,0.03989429,0.049940538,0.010758728,0.9788748621940613
18,1500,left,0,WRIST,0.6039492,0.60625386,1.5444245e-07,0.041153446,-0.016638363,0.08944069,0.9994341135025024
18,1500,left,1,THUMB_CMC,0.5820853,0.60483927,-0.005648773,0.0069864523,-0.02120275,0.067010835,0.9994341135025024
18,1500,left,2,THUMB_MCP,0.55948716,0.6102684,-0.012903658,-0.014823063,-0.011697512,0.042173006,0.9994341135025024
18,1500,left,3,THUMB_IP,0.5447755,0.6179986,-0.01798235,-0.030165974,0.0034506386,0.009261392,0.9994341135025024
18,1500,left,4,THUMB_TIP,0.5397012,0.6264335,-0.023785362,-0.03849405,0.023227438,-0.019798428,0.9994341135025024
18,1500,left,5,INDEX_FINGER_MCP,0.5717623,0.6078763,-0.031053286,-0.014451163,-0.013619234,-0.002600573,0.9994341135025024
18,1500,left,6,INDEX_FINGER_PIP,0.5484506,0.6216743,-0.04091151,-0.036583845,0.008513729,-0.009982973,0.9994341135025024
18,1500,left,7,INDEX_FINGER_DIP,0.5365546,0.6297518,-0.04370174,-0.04708546,0.025748953,0.0062978715,0.9994341135025024
18,1500,left,8,INDEX_FINGER_TIP,0.52838415,0.63567364,-0.044103015,-0.053502228,0.04173824,0.030576244,0.9994341135025024
18,1500,left,9,MIDDLE_FINGER_MCP,0.58667696,0.6132124,-0.0316969,-0.0014952926,-0.0022169808,-0.0032483488,0.9994341135025024
18,1500,left,10,MIDDLE_FINGER_PIP,0.5598533,0.62741464,-0.040808294,-0.025928587,0.022498267,-0.009278618,0.9994341135025024
18,1500,left,11,MIDDLE_FINGER_DIP,0.54595476,0.6353286,-0.041144602,-0.035702735,0.04310552,0.008784212,0.9994341135025024
18,1500,left,12,MIDDLE_FINGER_TIP,0.5370865,0.6400948,-0.04089347,-0.04504344,0.056792475,0.036900964,0.9994341135025024
18,1500,left,13,RING_FINGER_MCP,0.5976921,0.61913675,-0.031145047,0.009589009,0.00943557,-3.2186508e-05,0.9994341135025024
18,1500,left,14,RING_FINGER_PIP,0.57010245,0.6313849,-0.037277747,-0.012622874,0.031134875,-0.0009306446,0.9994341135025024
18,1500,left,15,RING_FINGER_DIP,0.5560178,0.63813287,-0.035889257,-0.024295464,0.046137407,0.020137459,0.9994341135025024
18,1500,left,16,RING_FINGER_TIP,0.547046,0.6423089,-0.03452554,-0.033804182,0.05669269,0.04386701,0.9994341135025024
18,1500,left,17,PINKY_MCP,0.60492426,0.62463456,-0.0304675,0.02416946,0.02323121,0.014839888,0.9994341135025024
18,1500,left,18,PINKY_PIP,0.5802858,0.6334064,-0.034502864,0.0045445347,0.031786934,0.015258461,0.9994341135025024
18,1500,left,19,PINKY_DIP,0.5679253,0.63710076,-0.033136193,-0.011650123,0.043285437,0.028635323,0.9994341135025024
18,1500,left,20,PINKY_TIP,0.560436,0.63988847,-0.031698734,-0.018965652,0.04831104,0.047450826,0.9994341135025024
18,1500,right,0,WRIST,0.80928695,0.6097787,2.1432672e-07,-0.07377818,-0.021351987,0.061966486,0.9888418912887573
18,1500,right,1,THUMB_CMC,0.84206533,0.60744846,0.0029329483,-0.037482884,-0.03148465,0.0547266,0.9888418912887573
18,1500,right,2,THUMB_MCP,0.8656187,0.6108694,-0.00015894831,-0.011494939,-0.022732345,0.04871267,0.9888418912887573
18,1500,right,3,THUMB_IP,0.8781292,0.6185124,-0.004535457,0.009568407,-0.0060192724,0.032000013,0.9888418912887573
18,1500,right,4,THUMB_TIP,0.8817956,0.62596357,-0.009158579,0.015936108,0.012473155,0.009232119,0.9888418912887573
18,1500,right,5,INDEX_FINGER_MCP,0.87350976,0.6091163,-0.0069638104,0.012750888,-0.02505783,0.004826851,0.9888418912887573
18,1500,right,6,INDEX_FINGER_PIP,0.90312314,0.61449945,-0.014377194,0.038848646,-0.012555618,-0.0018599331,0.9888418912887573
18,1500,right,7,INDEX_FINGER_DIP,0.9205861,0.6192637,-0.018919295,0.055106156,-0.0004617814,0.0062114224,0.9888418912887573
18,1500,right,8,INDEX_FINGER_TIP,0.9344958,0.62360764,-0.02140485,0.073266536,0.0058755893,0.015971897,0.9888418912887573
18,1500,right,9,MIDDLE_FINGER_MCP,0.86873555,0.61703026,-0.013151442,0.0031142063,-0.0049363244,-0.0018904358,0.9888418912887573
18,1500,right,10,MIDDLE_FINGER_PIP,0.90122193,0.6257338,-0.018861892,0.036842193,0.014275032,-0.0071850494,0.9888418912887573
18,1500,right,11,MIDDLE_FINGER_DIP,0.92114645,0.6325693,-0.022662066,0.05984614,0.025280239,-0.0019289851,0.9888418912887573
18,1500,right,12,MIDDLE_FINGER_TIP,0.9361753,0.6381166,-0.025080705,0.08251894,0.034319125,0.016455635,0.9888418912887573
18,1500,right,13,RING_FINGER_MCP,0.8609315,0.6253591,-0.018838303,-0.0068707387,0.013789768,-0.0038382262,0.9888418912887573
18,1500,right,14,RING_FINGER_PIP,0.8917895,0.6342916,-0.023137057,0.021680702,0.031450883,-0.007442035,0.9888418912887573
18,1500,right,15,RING_FINGER_DIP,0.91063416,0.6406897,-0.026233105,0.047750473,0.04149438,-0.0023673326,0.9888418912887573
18,1500,right,16,RING_FINGER_TIP,0.92443264,0.6455089,-0.028071322,0.06339172,0.050740384,0.013490023,0.9888418912887573
18,1500,right,17,PINKY_MCP,0.85087484,0.63371325,-0.024187686,-0.022026394,0.028398655,0.0049310885,0.9888418912887573
18,1500,right,18,PINKY_PIP,0.8752141,0.6412631,-0.026230631,0.00076092593,0.043971386,0.004195079,0.9888418912887573
18,1500,right,19,PINKY_DIP,0.890598,0.6458286,-0.026088327,0.02393463,0.052395307,0.005918637,0.9888418912887573
18,1500,right,20,PINKY_TIP,0.9031313,0.64990246,-0.025657335,0.039287176,0.059536796,0.010847539,0.9888418912887573
19,1583,left,0,WRIST,0.6066439,0.60676813,1.8894924e-07,0.038589362,-0.016556136,0.09052934,0.9990925192832947
19,1583,left,1,THUMB_CMC,0.5853728,0.6051886,-0.0068022967,0.006939861,-0.02298287,0.06752083,0.9990925192832947
19,1583,left,2,THUMB_MCP,0.56294537,0.6103659,-0.01479876,-0.015370325,-0.0146869635,0.043808907,0.9990925192832947
19,1583,left,3,THUMB_IP,0.5484789,0.6178556,-0.020332118,-0.030666139,0.0017440543,0.0094463155,0.9990925192832947
19,1583,left,4,THUMB_TIP,0.5435846,0.6259955,-0.026441373,-0.038517166,0.02208405,-0.0224251,0.9990925192832947
19,1583,left,5,INDEX_FINGER_MCP,0.5766967,0.60766464,-0.03350507,-0.013858059,-0.013369715,-0.003168404,0.9990925192832947
19,1583,left,6,INDEX_FINGER_PIP,0.55196947,0.6211475,-0.04426855,-0.037256323,0.008041494,-0.009811103,0.9990925192832947
19,1583,left,7,INDEX_FINGER_DIP,0.5394526,0.62915725,-0.047414314,-0.05021999,0.02425792,0.006583743,0.9990925192832947
19,1583,left,8,INDEX_FINGER_TIP,0.5311413,0.6350131,-0.04787681,-0.053862456,0.039484203,0.030822892,0.9990925192832947
19,1583,left,9,MIDDLE_FINGER_MCP,0.5911372,0.6133098,-0.033540234,-0.00047278893,-0.002541978,-0.0026309006,0.9990925192832947
19,1583,left,10,MIDDLE_FINGER_PIP,0.56273156,0.6272112,-0.04349561,-0.02698769,0.024203919,-0.008162759,0.9990925192832947
19,1583,left,11,MIDDLE_FINGER_DIP,0.5483516,0.6351134,-0.043718945,-0.036651976,0.044506025,0.009777851,0.9990925192832947
19,1583,left,12,MIDDLE_FINGER_TIP,0.5398058,0.6397628,-0.04315502,-0.04772257,0.055176444,0.0376306,0.9990925192832947
19,1583,left,13,RING_FINGER_MCP,0.60148096,0.6194738,-0.03245995,0.009114093,0.010978907,-0.00066682696,0.9990925192832947
19,1583,left,14,RING_FINGER_PIP,0.57260275,0.63146746,-0.038752023,-0.01307831,0.031814378,-0.0012307838,0.9990925192832947
19,1583,left,15,RING_FINGER_DIP,0.55791944,0.6379484,-0.037190303,-0.024606308,0.04636149,0.019084439,0.9990925192832947
19,1583,left,16,RING_FINGER_TIP,0.5488576,0.6418088,-0.03562471,-0.03340129,0.054232642,0.04432702,0.9990925192832947
19,1583,left,17,PINKY_MCP,0.607731,0.6252727,-0.03137345,0.024937497,0.024195418,0.014559161,0.9990925192832947
19,1583,left,18,PINKY_PIP,0.5825958,0.63364774,-0.035425358,0.0044882214,0.031758018,0.014267195,0.9990925192832947
19,1583,left,19,PINKY_DIP,0.5690991,0.6372313,-0.034311615,-0.012381898,0.04434112,0.026144266,0.9990925192832947
19,1583,left,20,PINKY_TIP,0.56051075,0.6399536,-0.0330434,-0.019635683,0.047047336,0.048563972,0.9990925192832947
19,1583,right,0,WRIST,0.8260052,0.6150256,2.066735e-07,-0.07765224,-0.018809544,0.059600443,0.9899086952209473
19,1583,right,1,THUMB_CMC,0.8586094,0.61209375,0.003668445,-0.04112284,-0.031064115,0.053938776,0.9899086952209473
19,1583,right,2,THUMB_MCP,0.88152254,0.6155735,0.0010462364,-0.014296502,-0.023087772,0.049200572,0.9899086952209473
19,1583,right,3,THUMB_IP,0.89319205,0.623547,-0.003050381,0.006940681,-0.005647268,0.033487163,0.9899086952209473
19,1583,right,4,THUMB_TIP,0.89658093,0.63153654,-0.0074863397,0.012823601,0.014881582,0.010568842,0.9899086952209473
19,1583,right,5,INDEX_FINGER_MCP,0.89075255,0.61387867,-0.005180138,0.011840187,-0.026733149,0.0055244192,0.9899086952209473
19,1583,right,6,INDEX_FINGER_PIP,0.92035586,0.61816156,-0.011924691,0.03924809,-0.015073027,-0.00028283894,0.9899086952209473
19,1583,right,7,INDEX_FINGER_DIP,0.9376206,0.6226037,-0.016156144,0.05671805,-0.0047700647,0.007958837,0.9899086952209473
19,1583,right,8,INDEX_FINGER_TIP,0.9510131,0.62697905,-0.018494915,0.07402792,0.002423822,0.018602863,0.9899086952209473
19,1583,right,9,MIDDLE_FINGER_MCP,0.8866089,0.62214464,-0.011722049,0.0033711987,-0.005715859,-0.0018781871,0.9899086952209473
19,1583,right,10,MIDDLE_FINGER_PIP,0.9189269,0.629521,-0.016880175,0.038044937,0.011033934,-0.006890908,0.9899086952209473
19,1583,right,11,MIDDLE_FINGER_DIP,0.9382893,0.6354827,-0.020482209,0.061279118,0.02150002,-3.3773482e-05,0.9899086952209473
19,1583,right,12,MIDDLE_FINGER_TIP,0.95283896,0.6403805,-0.022834409,0.08420933,0.02867283,0.01958599,0.9899086952209473
19,1583,right,13,RING_FINGER_MCP,0.8792093,0.6306501,-0.01781377,-0.0071745357,0.014722915,-0.0042605847,0.9899086952209473
19,1583,right,14,RING_FINGER_PIP,0.90960515,0.6388827,-0.021718655,0.023140658,0.03124037,-0.0065380186,0.9899086952209473
19,1583,right,15,RING_FINGER_DIP,0.92808634,0.644669,-0.024595795,0.0494776,0.041365333,-0.00035402924,0.9899086952209473
19,1583,right,16,RING_FINGER_TIP,0.9419268,0.64877504,-0.026375493,0.06586287,0.048829824,0.015825287,0.9899086952209473
19,1583,right,17,PINKY_MCP,0.86927736,0.6389091,-0.023522068,-0.021970775,0.030937383,0.003968179,0.9899086952209473
19,1583,right,18,PINKY_PIP,0.8937297,0.6458023,-0.025102409,0.0023351777,0.044277426,0.004419267,0.9899086952209473
19,1583,right,19,PINKY_DIP,0.90865165,0.65001595,-0.024498628,0.02484579,0.052161206,0.008034706,0.9899086952209473
19,1583,right,20,PINKY_TIP,0.92104065,0.6535729,-0.02382602,0.0408875,0.058371723,0.013051793,0.9899086952209473
20,1667,left,0,WRIST,0.60804373,0.6074195,2.091984e-07,0.0383051,-0.017299514,0.09200825,0.998807430267334
20,1667,left,1,THUMB_CMC,0.58737093,0.6058241,-0.007076912,0.0055056764,-0.022839498,0.067739174,0.998807430267334
20,1667,left,2,THUMB_MCP,0.56545794,0.61085874,-0.015055107,-0.015401866,-0.014269566,0.04334493,0.998807430267334
20,1667,left,3,THUMB_IP,0.5508941,0.6179569,-0.020496903,-0.030379316,0.0043065306,0.008180805,0.998807430267334
20,1667,left,4,THUMB_TIP,0.54499775,0.6256392,-0.026575167,-0.040581737,0.02335912,-0.023587555,0.998807430267334
20,1667,left,5,INDEX_FINGER_MCP,0.5794649,0.60827214,-0.033678226,-0.014193816,-0.01324625,-0.0029112622,0.998807430267334
20,1667,left,6,INDEX_FINGER_PIP,0.5544671,0.6211072,-0.044228494,-0.03908802,0.010183304,-0.010214269,0.998807430267334
20,1667,left,7,INDEX_FINGER_DIP,0.5412617,0.6287623,-0.047387313,-0.05223786,0.026066318,0.007094331,0.998807430267334
20,1667,left,8,INDEX_FINGER_TIP,0.5322018,0.634714,-0.047915842,-0.056172404,0.040172685,0.029934693,0.998807430267334
20,1667,left,9,MIDDLE_FINGER_MCP,0.5938187,0.61369157,-0.03356874,-0.0012320711,-0.0020087461,-0.002186954,0.998807430267334
20,1667,left,10,MIDDLE_FINGER_PIP,0.56474227,0.62683254,-0.043033093,-0.027030788,0.025147079,-0.007850535,0.998807430267334
20,1667,left,11,MIDDLE_FINGER_DIP,0.54977685,0.63451743,-0.043194994,-0.03814216,0.045152944,0.008851841,0.998807430267334
20,1667,left,12,MIDDLE_FINGER_TIP,0.5403413,0.6396052,-0.04272222,-0.05005174,0.057216417,0.03894283,0.998807430267334
20,1667,left,13,RING_FINGER_MCP,0.6041698,0.61966366,-0.032277882,0.009154411,0.009550182,-0.00024077296,0.998807430267334
20,1667,left,14,RING_FINGER_PIP,0.5747696,0.63108075,-0.038242813,-0.014175525,0.033087384,-0.0002539307,0.998807430267334
20,1667,left,15,RING_FINGER_DIP,0.5602955,0.6373954,-0.0363667,-0.025837775,0.04591153,0.020288087,0.998807430267334
20,1667,left,16,RING_FINGER_TIP,0.5514875,0.64162403,-0.034684807,-0.03316156,0.056313198,0.047200024,0.998807430267334
20,1667,left,17,PINKY_MCP,0.6105045,0.6253557,-0.031013118,0.025258875,0.02307358,0.014015486,0.998807430267334
20,1667,left,18,PINKY_PIP,0.5850831,0.6333723,-0.03489,0.0046198517,0.03037235,0.015210617,0.998807430267334
20,1667,left,19,PINKY_DIP,0.5717895,0.63668585,-0.03335581,-0.011807259,0.041806653,0.02672951,0.998807430267334
20,1667,left,20,PINKY_TIP,0.56377316,0.6393992,-0.031801593,-0.019628808,0.045008972,0.049367785,0.998807430267334
20,1667,right,0,WRIST,0.8426474,0.6207401,1.8657461e-07,-0.07154937,-0.018314257,0.06561503,0.9820826649665833
20,1667,right,1,THUMB_CMC,0.87238437,0.6170224,0.002453996,-0.037036072,-0.031277034,0.054303646,0.9820826649665833
20,1667,right,2,THUMB_MCP,0.8954153,0.61972564,-0.00077736017,-0.00985785,-0.024329122,0.05007285,0.9820826649665833
20,1667,right,3,THUMB_IP,0.90833956,0.62715745,-0.0050748033,0.0103775095,-0.008194466,0.029893085,0.9820826649665833
20,1667,right,4,THUMB_TIP,0.9127887,0.6351191,-0.009696013,0.017063567,0.011914735,0.010990605,0.9820826649665833
20,1667,right,5,INDEX_FINGER_MCP,0.9023249,0.6187089,-0.008340495,0.012577584,-0.026267858,0.0034139901,0.9820826649665833
20,1667,right,6,INDEX_FINGER_PIP,0.931925,0.62216675,-0.015681036,0.03824955,-0.016054526,-0.0030831695,0.9820826649665833
20,1667,right,7,INDEX_FINGER_DIP,0.9489352,0.6261344,-0.019615516,0.056167025,-0.006108363,0.005368665,0.9820826649665833
20,1667,right,8,INDEX_FINGER_TIP,0.9616966,0.6301053,-0.021571655,0.073797055,-0.0007740138,0.010041673,0.9820826649665833
20,1667,right,9,MIDDLE_FINGER_MCP,0.89765006,0.62693673,-0.014106674,0.0030669246,-0.004565965,-0.0024046972,0.9820826649665833
20,1667,right,10,MIDDLE_FINGER_PIP,0.9314676,0.633873,-0.020155247,0.039383616,0.010816435,-0.0069523826,0.9820826649665833
20,1667,right,11,MIDDLE_FINGER_DIP,0.95189965,0.639393,-0.02349483,0.06233167,0.01921241,-0.00115842,0.9820826649665833
20,1667,right,12,MIDDLE_FINGER_TIP,0.9665928,0.64410776,-0.025564045,0.085727856,0.026408024,0.018101826,0.9820826649665833
20,1667,right,13,RING_FINGER_MCP,0.89019156,0.63523376,-0.019372245,-0.006869833,0.015300654,-0.0029089227,0.9820826649665833
20,1667,right,14,RING_FINGER_PIP,0.92201287,0.6431972,-0.02453619,0.02348772,0.030452702,-0.0071260557,0.9820826649665833
20,1667,right,15,RING_FINGER_DIP,0.9408589,0.6484848,-0.027625056,0.04896763,0.0397336,-0.0015869141,0.9820826649665833
20,1667,right,16,RING_FINGER_TIP,0.95470566,0.65235436,-0.029412543,0.06596853,0.04421282,0.012199467,0.9820826649665833
20,1667,right,17,PINKY_MCP,0.8806238,0.64331526,-0.024203666,-0.022165366,0.030422157,0.006367497,0.9820826649665833
20,1667,right,18,PINKY_PIP,0.9046142,0.6504339,-0.027431512,0.00041662622,0.044377185,0.006334156,0.9820826649665833
20,1667,right,19,PINKY_DIP,0.91923004,0.65442896,-0.027759116,0.024990931,0.051115863,0.008655846,0.9820826649665833
20,1667,right,20,PINKY_TIP,0.93134725,0.6576989,-0.027643165,0.039565526,0.056354593,0.011052519,0.9820826649665833
21,1750,left,0,WRIST,0.6092338,0.6083024,2.178559e-07,0.035412427,-0.016024759,0.09537728,0.9983059167861938
21,1750,left,1,THUMB_CMC,0.5885868,0.6064853,-0.0074110064,0.0037648808,-0.02147231,0.067951664,0.9983059167861938
21,1750,left,2,THUMB_MCP,0.5664102,0.61162114,-0.015093752,-0.017508464,-0.013961682,0.04452315,0.9983059167861938
21,1750,left,3,THUMB_IP,0.55243117,0.61942285,-0.020143675,-0.031136936,0.0075408584,0.0076830164,0.9983059167861938
21,1750,left,4,THUMB_TIP,0.5460998,0.6272385,-0.025728859,-0.041181307,0.025492428,-0.021600105,0.9983059167861938
21,1750,left,5,INDEX_FINGER_MCP,0.5815177,0.60869896,-0.03308156,-0.012819043,-0.012092455,-0.003946021,0.9983059167861938
21,1750,left,6,INDEX_FINGER_PIP,0.55670816,0.6214136,-0.043454643,-0.038432855,0.010695806,-0.010160804,0.9983059167861938
21,1750,left,7,INDEX_FINGER_DIP,0.54332525,0.6290915,-0.0464407,-0.052567944,0.02802552,0.008363172,0.9983059167861938
21,1750,left,8,INDEX_FINGER_TIP,0.5342708,0.63496476,-0.04690088,-0.055057317,0.041186202,0.029908523,0.9983059167861938
21,1750,left,9,MIDDLE_FINGER_MCP,0.59549856,0.61423546,-0.032760657,-0.0005500706,-0.0021909892,-0.0027498007,0.9983059167861938
21,1750,left,10,MIDDLE_FINGER_PIP,0.56589776,0.6269814,-0.042101685,-0.02635421,0.02503554,-0.0081344545,0.9983059167861938
21,1750,left,11,MIDDLE_FINGER_DIP,0.5507411,0.63433635,-0.04233142,-0.039218865,0.044525515,0.008820035,0.9983059167861938
21,1750,left,12,MIDDLE_FINGER_TIP,0.54111576,0.6390896,-0.041942786,-0.05229389,0.05723841,0.04070913,0.9983059167861938
21,1750,left,13,RING_FINGER_MCP,0.60539246,0.62021136,-0.031317096,0.009352705,0.0092758145,0.00051498413,0.9983059167861938
21,1750,left,14,RING_FINGER_PIP,0.5754434,0.63127995,-0.037484925,-0.014794502,0.03228268,0.00016698986,0.9983059167861938
21,1750,left,15,RING_FINGER_DIP,0.56083256,0.63719136,-0.035889283,-0.02801156,0.044094402,0.021164678,0.9983059167861938
21,1750,left,16,RING_FINGER_TIP,0.55215806,0.64098936,-0.03437984,-0.0360346,0.05435535,0.04987338,0.9983059167861938
21,1750,left,17,PINKY_MCP,0.6113884,0.6258386,-0.02989647,0.023903107,0.022332147,0.014861576,0.9983059167861938
21,1750,left,18,PINKY_PIP,0.58570766,0.6336453,-0.03396621,0.0036604302,0.030186849,0.016823635,0.9983059167861938
21,1750,left,19,PINKY_DIP,0.572562,0.63668114,-0.03263969,-0.011934397,0.040713575,0.030465417,0.9983059167861938
21,1750,left,20,PINKY_TIP,0.5648977,0.63903433,-0.031251624,-0.020480301,0.044026196,0.053424463,0.9983059167861938
21,1750,right,0,WRIST,0.85300493,0.6249316,1.8530511e-07,-0.0684601,-0.020106288,0.066621885,0.9853842854499817
21,1750,right,1,THUMB_CMC,0.8794923,0.6200074,0.001660232,-0.03462141,-0.033100437,0.055079103,0.9853842854499817
21,1750,right,2,THUMB_MCP,0.90239376,0.6227478,-0.0018695946,-0.007184394,-0.02387049,0.050597563,0.9853842854499817
21,1750,right,3,THUMB_IP,0.9158237,0.6302038,-0.0059748976,0.010734322,-0.008371968,0.030721374,0.9853842854499817
21,1750,right,4,THUMB_TIP,0.92138046,0.637606,-0.010643531,0.01769922,0.008319493,0.008921459,0.9853842854499817
21,1750,right,5,INDEX_FINGER_MCP,0.90876925,0.62268037,-0.012199973,0.011819027,-0.024117272,0.0033327043,0.9853842854499817
21,1750,right,6,INDEX_FINGER_PIP,0.9397633,0.6269993,-0.019552635,0.038114257,-0.01346541,-0.0014308393,0.9853842854499817
21,1750,right,7,INDEX_FINGER_DIP,0.9568388,0.63118106,-0.022905158,0.05744696,-0.004358789,0.0070566013,0.9853842854499817
21,1750,right,8,INDEX_FINGER_TIP,0.9694564,0.63518995,-0.024347592,0.0730579,0.0013866685,0.017336363,0.9853842854499817
21,1750,right,9,MIDDLE_FINGER_MCP,0.9044168,0.63120097,-0.017367387,0.0024118742,-0.004157196,-0.0028370842,0.9853842854499817
21,1750,right,10,MIDDLE_FINGER_PIP,0.93924963,0.63832855,-0.023175742,0.038375113,0.011147252,-0.0069620684,0.9853842854499817
21,1750,right,11,MIDDLE_FINGER_DIP,0.9601662,0.64379823,-0.02623713,0.062226478,0.018885978,-0.00030256063,0.9853842854499817
21,1750,right,12,MIDDLE_FINGER_TIP,0.97476864,0.6483115,-0.02817928,0.08557501,0.025365397,0.018588744,0.9853842854499817
21,1750,right,13,RING_FINGER_MCP,0.89700985,0.63954675,-0.021721233,-0.0068148077,0.014207883,-0.0026476532,0.9853842854499817
21,1750,right,14,RING_FINGER_PIP,0.92957526,0.64713395,-0.026395803,0.023147497,0.029200174,-0.006695278,0.9853842854499817
21,1750,right,15,RING_FINGER_DIP,0.94904387,0.6520508,-0.029303087,0.047794204,0.03809774,0.00030776858,0.9853842854499817
21,1750,right,16,RING_FINGER_TIP,0.9633069,0.65575147,-0.031242916,0.0659339,0.04165768,0.0127778575,0.9853842854499817
21,1750,right,17,PINKY_MCP,0.88767433,0.64738065,-0.025590368,-0.022144116,0.028413538,0.008083545,0.9853842854499817
21,1750,right,18,PINKY_PIP,0.911047,0.65453845,-0.028696379,3.049057e-05,0.042825587,0.006512426,0.9853842854499817
21,1750,right,19,PINKY_DIP,0.92567784,0.65859246,-0.028961532,0.023118151,0.052048624,0.0079859495,0.9853842854499817
21,1750,right,20,PINKY_TIP,0.9379006,0.66197586,-0.028882522,0.038385935,0.056493957,0.012036949,0.9853842854499817
22,1833,left,0,WRIST,0.610602,0.60869616,2.1788054e-07,0.035312604,-0.01467951,0.09548885,0.9986749887466431
22,1833,left,1,THUMB_CMC,0.5902755,0.6068398,-0.0074735708,0.005027134,-0.02102751,0.068938345,0.9986749887466431
22,1833,left,2,THUMB_MCP,0.5683794,0.61168027,-0.015438494,-0.01666916,-0.013402265,0.04351425,0.9986749887466431
22,1833,left,3,THUMB_IP,0.55450135,0.6192158,-0.020754347,-0.030417267,0.0069866283,0.0061764196,0.9986749887466431
22,1833,left,4,THUMB_TIP,0.5484864,0.62684053,-0.026618646,-0.038859498,0.02585228,-0.025043592,0.9986749887466431
22,1833,left,5,INDEX_FINGER_MCP,0.5831081,0.60886097,-0.033417217,-0.013555529,-0.011762127,-0.0039182603,0.9986749887466431
22,1833,left,6,INDEX_FINGER_PIP,0.55766016,0.62145567,-0.04393244,-0.03802895,0.010799447,-0.010996267,0.9986749887466431
22,1833,left,7,INDEX_FINGER_DIP,0.54401803,0.62891227,-0.047017343,-0.05257301,0.02720597,0.007899925,0.9986749887466431
22,1833,left,8,INDEX_FINGER_TIP,0.5349442,0.63461757,-0.047508553,-0.056012552,0.040577166,0.029954894,0.9986749887466431
22,1833,left,9,MIDDLE_FINGER_MCP,0.5972356,0.6144741,-0.033100925,-0.0006655283,-0.0020007621,-0.0022863224,0.9986749887466431
22,1833,left,10,MIDDLE_FINGER_PIP,0.56723857,0.62710255,-0.04262025,-0.026405353,0.024783501,-0.008114543,0.9986749887466431
22,1833,left,11,MIDDLE_FINGER_DIP,0.5517979,0.63431984,-0.042926043,-0.039670803,0.044479817,0.009662934,0.9986749887466431
22,1833,left,12,MIDDLE_FINGER_TIP,0.5421793,0.63901925,-0.042561058,-0.051902883,0.0571816,0.040169973,0.9986749887466431
22,1833,left,13,RING_FINGER_MCP,0.60700953,0.6204523,-0.03165534,0.008739442,0.009932824,0.0004913509,0.9986749887466431
22,1833,left,14,RING_FINGER_PIP,0.5766945,0.6314611,-0.037891086,-0.014741401,0.031363487,-0.0005358979,0.9986749887466431
22,1833,left,15,RING_FINGER_DIP,0.56156373,0.63725245,-0.036318667,-0.028577013,0.044130627,0.02005729,0.9986749887466431
22,1833,left,16,RING_FINGER_TIP,0.5526878,0.64100486,-0.034810428,-0.035649877,0.0540858,0.04955373,0.9986749887466431
22,1833,left,17,PINKY_MCP,0.61265343,0.62609935,-0.030222269,0.024025382,0.02197394,0.015068661,0.9986749887466431
22,1833,left,18,PINKY_PIP,0.58677405,0.63383377,-0.034291133,0.0032284046,0.029356185,0.016376693,0.9986749887466431
22,1833,left,19,PINKY_DIP,0.5730626,0.63678783,-0.03297567,-0.012655406,0.04089445,0.029096663,0.9986749887466431
22,1833,left,20,PINKY_TIP,0.56492335,0.6391904,-0.03160127,-0.020769555,0.043162987,0.052056223,0.9986749887466431
22,1833,right,0,WRIST,0.85769844,0.62693256,1.9290927e-07,-0.065574154,-0.01877108,0.06692487,0.9906237721443176
22,1833,right,1,THUMB_CMC,0.8832423,0.6212511,-1.778632e-05,-0.032080755,-0.032464013,0.056669325,0.9906237721443176
22,1833,right,2,THUMB_MCP,0.9069115,0.62406534,-0.004258433,-0.005199964,-0.02213032,0.051315784,0.9906237721443176
22,1833,right,3,THUMB_IP,0.9202728,0.6319298,-0.008739062,0.011805271,-0.0073294262,0.030669749,0.9906237721443176
22,1833,right,4,THUMB_TIP,0.92486835,0.639489,-0.013827867,0.016188217,0.010920442,0.0063813776,0.9906237721443176
22,1833,right,5,INDEX_FINGER_MCP,0.91235185,0.6242873,-0.015143537,0.012667529,-0.024060411,0.0038352236,0.9906237721443176
22,1833,right,6,INDEX_FINGER_PIP,0.9436352,0.62807894,-0.023686498,0.03761803,-0.014561088,-0.0013390481,0.9906237721443176
22,1833,right,7,INDEX_FINGER_DIP,0.96074915,0.63223,-0.027580218,0.056994904,-0.005958006,0.0068315566,0.9906237721443176
22,1833,right,8,INDEX_FINGER_TIP,0.9735751,0.6363546,-0.029289322,0.0707031,-3.3127144e-06,0.020382904,0.9906237721443176
22,1833,right,9,MIDDLE_FINGER_MCP,0.9076312,0.63266003,-0.0197787,0.002232356,-0.0040896335,-0.0024576187,0.9906237721443176
22,1833,right,10,MIDDLE_FINGER_PIP,0.9433608,0.63965815,-0.02699625,0.037745103,0.012040261,-0.0065247416,0.9906237721443176
22,1833,right,11,MIDDLE_FINGER_DIP,0.9652913,0.6450601,-0.030558622,0.06310241,0.018766588,-0.0001578182,0.9906237721443176
22,1833,right,12,MIDDLE_FINGER_TIP,0.98092425,0.6494835,-0.032673795,0.08694776,0.02406652,0.016861677,0.9906237721443176
22,1833,right,13,RING_FINGER_MCP,0.89993376,0.6409318,-0.023701986,-0.0072482554,0.013754896,-0.0031917617,0.9906237721443176
22,1833,right,14,RING_FINGER_PIP,0.93332297,0.6483181,-0.029712252,0.024067327,0.027497925,-0.0064344555,0.9906237721443176
22,1833,right,15,RING_FINGER_DIP,0.9536556,0.6534195,-0.033289656,0.048226517,0.03860419,0.0007830933,0.9906237721443176
22,1833,right,16,RING_FINGER_TIP,0.96848065,0.65721637,-0.03532328,0.06627645,0.04153183,0.012162941,0.9906237721443176
22,1833,right,17,PINKY_MCP,0.8908899,0.64856225,-0.027216535,-0.021042239,0.027332578,0.0075486936,0.9906237721443176
22,1833,right,18,PINKY_PIP,0.9157548,0.6560055,-0.031243946,0.0022747992,0.043064613,0.0075166896,0.9906237721443176
22,1833,right,19,PINKY_DIP,0.9309411,0.66038674,-0.032163717,0.024804175,0.05300246,0.010188177,0.9906237721443176
22,1833,right,20,PINKY_TIP,0.9435737,0.66400546,-0.032420404,0.039957907,0.05594722,0.015847102,0.9906237721443176
23,1917,left,0,WRIST,0.61178386,0.6088657,2.2317307e-07,0.03624644,-0.012416628,0.09480758,0.998510479927063
23,1917,left,1,THUMB_CMC,0.59117806,0.6067861,-0.0076552616,0.0050146566,-0.019382792,0.06770338,0.998510479927063
23,1917,left,2,THUMB_MCP,0.5692555,0.6111255,-0.015829952,-0.016146695,-0.01463067,0.043209225,0.998510479927063
23,1917,left,3,THUMB_IP,0.55559516,0.6183772,-0.02134385,-0.028505562,0.0050264886,0.005687237,0.998510479927063
23,1917,left,4,THUMB_TIP,0.5503157,0.6260559,-0.027395822,-0.036394335,0.022297828,-0.025577277,0.998510479927063
23,1917,left,5,INDEX_FINGER_MCP,0.5840239,0.60888404,-0.033848114,-0.012084637,-0.012729485,-0.0027151853,0.998510479927063
23,1917,left,6,INDEX_FINGER_PIP,0.558538,0.6211042,-0.044923045,-0.036933593,0.00890295,-0.010460094,0.998510479927063
23,1917,left,7,INDEX_FINGER_DIP,0.5449574,0.6287136,-0.048406847,-0.051765695,0.026951395,0.008205354,0.998510479927063
23,1917,left,8,INDEX_FINGER_TIP,0.5362817,0.6343441,-0.04906088,-0.053804606,0.038703565,0.029010747,0.998510479927063
23,1917,left,9,MIDDLE_FINGER_MCP,0.59765214,0.6146412,-0.033480823,-0.00092322583,-0.0016420094,-0.0020196475,0.998510479927063
23,1917,left,10,MIDDLE_FINGER_PIP,0.5675524,0.62664527,-0.043531965,-0.025842413,0.022998149,-0.00873334,0.998510479927063
23,1917,left,11,MIDDLE_FINGER_DIP,0.55184406,0.6339077,-0.044070046,-0.04027555,0.042255655,0.006773919,0.998510479927063
23,1917,left,12,MIDDLE_FINGER_TIP,0.5421442,0.6384189,-0.043762207,-0.05351091,0.054240316,0.037949607,0.998510479927063
23,1917,left,13,RING_FINGER_MCP,0.6072218,0.6206622,-0.032032453,0.008228157,0.009816774,0.00012920797,0.998510479927063
23,1917,left,14,RING_FINGER_PIP,0.577012,0.63111377,-0.038644407,-0.014507793,0.030367287,-0.00222335,0.998510479927063
23,1917,left,15,RING_FINGER_DIP,0.5617191,0.63696206,-0.037394565,-0.029378325,0.04226964,0.018687893,0.998510479927063
23,1917,left,16,RING_FINGER_TIP,0.5526838,0.6404948,-0.036015827,-0.037552763,0.051745497,0.04814353,0.998510479927063
23,1917,left,17,PINKY_MCP,0.61288387,0.62620825,-0.030612461,0.022014443,0.022290893,0.014020592,0.998510479927063
23,1917,left,18,PINKY_PIP,0.5870956,0.63364106,-0.034867454,0.0030621244,0.028820429,0.01574532,0.998510479927063
23,1917,left,19,PINKY_DIP,0.5733672,0.6367047,-0.033801902,-0.013837295,0.039109867,0.028460875,0.998510479927063
23,1917,left,20,PINKY_TIP,0.5651902,0.6389349,-0.032561626,-0.022427758,0.04148099,0.05046591,0.998510479927063
23,1917,right,0,WRIST,0.8607304,0.6284945,1.8184848e-07,-0.06446681,-0.016059212,0.0669799,0.9910838603973389
23,1917,right,1,THUMB_CMC,0.88521624,0.6224232,1.8490678e-05,-0.03214358,-0.029439583,0.057130903,0.9910838603973389
23,1917,right,2,THUMB_MCP,0.90977514,0.6245668,-0.004202352,-0.004885738,-0.021051949,0.049821764,0.9910838603973389
23,1917,right,3,THUMB_IP,0.9261103,0.6311213,-0.008542793,0.012328921,-0.009231981,0.029857546,0.9910838603973389
23,1917,right,4,THUMB_TIP,0.93427896,0.63764405,-0.013506731,0.021024404,0.004937066,0.0029565543,0.9910838603973389
23,1917,right,5,INDEX_FINGER_MCP,0.91479,0.62496966,-0.01644858,0.011695957,-0.023041053,0.00439965,0.9910838603973389
23,1917,right,6,INDEX_FINGER_PIP,0.946845,0.6287876,-0.025554365,0.035347283,-0.014415352,-0.00087063015,0.9910838603973389
23,1917,right,7,INDEX_FINGER_DIP,0.9642616,0.63316745,-0.029531065,0.054075137,-0.005847984,0.008889526,0.9910838603973389
23,1917,right,8,INDEX_FINGER_TIP,0.9770656,0.63756555,-0.03109517,0.068499915,-0.00027637277,0.024399428,0.9910838603973389
23,1917,right,9,MIDDLE_FINGER_MCP,0.91046876,0.6335139,-0.02097152,0.0018532686,-0.003911098,-0.002284497,0.9910838603973389
23,1917,right,10,MIDDLE_FINGER_PIP,0.94715357,0.6403446,-0.028705278,0.036833063,0.011714012,-0.0063614473,0.9910838603973389
23,1917,right,11,MIDDLE_FINGER_DIP,0.969343,0.6457996,-0.03210686,0.061138246,0.016937694,-3.52785e-05,0.9910838603973389
23,1917,right,12,MIDDLE_FINGER_TIP,0.98481137,0.6501768,-0.03398559,0.08372933,0.022255108,0.019444346,0.9910838603973389
23,1917,right,13,RING_FINGER_MCP,0.90361553,0.6420361,-0.024721086,-0.005661314,0.0128455255,-0.0033823773,0.9910838603973389
23,1917,right,14,RING_FINGER_PIP,0.93841785,0.6490842,-0.030929182,0.023856416,0.026197825,-0.006999925,0.9910838603973389
23,1917,right,15,RING_FINGER_DIP,0.9596976,0.6541645,-0.03429975,0.04865331,0.036027577,0.0013450868,0.9910838603973389
23,1917,right,16,RING_FINGER_TIP,0.97498035,0.6578396,-0.036147814,0.067262016,0.039792564,0.014709767,0.9910838603973389
23,1917,right,17,PINKY_MCP,0.8957005,0.6498792,-0.028004242,-0.018363334,0.026613533,0.0065893754,0.9910838603973389
23,1917,right,18,PINKY_PIP,0.92293197,0.65661657,-0.032261036,0.00443879,0.040204745,0.0062129274,0.9910838603973389
23,1917,right,19,PINKY_DIP,0.9393799,0.6606119,-0.033262435,0.02870648,0.049698934,0.010158479,0.9910838603973389
23,1917,right,20,PINKY_TIP,0.95279574,0.66374815,-0.033497754,0.043860316,0.05081836,0.01761207,0.9910838603973389
24,2000,left,0,WRIST,0.61265224,0.6089455,2.1571203e-07,0.036489278,-0.014684529,0.095540375,0.9989391565322876
24,2000,left,1,THUMB_CMC,0.5923197,0.60668033,-0.0073162266,0.0056082625,-0.021483125,0.06757596,0.9989391565322876
24,2000,left,2,THUMB_MCP,0.5705802,0.6110396,-0.015011235,-0.016528208,-0.015430217,0.043020144,0.9989391565322876
24,2000,left,3,THUMB_IP,0.55631304,0.6179682,-0.02018325,-0.030452203,0.003955109,0.007111348,0.9989391565322876
24,2000,left,4,THUMB_TIP,0.5495641,0.62551147,-0.02588716,-0.040817495,0.022234224,-0.023473516,0.9989391565322876
24,2000,left,5,INDEX_FINGER_MCP,0.58512866,0.6091249,-0.03232627,-0.012898388,-0.012658869,-0.003449969,0.9989391565322876
24,2000,left,6,INDEX_FINGER_PIP,0.56015724,0.6212851,-0.042874046,-0.038168684,0.009044824,-0.010691732,0.9989391565322876
24,2000,left,7,INDEX_FINGER_DIP,0.5465642,0.6286215,-0.046149045,-0.0525746,0.026366845,0.0071911514,0.9989391565322876
24,2000,left,8,INDEX_FINGER_TIP,0.53764856,0.63407075,-0.04670851,-0.055371605,0.03898339,0.028577182,0.9989391565322876
24,2000,left,9,MIDDLE_FINGER_MCP,0.59853727,0.6148289,-0.032004498,-0.0012048099,-0.0021242655,-0.0027751848,0.9989391565322876
24,2000,left,10,MIDDLE_FINGER_PIP,0.5690545,0.626715,-0.04139464,-0.027182117,0.023787897,-0.008100048,0.9989391565322876
24,2000,left,11,MIDDLE_FINGER_DIP,0.55334955,0.63392,-0.041935265,-0.040729597,0.043280154,0.007181555,0.9989391565322876
24,2000,left,12,MIDDLE_FINGER_TIP,0.54335135,0.638572,-0.041706264,-0.054065302,0.056571275,0.03858564,0.9989391565322876
24,2000,left,13,RING_FINGER_MCP,0.60795087,0.62076336,-0.030627884,0.00888043,0.009948051,0.00051591545,0.9989391565322876
24,2000,left,14,RING_FINGER_PIP,0.5782806,0.6310564,-0.03679225,-0.015463,0.031591132,-0.0009435192,0.9989391565322876
24,2000,left,15,RING_FINGER_DIP,0.5632791,0.63690346,-0.035504278,-0.028758321,0.043005757,0.019767024,0.9989391565322876
24,2000,left,16,RING_FINGER_TIP,0.55424136,0.6406394,-0.03414293,-0.0374688,0.053491674,0.04872639,0.9989391565322876
24,2000,left,17,PINKY_MCP,0.61356187,0.6262757,-0.029280758,0.023859985,0.02306598,0.015155856,0.9989391565322876
24,2000,left,18,PINKY_PIP,0.5881465,0.6336146,-0.033410903,0.0036403537,0.029755864,0.016682122,0.9989391565322876
24,2000,left,19,PINKY_DIP,0.5748091,0.63659304,-0.032297697,-0.013535568,0.04004781,0.02901569,0.9989391565322876
24,2000,left,20,PINKY_TIP,0.56684387,0.63885057,-0.030974034,-0.021956436,0.043633375,0.051334172,0.9989391565322876
24,2000,right,0,WRIST,0.8640074,0.6300308,1.8160972e-07,-0.06614027,-0.014710939,0.069849595,0.9920002222061157
24,2000,right,1,THUMB_CMC,0.88868004,0.6237826,-0.0002348489,-0.034154493,-0.030485569,0.05736351,0.9920002222061157
24,2000,right,2,THUMB_MCP,0.9129669,0.6257836,-0.0046539092,-0.0065996014,-0.022586292,0.05092682,0.9920002222061157
24,2000,right,3,THUMB_IP,0.9282633,0.63285565,-0.009156939,0.01210234,-0.009750178,0.030369088,0.9920002222061157
24,2000,right,4,THUMB_TIP,0.9347644,0.64002323,-0.014327259,0.019442834,0.007889583,0.005252257,0.9920002222061157
24,2000,right,5,INDEX_FINGER_MCP,0.91810167,0.6252716,-0.01680039,0.010943284,-0.025040396,0.0031202286,0.9920002222061157
24,2000,right,6,INDEX_FINGER_PIP,0.950489,0.6291983,-0.026130827,0.037517976,-0.01576496,-0.001123935,0.9920002222061157
24,2000,right,7,INDEX_FINGER_DIP,0.9681648,0.6339837,-0.030278582,0.057687324,-0.0058052856,0.008763634,0.9920002222061157
24,2000,right,8,INDEX_FINGER_TIP,0.98109955,0.63881624,-0.03195832,0.07144485,0.0003935676,0.026758503,0.9920002222061157
24,2000,right,9,MIDDLE_FINGER_MCP,0.9142326,0.6342861,-0.02130624,0.0022968869,-0.0044319453,-0.0026892275,0.9920002222061157
24,2000,right,10,MIDDLE_FINGER_PIP,0.95048034,0.6408376,-0.029102352,0.038975693,0.010508879,-0.005078405,0.9920002222061157
24,2000,right,11,MIDDLE_FINGER_DIP,0.9717367,0.6463226,-0.032547906,0.06280333,0.016691608,0.0020411313,0.9920002222061157
24,2000,right,12,MIDDLE_FINGER_TIP,0.98652434,0.6508218,-0.034523666,0.08427278,0.020931184,0.022178888,0.9920002222061157
24,2000,right,13,RING_FINGER_MCP,0.9080426,0.6431033,-0.02508516,-0.005873316,0.014534797,-0.0025197342,0.9920002222061157
24,2000,right,14,RING_FINGER_PIP,0.94247997,0.65011317,-0.031261463,0.026248584,0.027246214,-0.005199291,0.9920002222061157
24,2000,right,15,RING_FINGER_DIP,0.9633099,0.65539515,-0.03469757,0.05149349,0.037483685,0.0038873814,0.9920002222061157
24,2000,right,16,RING_FINGER_TIP,0.97840446,0.6592267,-0.036634937,0.06926227,0.040491417,0.017388297,0.9920002222061157
24,2000,right,17,PINKY_MCP,0.9010277,0.65105516,-0.028455116,-0.017973516,0.02964196,0.008925078,0.9920002222061157
24,2000,right,18,PINKY_PIP,0.9287451,0.6573775,-0.03263195,0.007046034,0.041876238,0.008782208,0.9920002222061157
24,2000,right,19,PINKY_DIP,0.94522023,0.66115963,-0.03366896,0.0316613,0.05006009,0.013251856,0.9920002222061157
24,2000,right,20,PINKY_TIP,0.95877415,0.66415465,-0.033997215,0.047424525,0.050826,0.020377755,0.9920002222061157
25,2083,left,0,WRIST,0.61325055,0.6085901,2.224143e-07,0.038097177,-0.015512835,0.09327561,0.9989596605300903
25,2083,left,1,THUMB_CMC,0.59281796,0.60634744,-0.007255715,0.0057680337,-0.022322727,0.06650719,0.9989596605300903
25,2083,left,2,THUMB_MCP,0.5713088,0.61054116,-0.014985267,-0.016243076,-0.016657926,0.04212728,0.9989596605300903
25,2083,left,3,THUMB_IP,0.55772847,0.6173601,-0.020247491,-0.029788755,0.0031892806,0.0067964867,0.9989596605300903
25,2083,left,4,THUMB_TIP,0.5522007,0.6250431,-0.02606681,-0.03943794,0.020918611,-0.0253198,0.9989596605300903
25,2083,left,5,INDEX_FINGER_MCP,0.58561325,0.6089806,-0.031801876,-0.012471359,-0.0127918925,-0.0025290996,0.9989596605300903
25,2083,left,6,INDEX_FINGER_PIP,0.56074256,0.6209208,-0.04250767,-0.037836157,0.00913829,-0.010335892,0.9989596605300903
25,2083,left,7,INDEX_FINGER_DIP,0.54710263,0.62843496,-0.046071637,-0.052837797,0.027249184,0.007694207,0.9989596605300903
25,2083,left,8,INDEX_FINGER_TIP,0.5384987,0.63397825,-0.046751793,-0.054077987,0.03987892,0.029372681,0.9989596605300903
25,2083,left,9,MIDDLE_FINGER_MCP,0.598903,0.6146905,-0.031559978,-0.00093907927,-0.0016290941,-0.0020822212,0.9989596605300903
25,2083,left,10,MIDDLE_FINGER_PIP,0.5694228,0.6262879,-0.041032102,-0.02816369,0.023479916,-0.007315971,0.9989596605300903
25,2083,left,11,MIDDLE_FINGER_DIP,0.5533341,0.63366866,-0.041831676,-0.04161895,0.04321268,0.007199995,0.9989596605300903
25,2083,left,12,MIDDLE_FINGER_TIP,0.5432022,0.63843495,-0.041737124,-0.056051575,0.056877,0.03974601,0.9989596605300903
25,2083,left,13,RING_FINGER_MCP,0.6082115,0.6205904,-0.030297033,0.008314925,0.01013102,9.274483e-05,0.9989596605300903
25,2083,left,14,RING_FINGER_PIP,0.5787336,0.6306183,-0.036513045,-0.01550495,0.031401806,-0.0013739392,0.9989596605300903
25,2083,left,15,RING_FINGER_DIP,0.563166,0.63649595,-0.035526894,-0.02973783,0.0418784,0.02084165,0.9989596605300903
25,2083,left,16,RING_FINGER_TIP,0.55385715,0.64017963,-0.0343169,-0.03904468,0.052434295,0.048956327,0.9989596605300903
25,2083,left,17,PINKY_MCP,0.61376935,0.62607086,-0.029054098,0.023322398,0.022967,0.014098287,0.9989596605300903
25,2083,left,18,PINKY_PIP,0.5883682,0.6334595,-0.033045504,0.0033386042,0.030498639,0.015720878,0.9989596605300903
25,2083,left,19,PINKY_DIP,0.57470554,0.6364798,-0.031898644,-0.013935174,0.040267844,0.029256828,0.9989596605300903
25,2083,left,20,PINKY_TIP,0.56661403,0.6386812,-0.03054205,-0.022724483,0.043772683,0.05144842,0.9989596605300903
25,2083,right,0,WRIST,0.86663085,0.63163054,1.8989378e-07,-0.06646194,-0.012015078,0.068818,0.991186797618866
25,2083,right,1,THUMB_CMC,0.89107215,0.62544537,0.00026767806,-0.0338548,-0.027455345,0.059341043,0.991186797618866
25,2083,right,2,THUMB_MCP,0.9159121,0.6266296,-0.003971055,-0.005942881,-0.021601975,0.051202193,0.991186797618866
25,2083,right,3,THUMB_IP,0.9330189,0.63261455,-0.008360489,0.014815904,-0.010796691,0.029533096,0.991186797618866
25,2083,right,4,THUMB_TIP,0.9415934,0.6389507,-0.013302055,0.023427408,0.0042465725,0.0022316873,0.991186797618866
25,2083,right,5,INDEX_FINGER_MCP,0.9199782,0.625272,-0.016851777,0.011227768,-0.025186285,0.004626453,0.991186797618866
25,2083,right,6,INDEX_FINGER_PIP,0.9537133,0.6293179,-0.026113583,0.03850352,-0.016001776,0.0014459193,0.991186797618866
25,2083,right,7,INDEX_FINGER_DIP,0.97149247,0.6344143,-0.029945225,0.05786851,-0.005186324,0.009960517,0.991186797618866
25,2083,right,8,INDEX_FINGER_TIP,0.98417354,0.63945246,-0.031309348,0.07216687,0.0014502136,0.026608795,0.991186797618866
25,2083,right,9,MIDDLE_FINGER_MCP,0.915666,0.63415444,-0.021590998,0.0018725498,-0.0045522726,-0.0021815598,0.991186797618866
25,2083,right,10,MIDDLE_FINGER_PIP,0.95274055,0.64137274,-0.029454388,0.03884119,0.010459249,-0.0045751333,0.991186797618866
25,2083,right,11,MIDDLE_FINGER_DIP,0.97374254,0.64719826,-0.03262491,0.06207475,0.017242787,0.0036690459,0.991186797618866
25,2083,right,12,MIDDLE_FINGER_TIP,0.9880606,0.6517708,-0.034331154,0.08210008,0.021375254,0.021936819,0.991186797618866
25,2083,right,13,RING_FINGER_MCP,0.90930766,0.6433165,-0.025541872,-0.0059997793,0.014632993,-0.0036024004,0.991186797618866
25,2083,right,14,RING_FINGER_PIP,0.94391626,0.65067106,-0.031669278,0.025195437,0.027485749,-0.0057284907,0.991186797618866
25,2083,right,15,RING_FINGER_DIP,0.96480626,0.65605253,-0.034690037,0.0506543,0.0371548,0.0035299808,0.991186797618866
25,2083,right,16,RING_FINGER_TIP,0.9798984,0.65982276,-0.03636162,0.06779319,0.0411583,0.016179465,0.991186797618866
25,2083,right,17,PINKY_MCP,0.9022989,0.65189,-0.029031076,-0.018829217,0.030024251,0.00598247,0.991186797618866
25,2083,right,18,PINKY_PIP,0.93017614,0.65816456,-0.0331458,0.006085754,0.042705193,0.005977407,0.991186797618866
25,2083,right,19,PINKY_DIP,0.94663036,0.6619034,-0.03390601,0.02998268,0.04966276,0.010777786,0.991186797618866
25,2083,right,20,PINKY_TIP,0.9601311,0.6647652,-0.03402852,0.045739457,0.05066753,0.018743992,0.991186797618866
26,2167,left,0,WRIST,0.61342806,0.60891795,2.2397334e-07,0.037745222,-0.014986775,0.09340948,0.9990415573120117
26,2167,left,1,THUMB_CMC,0.59313524,0.6068281,-0.0069810706,0.005370789,-0.022108663,0.066215694,0.9990415573120117
26,2167,left,2,THUMB_MCP,0.5715337,0.61096627,-0.014465688,-0.016215418,-0.016386677,0.04246962,0.9990415573120117
26,2167,left,3,THUMB_IP,0.5574919,0.6176684,-0.01952124,-0.029993033,0.0032171123,0.006921567,0.9990415573120117
26,2167,left,4,THUMB_TIP,0.5512092,0.6252168,-0.025111763,-0.041000333,0.021089064,-0.024458297,0.9990415573120117
26,2167,left,5,INDEX_FINGER_MCP,0.58626896,0.6092462,-0.031362075,-0.012373002,-0.012893417,-0.0027630106,0.9990415573120117
26,2167,left,6,INDEX_FINGER_PIP,0.5613349,0.62103623,-0.041820556,-0.0379878,0.008226159,-0.009633601,0.9990415573120117
26,2167,left,7,INDEX_FINGER_DIP,0.54777837,0.6282824,-0.045128535,-0.052539647,0.02685458,0.008486941,0.9990415573120117
26,2167,left,8,INDEX_FINGER_TIP,0.5393022,0.6336138,-0.04562654,-0.05385593,0.038322322,0.029908594,0.9990415573120117
26,2167,left,9,MIDDLE_FINGER_MCP,0.5993886,0.61479264,-0.031164577,-0.000787466,-0.0016218022,-0.0023521706,0.9990415573120117
26,2167,left,10,MIDDLE_FINGER_PIP,0.56987286,0.62630725,-0.040431667,-0.027598063,0.023295393,-0.0067744404,0.9990415573120117
26,2167,left,11,MIDDLE_FINGER_DIP,0.55398583,0.6335083,-0.04106282,-0.04102731,0.042769372,0.007951558,0.9990415573120117
26,2167,left,12,MIDDLE_FINGER_TIP,0.5441204,0.6381217,-0.040873222,-0.054729342,0.05614181,0.040946275,0.9990415573120117
26,2167,left,13,RING_FINGER_MCP,0.60852945,0.6206348,-0.029957118,0.00825244,0.009751201,0.00019344687,0.9990415573120117
26,2167,left,14,RING_FINGER_PIP,0.5792931,0.63059765,-0.03606735,-0.015214483,0.031732112,-0.00018668175,0.9990415573120117
26,2167,left,15,RING_FINGER_DIP,0.56378275,0.63641846,-0.035148792,-0.02919167,0.04117058,0.021004677,0.9990415573120117
26,2167,left,16,RING_FINGER_TIP,0.5543995,0.64007103,-0.03403193,-0.03848301,0.052291386,0.048692487,0.9990415573120117
26,2167,left,17,PINKY_MCP,0.6139792,0.62615174,-0.028734017,0.02339262,0.02304606,0.014659036,0.9990415573120117
26,2167,left,18,PINKY_PIP,0.5890503,0.63347006,-0.032742504,0.004779919,0.031022105,0.016477682,0.9990415573120117
26,2167,left,19,PINKY_DIP,0.57538635,0.636522,-0.03178973,-0.01310967,0.040895,0.030278556,0.9990415573120117
26,2167,left,20,PINKY_TIP,0.5670769,0.6387335,-0.030616138,-0.022618352,0.044634126,0.052749544,0.9990415573120117
26,2167,right,0,WRIST,0.866999,0.6324135,2.0472686e-07,-0.06703333,-0.009465577,0.06766483,0.9930961728096008
26,2167,right,1,THUMB_CMC,0.8915939,0.62639564,0.00013900896,-0.035265103,-0.02624169,0.06240645,0.9930961728096008
26,2167,right,2,THUMB_MCP,0.91639405,0.62743306,-0.004626856,-0.005519215,-0.02123819,0.05115767,0.9930961728096008
26,2167,right,3,THUMB_IP,0.93357986,0.6334669,-0.009449986,0.015771024,-0.009836198,0.030736648,0.9930961728096008
26,2167,right,4,THUMB_TIP,0.94256073,0.6401437,-0.01476119,0.024763266,0.0057742354,0.0009302646,0.9930961728096008
26,2167,right,5,INDEX_FINGER_MCP,0.92059875,0.6253195,-0.018271076,0.012617292,-0.026150275,0.004666701,0.9930961728096008
26,2167,right,6,INDEX_FINGER_PIP,0.9543723,0.6295114,-0.027867539,0.040438686,-0.016732736,0.002585262,0.9930961728096008
26,2167,right,7,INDEX_FINGER_DIP,0.97234786,0.6346517,-0.031971265,0.058152366,-0.0044685723,0.011603937,0.9930961728096008
26,2167,right,8,INDEX_FINGER_TIP,0.98515993,0.63980854,-0.03349356,0.07432393,0.0014894693,0.027857885,0.9930961728096008
26,2167,right,9,MIDDLE_FINGER_MCP,0.9156704,0.63413614,-0.02302968,0.0015552031,-0.0046321154,-0.0025222376,0.9930961728096008
26,2167,right,10,MIDDLE_FINGER_PIP,0.95309895,0.6412602,-0.031323228,0.03938168,0.009998299,-0.003937684,0.9930961728096008
26,2167,right,11,MIDDLE_FINGER_DIP,0.9744596,0.64698344,-0.0346359,0.063844346,0.016311005,0.006444253,0.9930961728096008
26,2167,right,12,MIDDLE_FINGER_TIP,0.98896146,0.6515831,-0.036417075,0.08304036,0.019563846,0.023657024,0.9930961728096008
26,2167,right,13,RING_FINGER_MCP,0.90944946,0.6435581,-0.026885077,-0.006249364,0.014797172,-0.0042172372,0.9930961728096008
26,2167,right,14,RING_FINGER_PIP,0.94475484,0.65109384,-0.03323788,0.02629735,0.02823628,-0.004829891,0.9930961728096008
26,2167,right,15,RING_FINGER_DIP,0.96566087,0.65647364,-0.035999008,0.052607678,0.036380857,0.003622584,0.9930961728096008
26,2167,right,16,RING_FINGER_TIP,0.9804956,0.66028744,-0.037419084,0.06888062,0.04211073,0.017397087,0.9930961728096008
26,2167,right,17,PINKY_MCP,0.90277547,0.65230954,-0.03027366,-0.019050531,0.030621916,0.0058629513,0.9930961728096008
26,2167,right,18,PINKY_PIP,0.931105,0.6585809,-0.034239504,0.0071819727,0.043523997,0.0064219683,0.9930961728096008
26,2167,right,19,PINKY_DIP,0.9474736,0.6623669,-0.0346469,0.030812588,0.049340975,0.011933535,0.9930961728096008
26,2167,right,20,PINKY_TIP,0.9606751,0.665431,-0.034484167,0.04598782,0.05175972,0.020101234,0.9930961728096008
27,2250,left,0,WRIST,0.6134925,0.6090644,2.1963014e-07,0.03694968,-0.0148516875,0.09474222,0.9992297291755676
27,2250,left,1,THUMB_CMC,0.5932953,0.6069528,-0.0067946087,0.0051501254,-0.02196873,0.06650652,0.9992297291755676
27,2250,left,2,THUMB_MCP,0.57131433,0.6111223,-0.014046257,-0.016942602,-0.016732048,0.042910494,0.9992297291755676
27,2250,left,3,THUMB_IP,0.5567534,0.61770654,-0.018910551,-0.030806009,0.0031361915,0.008445516,0.9992297291755676
27,2250,left,4,THUMB_TIP,0.54937875,0.62513363,-0.024308404,-0.043396715,0.020997167,-0.02257415,0.9992297291755676
27,2250,left,5,INDEX_FINGER_MCP,0.5864216,0.60934806,-0.031094028,-0.013024384,-0.01348577,-0.0028071105,0.9992297291755676
27,2250,left,6,INDEX_FINGER_PIP,0.561598,0.62135464,-0.041380256,-0.037874244,0.0075596347,-0.009283632,0.9992297291755676
27,2250,left,7,INDEX_FINGER_DIP,0.54802793,0.6286457,-0.044539507,-0.052110832,0.027104538,0.008019,0.9992297291755676
27,2250,left,8,INDEX_FINGER_TIP,0.53966796,0.6339594,-0.044919092,-0.053232286,0.03908807,0.029232355,0.9992297291755676
27,2250,left,9,MIDDLE_FINGER_MCP,0.59956807,0.61483157,-0.030972047,-0.0011062172,-0.001519203,-0.0023178011,0.9992297291755676
27,2250,left,10,MIDDLE_FINGER_PIP,0.5702197,0.62640864,-0.04016249,-0.027405327,0.02331112,-0.0063879415,0.9992297291755676
27,2250,left,11,MIDDLE_FINGER_DIP,0.5542702,0.63363314,-0.040809453,-0.040822793,0.0424732,0.007918209,0.9992297291755676
27,2250,left,12,MIDDLE_FINGER_TIP,0.5443982,0.6382749,-0.040617496,-0.054993223,0.05729078,0.04056081,0.9992297291755676
27,2250,left,13,RING_FINGER_MCP,0.60874826,0.6206181,-0.029821532,0.008222267,0.009786417,0.00021602213,0.9992297291755676
27,2250,left,14,RING_FINGER_PIP,0.57964784,0.6306866,-0.03590525,-0.014925388,0.031946145,-0.0007722825,0.9992297291755676
27,2250,left,15,RING_FINGER_DIP,0.56399286,0.63650936,-0.03502669,-0.029140212,0.04142604,0.020822182,0.9992297291755676
27,2250,left,16,RING_FINGER_TIP,0.55446845,0.6401803,-0.033925556,-0.03843597,0.052457973,0.04849741,0.9992297291755676
27,2250,left,17,PINKY_MCP,0.6143111,0.6261041,-0.028626703,0.024254072,0.023362134,0.014536435,0.9992297291755676
27,2250,left,18,PINKY_PIP,0.58940464,0.633634,-0.032698706,0.005904589,0.031564947,0.017149199,0.9992297291755676
27,2250,left,19,PINKY_DIP,0.5756886,0.6367063,-0.031764757,-0.012850195,0.041183837,0.030600518,0.9992297291755676
27,2250,left,20,PINKY_TIP,0.567358,0.63885707,-0.030566953,-0.02207222,0.04491193,0.05344732,0.9992297291755676
27,2250,right,0,WRIST,0.86841404,0.63323015,2.135343e-07,-0.06567504,-0.0071555967,0.06975931,0.9929060935974121
27,2250,right,1,THUMB_CMC,0.8927988,0.62686807,-0.000431418,-0.033614658,-0.023627998,0.06399284,0.9929060935974121
27,2250,right,2,THUMB_MCP,0.9179976,0.62747735,-0.0056114905,-0.0043661147,-0.020118646,0.051477626,0.9929060935974121
27,2250,right,3,THUMB_IP,0.93647385,0.6331306,-0.010672483,0.017827116,-0.009185726,0.030750558,0.9929060935974121
27,2250,right,4,THUMB_TIP,0.94723266,0.63938457,-0.016129946,0.029231783,0.0047605624,-5.5253506e-05,0.9929060935974121
27,2250,right,5,INDEX_FINGER_MCP,0.9204076,0.62501943,-0.019485358,0.0116073,-0.025684053,0.0043210834,0.9929060935974121
27,2250,right,6,INDEX_FINGER_PIP,0.9544416,0.6290766,-0.029420557,0.039470665,-0.016818218,0.0018027723,0.9929060935974121
27,2250,right,7,INDEX_FINGER_DIP,0.9726671,0.6342549,-0.03364561,0.05746866,-0.004772545,0.012077808,0.9929060935974121
27,2250,right,8,INDEX_FINGER_TIP,0.9856918,0.6394861,-0.035217147,0.07302582,0.0007866719,0.030491933,0.9929060935974121
27,2250,right,9,MIDDLE_FINGER_MCP,0.9154702,0.6339348,-0.024017874,0.0009816629,-0.0043230406,-0.0029176436,0.9929060935974121
27,2250,right,10,MIDDLE_FINGER_PIP,0.9534528,0.6410277,-0.032647673,0.03922203,0.0095212925,-0.0033851862,0.9929060935974121
27,2250,right,11,MIDDLE_FINGER_DIP,0.9749839,0.6467022,-0.035912734,0.06299034,0.015544413,0.0079470575,0.9929060935974121
27,2250,right,12,MIDDLE_FINGER_TIP,0.98950475,0.6512358,-0.03767967,0.0819815,0.017881911,0.02650401,0.9929060935974121
27,2250,right,13,RING_FINGER_MCP,0.9095646,0.64350045,-0.02764805,-0.0055031995,0.014151249,-0.0038871318,0.9929060935974121
27,2250,right,14,RING_FINGER_PIP,0.9454579,0.6508998,-0.034239504,0.026257114,0.02750971,-0.0037194788,0.9929060935974121
27,2250,right,15,RING_FINGER_DIP,0.96654624,0.656154,-0.03674662,0.05222391,0.035047725,0.005304385,0.9929060935974121
27,2250,right,16,RING_FINGER_TIP,0.9815056,0.65981233,-0.03805907,0.0688316,0.04091631,0.01942772,0.9929060935974121
27,2250,right,17,PINKY_MCP,0.90351266,0.6523968,-0.030849293,-0.01756353,0.03033654,0.0068535693,0.9929060935974121
27,2250,right,18,PINKY_PIP,0.93199044,0.6583444,-0.034997944,0.008403097,0.042077933,0.0075829253,0.9929060935974121
27,2250,right,19,PINKY_DIP,0.94832635,0.661949,-0.03533031,0.03135383,0.04783676,0.013629198,0.9929060935974121
27,2250,right,20,PINKY_TIP,0.9614866,0.6648132,-0.03515683,0.046179045,0.049542826,0.021460712,0.9929060935974121
28,2333,left,0,WRIST,0.6135162,0.6094383,2.1348886e-07,0.036403354,-0.014626281,0.096545994,0.9993333220481873
28,2333,left,1,THUMB_CMC,0.59325,0.607154,-0.006760195,0.0057782317,-0.021573525,0.06713013,0.9993333220481873
28,2333,left,2,THUMB_MCP,0.5707097,0.61123407,-0.013788657,-0.017538708,-0.016844632,0.04363586,0.9993333220481873
28,2333,left,3,THUMB_IP,0.55576277,0.61807555,-0.01834204,-0.0327866,0.004153584,0.009230062,0.9993333220481873
28,2333,left,4,THUMB_TIP,0.5482784,0.62558305,-0.02341188,-0.04519723,0.022408593,-0.02115687,0.9993333220481873
28,2333,left,5,INDEX_FINGER_MCP,0.5866341,0.60946673,-0.031005077,-0.013264654,-0.0131028695,-0.003683351,0.9993333220481873
28,2333,left,6,INDEX_FINGER_PIP,0.56196916,0.6216002,-0.04091387,-0.038503617,0.008503192,-0.00991495,0.9993333220481873
28,2333,left,7,INDEX_FINGER_DIP,0.54843247,0.62886375,-0.043674856,-0.05334814,0.026858531,0.0084405765,0.9993333220481873
28,2333,left,8,INDEX_FINGER_TIP,0.54001075,0.6340374,-0.04378899,-0.05362287,0.038967635,0.030307293,0.9993333220481873
28,2333,left,9,MIDDLE_FINGER_MCP,0.60004306,0.6150658,-0.030656895,-0.0009553864,-0.0017817463,-0.002367176,0.9993333220481873
28,2333,left,10,MIDDLE_FINGER_PIP,0.5709539,0.6269529,-0.039368723,-0.027470754,0.024853516,-0.0070635676,0.9993333220481873
28,2333,left,11,MIDDLE_FINGER_DIP,0.5551246,0.63397396,-0.03965749,-0.040213957,0.042978495,0.008603796,0.9993333220481873
28,2333,left,12,MIDDLE_FINGER_TIP,0.54533684,0.6383697,-0.03927003,-0.054475527,0.05559297,0.041638196,0.9993333220481873
28,2333,left,13,RING_FINGER_MCP,0.6092913,0.62090325,-0.02925073,0.008840326,0.009818285,0.0006814897,0.9993333220481873
28,2333,left,14,RING_FINGER_PIP,0.5804577,0.63115484,-0.034922376,-0.014887847,0.03204223,-0.00028595328,0.9993333220481873
28,2333,left,15,RING_FINGER_DIP,0.56509644,0.63692254,-0.033771906,-0.028235301,0.042667974,0.021269456,0.9993333220481873
28,2333,left,16,RING_FINGER_TIP,0.5559132,0.640553,-0.03255255,-0.03729062,0.05214849,0.05055815,0.9993333220481873
28,2333,left,17,PINKY_MCP,0.61474305,0.6263902,-0.027795045,0.024248613,0.023225388,0.015970403,0.9993333220481873
28,2333,left,18,PINKY_PIP,0.590135,0.6339786,-0.031594004,0.0053157927,0.031799473,0.018183645,0.9993333220481873
28,2333,left,19,PINKY_DIP,0.57671344,0.63707745,-0.03053854,-0.012166762,0.041460823,0.031243473,0.9993333220481873
28,2333,left,20,PINKY_TIP,0.5687299,0.63937104,-0.029289259,-0.020917684,0.04457832,0.05434475,0.9993333220481873
28,2333,right,0,WRIST,0.8666046,0.6324857,2.1315888e-07,-0.06609674,-0.0046315426,0.073476344,0.9953362941741943
28,2333,right,1,THUMB_CMC,0.8905955,0.62653124,-0.0006591334,-0.034347538,-0.021798685,0.065529674,0.9953362941741943
28,2333,right,2,THUMB_MCP,0.91556853,0.6271347,-0.0058600274,-0.0051016575,-0.01806242,0.052649602,0.9953362941741943
28,2333,right,3,THUMB_IP,0.9342817,0.6328941,-0.01093857,0.018218143,-0.007916119,0.03013771,0.9953362941741943
28,2333,right,4,THUMB_TIP,0.94544846,0.6392882,-0.016150633,0.02989959,0.007485375,-7.869303e-05,0.9953362941741943
28,2333,right,5,INDEX_FINGER_MCP,0.9181255,0.6236173,-0.018396165,0.009961365,-0.026048975,0.0035618395,0.9953362941741943
28,2333,right,6,INDEX_FINGER_PIP,0.9524608,0.62718415,-0.027932115,0.040765654,-0.017588263,0.0017230213,0.9953362941741943
28,2333,right,7,INDEX_FINGER_DIP,0.9704348,0.6322524,-0.03174069,0.05865788,-0.007002484,0.013456322,0.9953362941741943
28,2333,right,8,INDEX_FINGER_TIP,0.9830774,0.6373339,-0.033046097,0.07377486,-0.0010506331,0.032767475,0.9953362941741943
28,2333,right,9,MIDDLE_FINGER_MCP,0.9134115,0.6325626,-0.02286527,0.0008775466,-0.0045867907,-0.0036789887,0.9953362941741943
28,2333,right,10,MIDDLE_FINGER_PIP,0.9514909,0.63917994,-0.031367976,0.040340193,0.008211859,-0.0029378794,0.9953362941741943
28,2333,right,11,MIDDLE_FINGER_DIP,0.97251785,0.6446123,-0.03417235,0.06378896,0.015067028,0.010146745,0.9953362941741943
28,2333,right,12,MIDDLE_FINGER_TIP,0.98696995,0.6490729,-0.035493508,0.08231912,0.01744058,0.032173604,0.9953362941741943
28,2333,right,13,RING_FINGER_MCP,0.9079627,0.6420821,-0.026598966,-0.0052662804,0.014355658,-0.0031761304,0.9953362941741943
28,2333,right,14,RING_FINGER_PIP,0.94402045,0.649175,-0.03293748,0.028016265,0.02858892,-0.002551332,0.9953362941741943
28,2333,right,15,RING_FINGER_DIP,0.9648231,0.6542579,-0.034831744,0.053866107,0.03449055,0.0070435703,0.9953362941741943
28,2333,right,16,RING_FINGER_TIP,0.979571,0.6578081,-0.035602394,0.06937443,0.041981243,0.024085183,0.9953362941741943
28,2333,right,17,PINKY_MCP,0.9027299,0.65100765,-0.030005816,-0.015923066,0.031987637,0.0087112,0.9953362941741943
28,2333,right,18,PINKY_PIP,0.93114644,0.6568699,-0.033413287,0.009957004,0.04244831,0.010610662,0.9953362941741943
28,2333,right,19,PINKY_DIP,0.94786674,0.6603773,-0.03320158,0.032705273,0.048053905,0.018061161,0.9953362941741943
28,2333,right,20,PINKY_TIP,0.96141964,0.6631475,-0.032677263,0.04885247,0.051515575,0.025778472,0.9953362941741943
29,2417,left,0,WRIST,0.6133031,0.6093494,2.079516e-07,0.035806045,-0.014537362,0.09879775,0.9993040561676025
29,2417,left,1,THUMB_CMC,0.5928962,0.60713583,-0.006660493,0.0044932254,-0.02141131,0.06902349,0.9993040561676025
29,2417,left,2,THUMB_MCP,0.5697919,0.61147004,-0.013683489,-0.019176075,-0.01660928,0.044799812,0.9993040561676025
29,2417,left,3,THUMB_IP,0.55438864,0.61861616,-0.018191773,-0.03520137,0.0045478903,0.010953069,0.9993040561676025
29,2417,left,4,THUMB_TIP,0.54662955,0.6263103,-0.023240974,-0.048015058,0.022486174,-0.019343883,0.9993040561676025
29,2417,left,5,INDEX_FINGER_MCP,0.58656096,0.6096465,-0.031272266,-0.013681453,-0.01321769,-0.0041122213,0.9993040561676025
29,2417,left,6,INDEX_FINGER_PIP,0.5619448,0.6219084,-0.041010886,-0.03943653,0.008541591,-0.010891557,0.9993040561676025
29,2417,left,7,INDEX_FINGER_DIP,0.5483304,0.6292108,-0.04354553,-0.05382661,0.02609368,0.008614227,0.9993040561676025
29,2417,left,8,INDEX_FINGER_TIP,0.53986067,0.6343972,-0.043550767,-0.054087747,0.03913431,0.030875187,0.9993040561676025
29,2417,left,9,MIDDLE_FINGER_MCP,0.60011435,0.6152478,-0.030971311,-0.0010988697,-0.0021354326,-0.003076136,0.9993040561676025
29,2417,left,10,MIDDLE_FINGER_PIP,0.57079357,0.62726086,-0.03959967,-0.02757285,0.024696447,-0.0078717545,0.9993040561676025
29,2417,left,11,MIDDLE_FINGER_DIP,0.5550273,0.6341725,-0.03966259,-0.041045234,0.043188293,0.008337736,0.9993040561676025
29,2417,left,12,MIDDLE_FINGER_TIP,0.54540247,0.63843566,-0.03912109,-0.054403428,0.05447075,0.04222644,0.9993040561676025
29,2417,left,13,RING_FINGER_MCP,0.6094203,0.6210769,-0.029562613,0.009263281,0.010045161,0.0008189082,0.9993040561676025
29,2417,left,14,RING_FINGER_PIP,0.5802528,0.63147753,-0.03513258,-0.01567407,0.032919243,0.0001226291,0.9993040561676025
29,2417,left,15,RING_FINGER_DIP,0.5648828,0.6372785,-0.033673935,-0.028367642,0.043235593,0.02244068,0.9993040561676025
29,2417,left,16,RING_FINGER_TIP,0.555772,0.64093417,-0.032286637,-0.037568532,0.05293903,0.052006878,0.9993040561676025
29,2417,left,17,PINKY_MCP,0.614892,0.62654716,-0.028094698,0.024495563,0.023679579,0.016944991,0.9993040561676025
29,2417,left,18,PINKY_PIP,0.5900617,0.63423413,-0.0318707,0.0051251827,0.032113448,0.018700182,0.9993040561676025
29,2417,left,19,PINKY_DIP,0.57639134,0.6373044,-0.030701753,-0.012282742,0.041849326,0.031962536,0.9993040561676025
29,2417,left,20,PINKY_TIP,0.5682091,0.63958883,-0.029391214,-0.021520266,0.045032583,0.056487143,0.9993040561676025
29,2417,right,0,WRIST,0.8606821,0.6285767,1.9020756e-07,-0.065614946,-0.00232448,0.07085316,0.9939260482788086
29,2417,right,1,THUMB_CMC,0.88364774,0.6221376,-0.00014634382,-0.036143426,-0.020778898,0.06380382,0.9939260482788086
29,2417,right,2,THUMB_MCP,0.90764207,0.6224078,-0.0051266337,-0.007878353,-0.01826201,0.052847907,0.9939260482788086
29,2417,right,3,THUMB_IP,0.9250882,0.6276378,-0.010134583,0.01579558,-0.0067572477,0.02966503,0.9939260482788086
29,2417,right,4,THUMB_TIP,0.93480074,0.6337318,-0.015294443,0.02626184,0.008009658,0.0024963915,0.9939260482788086
29,2417,right,5,INDEX_FINGER_MCP,0.9107518,0.6185605,-0.018014664,0.0070323143,-0.02579943,0.003352955,0.9939260482788086
29,2417,right,6,INDEX_FINGER_PIP,0.94600344,0.62056583,-0.027434677,0.039639357,-0.019245552,0.0023924112,0.9939260482788086
29,2417,right,7,INDEX_FINGER_DIP,0.96418697,0.6250676,-0.030947402,0.05963341,-0.009780217,0.0151162,0.9939260482788086
29,2417,right,8,INDEX_FINGER_TIP,0.9765665,0.6299241,-0.03190477,0.07450865,-0.0028609787,0.033619598,0.9939260482788086
29,2417,right,9,MIDDLE_FINGER_MCP,0.90747994,0.6271366,-0.022544878,0.0007397088,-0.005217624,-0.002733171,0.9939260482788086
29,2417,right,10,MIDDLE_FINGER_PIP,0.9460262,0.6322252,-0.030929238,0.040721834,0.006934696,-0.005467776,0.9939260482788086
29,2417,right,11,MIDDLE_FINGER_DIP,0.96703917,0.63720834,-0.033444848,0.06315796,0.011439154,0.00787691,0.9939260482788086
29,2417,right,12,MIDDLE_FINGER_TIP,0.9811046,0.64152336,-0.034450628,0.08106789,0.016271133,0.029580995,0.9939260482788086
29,2417,right,13,RING_FINGER_MCP,0.9035724,0.63660383,-0.026308816,-0.0035020655,0.016797923,-0.0033337176,0.9939260482788086
29,2417,right,14,RING_FINGER_PIP,0.93991107,0.64308196,-0.032216065,0.029771626,0.029788557,-0.004540935,0.9939260482788086
29,2417,right,15,RING_FINGER_DIP,0.9605996,0.64771914,-0.033945873,0.055432398,0.03320227,0.0059152655,0.9939260482788086
29,2417,right,16,RING_FINGER_TIP,0.9751156,0.6510328,-0.034545783,0.07075076,0.039810847,0.025664764,0.9939260482788086
29,2417,right,17,PINKY_MCP,0.89938086,0.6457414,-0.029752525,-0.013780358,0.03276794,0.007463716,0.9939260482788086
29,2417,right,18,PINKY_PIP,0.9279586,0.6509356,-0.032587897,0.011841757,0.04277631,0.009490445,0.9939260482788086
29,2417,right,19,PINKY_DIP,0.9447552,0.6536594,-0.032263454,0.03522577,0.04748882,0.014735669,0.9939260482788086
29,2417,right,20,PINKY_TIP,0.95819277,0.6556337,-0.031659458,0.052101247,0.04958067,0.024334565,0.9939260482788086
30,2500,left,0,WRIST,0.6133438,0.60904056,2.0881787e-07,0.036367174,-0.014744081,0.09630482,0.9990490078926086
30,2500,left,1,THUMB_CMC,0.59234375,0.6070256,-0.006550829,0.0051048817,-0.021547545,0.069189146,0.9990490078926086
30,2500,left,2,THUMB_MCP,0.56967777,0.6113062,-0.013625804,-0.01873243,-0.016079722,0.04474868,0.9990490078926086
30,2500,left,3,THUMB_IP,0.5549743,0.6184947,-0.018262295,-0.035080843,0.003919719,0.010194413,0.9990490078926086
30,2500,left,4,THUMB_TIP,0.5480456,0.62617964,-0.023434957,-0.045877248,0.022584554,-0.020382456,0.9990490078926086
30,2500,left,5,INDEX_FINGER_MCP,0.5858018,0.6095593,-0.031075874,-0.013466371,-0.012950355,-0.0039482266,0.9990490078926086
30,2500,left,6,INDEX_FINGER_PIP,0.56139636,0.621893,-0.041002825,-0.038689476,0.009765005,-0.010771319,0.9990490078926086
30,2500,left,7,INDEX_FINGER_DIP,0.54747325,0.62919515,-0.04382288,-0.05434749,0.026665898,0.009136058,0.9990490078926086
30,2500,left,8,INDEX_FINGER_TIP,0.538434,0.6345503,-0.04411758,-0.056554727,0.039771594,0.030307762,0.9990490078926086
30,2500,left,9,MIDDLE_FINGER_MCP,0.59925914,0.61504716,-0.030974269,-0.00084406685,-0.0019080393,-0.0024780445,0.9990490078926086
30,2500,left,10,MIDDLE_FINGER_PIP,0.5703678,0.62703544,-0.04010156,-0.02817961,0.024440514,-0.008370742,0.9990490078926086
30,2500,left,11,MIDDLE_FINGER_DIP,0.5544442,0.6339024,-0.040532704,-0.04136142,0.042686276,0.0081394315,0.9990490078926086
30,2500,left,12,MIDDLE_FINGER_TIP,0.544447,0.63818663,-0.040192883,-0.054624036,0.053843826,0.040459838,0.9990490078926086
30,2500,left,13,RING_FINGER_MCP,0.60854834,0.6208147,-0.029778244,0.008818736,0.010318684,0.00058573484,0.9990490078926086
30,2500,left,14,RING_FINGER_PIP,0.5795496,0.6313368,-0.035709843,-0.015401447,0.03199895,-0.0013942868,0.9990490078926086
30,2500,left,15,RING_FINGER_DIP,0.56375766,0.6372265,-0.03463085,-0.029147658,0.043120176,0.020007718,0.9990490078926086
30,2500,left,16,RING_FINGER_TIP,0.55414885,0.6408802,-0.03344675,-0.03882044,0.052156307,0.051221177,0.9990490078926086
30,2500,left,17,PINKY_MCP,0.61404794,0.6262636,-0.028539512,0.024434416,0.023082016,0.016270945,0.9990490078926086
30,2500,left,18,PINKY_PIP,0.589273,0.6340606,-0.032484725,0.004036003,0.031365238,0.017106086,0.9990490078926086
30,2500,left,19,PINKY_DIP,0.5751315,0.6372999,-0.031639617,-0.013529215,0.042326048,0.029924482,0.9990490078926086
30,2500,left,20,PINKY_TIP,0.5663974,0.63966537,-0.0305757,-0.023169866,0.044935707,0.053922728,0.9990490078926086
30,2500,right,0,WRIST,0.8491425,0.6212784,1.949363e-07,-0.06916741,0.0015311135,0.07074922,0.9906600713729858
30,2500,right,1,THUMB_CMC,0.8725949,0.61372674,-0.0002493347,-0.03680887,-0.01693573,0.06289993,0.9906600713729858
30,2500,right,2,THUMB_MCP,0.89715,0.6129993,-0.0052181263,-0.0077633667,-0.016618196,0.054195553,0.9906600713729858
30,2500,right,3,THUMB_IP,0.91534173,0.61799014,-0.010269131,0.015977452,-0.003909314,0.032066304,0.9906600713729858
30,2500,right,4,THUMB_TIP,0.9255352,0.62370485,-0.015522292,0.028544039,0.008217385,0.005889803,0.9906600713729858
30,2500,right,5,INDEX_FINGER_MCP,0.90042704,0.60860217,-0.017042372,0.006813223,-0.023193453,0.004937522,0.9906600713729858
30,2500,right,6,INDEX_FINGER_PIP,0.9353407,0.60973865,-0.026303617,0.03904481,-0.019773532,0.00021605194,0.9906600713729858
30,2500,right,7,INDEX_FINGER_DIP,0.95390683,0.6131909,-0.030207032,0.05826869,-0.012411213,0.014186554,0.9906600713729858
30,2500,right,8,INDEX_FINGER_TIP,0.96698964,0.61716956,-0.031637177,0.073253505,-0.008046112,0.03360776,0.9906600713729858
30,2500,right,9,MIDDLE_FINGER_MCP,0.8973192,0.6169666,-0.021751855,0.0007891892,-0.0042915484,-0.0026996024,0.9906600713729858
30,2500,right,10,MIDDLE_FINGER_PIP,0.93641937,0.62109256,-0.030021457,0.0410127,0.005225784,-0.0048763305,0.9906600713729858
30,2500,right,11,MIDDLE_FINGER_DIP,0.9575405,0.62549293,-0.03293804,0.064857,0.008876487,0.0063767433,0.9906600713729858
30,2500,right,12,MIDDLE_FINGER_TIP,0.9716145,0.62957335,-0.034352902,0.08145917,0.013346076,0.028014518,0.9906600713729858
30,2500,right,13,RING_FINGER_MCP,0.89381135,0.62653637,-0.025816128,-0.0028048065,0.015352272,-0.004152581,0.9906600713729858
30,2500,right,14,RING_FINGER_PIP,0.9306277,0.6321933,-0.03173494,0.029777845,0.026440626,-0.0040907487,0.9906600713729858
30,2500,right,15,RING_FINGER_DIP,0.95188296,0.6361351,-0.03396037,0.055794023,0.02993045,0.006045241,0.9906600713729858
30,2500,right,16,RING_FINGER_TIP,0.96649814,0.639231,-0.035032157,0.07349833,0.035671175,0.02654728,0.9906600713729858
30,2500,right,17,PINKY_MCP,0.89043826,0.63577944,-0.029600691,-0.012148798,0.031236721,0.0066739917,0.9906600713729858
30,2500,right,18,PINKY_PIP,0.9190354,0.64002264,-0.032393306,0.012564097,0.038754456,0.0066662207,0.9906600713729858
30,2500,right,19,PINKY_DIP,0.93567026,0.64241093,-0.032346845,0.03821499,0.04349657,0.013076514,0.9906600713729858
30,2500,right,20,PINKY_TIP,0.9490735,0.64450353,-0.032090794,0.051989358,0.046080712,0.023219556,0.9906600713729858
31,2583,left,0,WRIST,0.61201775,0.60908955,2.0937318e-07,0.03511287,-0.014476497,0.09538312,0.9993736743927002
31,2583,left,1,THUMB_CMC,0.59133226,0.6071624,-0.00625589,0.004373436,-0.021186702,0.06756118,0.9993736743927002
31,2583,left,2,THUMB_MCP,0.568552,0.6115728,-0.013181749,-0.019188028,-0.015807385,0.044632383,0.9993736743927002
31,2583,left,3,THUMB_IP,0.55329436,0.61863536,-0.017726507,-0.034422707,0.0043729935,0.010160305,0.9993736743927002
31,2583,left,4,THUMB_TIP,0.5454107,0.6262636,-0.022817142,-0.048560306,0.021220125,-0.01975692,0.9993736743927002
31,2583,left,5,INDEX_FINGER_MCP,0.5845739,0.6096981,-0.03097101,-0.0128327925,-0.013220469,-0.0035270005,0.9993736743927002
31,2583,left,6,INDEX_FINGER_PIP,0.55999756,0.62241083,-0.041000593,-0.038792327,0.008360167,-0.009989426,0.9993736743927002
31,2583,left,7,INDEX_FINGER_DIP,0.54641116,0.62964827,-0.04371131,-0.053985078,0.026602328,0.009062715,0.9993736743927002
31,2583,left,8,INDEX_FINGER_TIP,0.5379592,0.63457793,-0.043740332,-0.054551244,0.03806477,0.029821478,0.9993736743927002
31,2583,left,9,MIDDLE_FINGER_MCP,0.5980964,0.6152302,-0.030972477,-0.0009674168,-0.002279732,-0.0025605522,0.9993736743927002
31,2583,left,10,MIDDLE_FINGER_PIP,0.5687757,0.6273751,-0.040120125,-0.027360516,0.024183093,-0.007157579,0.9993736743927002
31,2583,left,11,MIDDLE_FINGER_DIP,0.553058,0.63422316,-0.040339645,-0.041879088,0.042115066,0.008897953,0.9993736743927002
31,2583,left,12,MIDDLE_FINGER_TIP,0.5434815,0.63821155,-0.03975513,-0.055607382,0.053718444,0.041377768,0.9993736743927002
31,2583,left,13,RING_FINGER_MCP,0.60752815,0.6210339,-0.029907497,0.009267731,0.009809981,0.0008544624,0.9993736743927002
31,2583,left,14,RING_FINGER_PIP,0.57849485,0.6315504,-0.035863705,-0.015640605,0.032534406,0.00014718622,0.9993736743927002
31,2583,left,15,RING_FINGER_DIP,0.5629056,0.63744515,-0.03471666,-0.028931923,0.04264468,0.02095984,0.9993736743927002
31,2583,left,16,RING_FINGER_TIP,0.553398,0.64094853,-0.033428635,-0.03917793,0.052225024,0.05045627,0.9993736743927002
31,2583,left,17,PINKY_MCP,0.6133293,0.62654626,-0.028762825,0.024583468,0.024618726,0.015576854,0.9993736743927002
31,2583,left,18,PINKY_PIP,0.5886077,0.63437366,-0.032751113,0.005689554,0.033109,0.017531045,0.9993736743927002
31,2583,left,19,PINKY_DIP,0.5748072,0.6376557,-0.03188522,-0.011840237,0.04239834,0.030919142,0.9993736743927002
31,2583,left,20,PINKY_TIP,0.56621516,0.6399767,-0.03076332,-0.02211523,0.046161614,0.05554931,0.9993736743927002
31,2583,right,0,WRIST,0.8359658,0.6112221,1.8712589e-07,-0.07062806,0.00951558,0.066760376,0.9863104224205017
31,2583,right,1,THUMB_CMC,0.85836685,0.6036285,-0.00023293223,-0.040291414,-0.012042373,0.05896169,0.9863104224205017
31,2583,right,2,THUMB_MCP,0.88297653,0.6021355,-0.005124302,-0.009589926,-0.010040027,0.052784577,0.9863104224205017
31,2583,right,3,THUMB_IP,0.90153193,0.60633165,-0.0104703205,0.018626602,-0.0034402702,0.030611146,0.9863104224205017
31,2583,right,4,THUMB_TIP,0.91163015,0.61132365,-0.01589681,0.029793952,0.009969495,0.007650003,0.9863104224205017
31,2583,right,5,INDEX_FINGER_MCP,0.8879233,0.5965777,-0.014407191,0.005222347,-0.026009988,0.006985627,0.9863104224205017
31,2583,right,6,INDEX_FINGER_PIP,0.92041904,0.5944153,-0.023622762,0.034887917,-0.025139678,0.0009767413,0.9863104224205017
31,2583,right,7,INDEX_FINGER_DIP,0.93886083,0.5963769,-0.028054994,0.05719234,-0.019938687,0.008755781,0.9863104224205017
31,2583,right,8,INDEX_FINGER_TIP,0.95230037,0.599275,-0.030061422,0.07183865,-0.0157413,0.019810826,0.9863104224205017
31,2583,right,9,MIDDLE_FINGER_MCP,0.88572997,0.60372317,-0.019468328,0.0005901183,-0.005635714,-0.0018423498,0.9863104224205017
31,2583,right,10,MIDDLE_FINGER_PIP,0.9230561,0.6061052,-0.027797477,0.040269785,0.0015872251,-0.006674085,0.9863104224205017
31,2583,right,11,MIDDLE_FINGER_DIP,0.9441979,0.6093783,-0.031016614,0.06574239,0.0063466094,0.0010780096,0.9863104224205017
31,2583,right,12,MIDDLE_FINGER_TIP,0.95861405,0.6127181,-0.032673538,0.0857525,0.0081492625,0.01646617,0.9863104224205017
31,2583,right,13,RING_FINGER_MCP,0.8831308,0.6126474,-0.024251346,-0.003630069,0.01584006,-0.0052623674,0.9863104224205017
31,2583,right,14,RING_FINGER_PIP,0.91854155,0.616853,-0.030035198,0.030527946,0.02430414,-0.008001849,0.9863104224205017
31,2583,right,15,RING_FINGER_DIP,0.939638,0.6199668,-0.032538455,0.057902075,0.02989717,0.0015060306,0.9863104224205017
31,2583,right,16,RING_FINGER_TIP,0.95440525,0.62240165,-0.033896267,0.07573543,0.032139663,0.016581122,0.9863104224205017
31,2583,right,17,PINKY_MCP,0.8806085,0.6221297,-0.028968113,-0.013023111,0.034422934,0.0024124943,0.9863104224205017
31,2583,right,18,PINKY_PIP,0.90859175,0.6256114,-0.031463973,0.015204569,0.041647743,0.00252603,0.9863104224205017
31,2583,right,19,PINKY_DIP,0.92487764,0.6272416,-0.03169864,0.040316474,0.045182783,0.008786708,0.9863104224205017
31,2583,right,20,PINKY_TIP,0.9384837,0.628507,-0.03181693,0.057426825,0.04484847,0.019275084,0.9863104224205017
32,2667,left,0,WRIST,0.61094046,0.6088996,2.1797152e-07,0.03656791,-0.0131591195,0.09501499,0.9992297291755676
32,2667,left,1,THUMB_CMC,0.59009576,0.6070509,-0.006761727,0.0046974723,-0.019787332,0.067576334,0.9992297291755676
32,2667,left,2,THUMB_MCP,0.5679291,0.61124796,-0.014216734,-0.018332165,-0.0154744,0.044256166,0.9992297291755676
32,2667,left,3,THUMB_IP,0.5537247,0.6181868,-0.019311976,-0.03231465,0.0042502126,0.008093104,0.9992297291755676
32,2667,left,4,THUMB_TIP,0.5472123,0.6255791,-0.024963299,-0.04394558,0.020232916,-0.023267373,0.9992297291755676
32,2667,left,5,INDEX_FINGER_MCP,0.58343786,0.6094229,-0.031476974,-0.012815473,-0.013737488,-0.0029677302,0.9992297291755676
32,2667,left,6,INDEX_FINGER_PIP,0.5587573,0.62182635,-0.042132173,-0.03861778,0.008549415,-0.009435922,0.9992297291755676
32,2667,left,7,INDEX_FINGER_DIP,0.5451233,0.6291166,-0.045439117,-0.053609256,0.026362758,0.009359181,0.9992297291755676
32,2667,left,8,INDEX_FINGER_TIP,0.53665155,0.63426256,-0.04590769,-0.054805137,0.038368076,0.031038223,0.9992297291755676
32,2667,left,9,MIDDLE_FINGER_MCP,0.59696835,0.614909,-0.03146934,-0.0011638574,-0.0021492299,-0.0024579838,0.9992297291755676
32,2667,left,10,MIDDLE_FINGER_PIP,0.5677129,0.62692434,-0.041381557,-0.028357299,0.024028711,-0.0074648038,0.9992297291755676
32,2667,left,11,MIDDLE_FINGER_DIP,0.55154175,0.63387257,-0.04223957,-0.042898364,0.04225149,0.0078113675,0.9992297291755676
32,2667,left,12,MIDDLE_FINGER_TIP,0.5415282,0.6381029,-0.042083494,-0.05675131,0.05389536,0.040894244,0.9992297291755676
32,2667,left,13,RING_FINGER_MCP,0.6064343,0.62074375,-0.030460542,0.008487,0.010385585,0.00032164156,0.9992297291755676
32,2667,left,14,RING_FINGER_PIP,0.5775629,0.6313409,-0.037043627,-0.014488519,0.032114908,-0.00090412796,0.9992297291755676
32,2667,left,15,RING_FINGER_DIP,0.56158125,0.637345,-0.036471322,-0.029428355,0.04305552,0.019596744,0.9992297291755676
32,2667,left,16,RING_FINGER_TIP,0.55173504,0.6409712,-0.035499856,-0.039279144,0.052951157,0.04914113,0.9992297291755676
32,2667,left,17,PINKY_MCP,0.61203086,0.6263398,-0.029407527,0.023785457,0.023981676,0.015024191,0.9992297291755676
32,2667,left,18,PINKY_PIP,0.5872844,0.6341507,-0.033657882,0.004995603,0.031712346,0.016556893,0.9992297291755676
32,2667,left,19,PINKY_DIP,0.57307965,0.6375208,-0.033140127,-0.013832696,0.044057213,0.029777952,0.9992297291755676
32,2667,left,20,PINKY_TIP,0.56414205,0.63992125,-0.032293778,-0.02365449,0.04677885,0.05169309,0.9992297291755676
32,2667,right,0,WRIST,0.82382387,0.5984746,1.4503837e-07,-0.0726725,0.014539851,0.0571135,0.9712384343147278
32,2667,right,1,THUMB_CMC,0.8447981,0.5917428,0.0013688039,-0.04342274,-0.003599747,0.05456698,0.9712384343147278
32,2667,right,2,THUMB_MCP,0.8691361,0.5888342,-0.0017950385,-0.011956683,-0.0049468563,0.05109085,0.9712384343147278
32,2667,right,3,THUMB_IP,0.8881031,0.59023976,-0.0062369704,0.015386211,-0.002966189,0.031381253,0.9712384343147278
32,2667,right,4,THUMB_TIP,0.9010548,0.5922306,-0.010751028,0.031572334,0.003922231,0.010833845,0.9712384343147278
32,2667,right,5,INDEX_FINGER_MCP,0.87712705,0.5835274,-0.0064012953,0.003860062,-0.021588758,0.0098916665,0.9712384343147278
32,2667,right,6,INDEX_FINGER_PIP,0.90591466,0.57915133,-0.014136607,0.029290957,-0.024684945,0.0034346655,0.9712384343147278
32,2667,right,7,INDEX_FINGER_DIP,0.92332345,0.5792316,-0.018917985,0.052080423,-0.021576665,0.008847289,0.9712384343147278
32,2667,right,8,INDEX_FINGER_TIP,0.93630075,0.58051425,-0.021631474,0.0667293,-0.020181943,0.006939277,0.9712384343147278
32,2667,right,9,MIDDLE_FINGER_MCP,0.8763643,0.5889677,-0.01232401,0.0009340205,-0.005381303,0.00024758652,0.9712384343147278
32,2667,right,10,MIDDLE_FINGER_PIP,0.90818995,0.5878027,-0.019734262,0.035281014,-0.004348443,-0.010271467,0.9712384343147278
32,2667,right,11,MIDDLE_FINGER_DIP,0.92756504,0.5893998,-0.02404999,0.058817253,-0.0027344115,-0.009669349,0.9712384343147278
32,2667,right,12,MIDDLE_FINGER_TIP,0.94218963,0.5912028,-0.02656214,0.08261097,0.0014294777,0.00312455,0.9712384343147278
32,2667,right,13,RING_FINGER_MCP,0.8740287,0.59626585,-0.018243253,-0.0023212493,0.012622095,-0.007937342,0.9712384343147278
32,2667,right,14,RING_FINGER_PIP,0.9042244,0.59652305,-0.023665188,0.027552368,0.016443033,-0.012860484,0.9712384343147278
32,2667,right,15,RING_FINGER_DIP,0.92357236,0.59821737,-0.02663852,0.052690085,0.019769404,-0.008168928,0.9712384343147278
32,2667,right,16,RING_FINGER_TIP,0.9378099,0.5994978,-0.028414892,0.07235721,0.020590996,0.0028230213,0.9712384343147278
32,2667,right,17,PINKY_MCP,0.87035364,0.60438806,-0.024130026,-0.0125829475,0.030441198,-0.0042194873,0.9712384343147278
32,2667,right,18,PINKY_PIP,0.8947829,0.6055179,-0.027270917,0.01135982,0.036384344,-0.0059141293,0.9712384343147278
32,2667,right,19,PINKY_DIP,0.91090274,0.6061986,-0.028125532,0.037622962,0.03633096,-0.003652528,0.9712384343147278
32,2667,right,20,PINKY_TIP,0.92454165,0.6066724,-0.028550664,0.057229936,0.035902955,0.0055033714,0.9712384343147278
33,2750,left,0,WRIST,0.6091435,0.60898817,2.2785508e-07,0.036634166,-0.013202942,0.09534748,0.9995326399803162
33,2750,left,1,THUMB_CMC,0.5892732,0.60712266,-0.0067219078,0.0048173475,-0.019831248,0.0677318,0.9995326399803162
33,2750,left,2,THUMB_MCP,0.56836843,0.6114372,-0.014528215,-0.016797079,-0.014083122,0.04293056,0.9995326399803162
33,2750,left,3,THUMB_IP,0.554461,0.6176984,-0.020048,-0.028845156,0.0035979124,0.0073290095,0.9995326399803162
33,2750,left,4,THUMB_TIP,0.5467923,0.6247621,-0.026209384,-0.043439373,0.018468365,-0.02655612,0.9995326399803162
33,2750,left,5,INDEX_FINGER_MCP,0.58170307,0.60946256,-0.032157548,-0.01310551,-0.012954701,-0.0020781755,0.9995326399803162
33,2750,left,6,INDEX_FINGER_PIP,0.55734783,0.6220536,-0.04320892,-0.038192824,0.00868914,-0.009652004,0.9995326399803162
33,2750,left,7,INDEX_FINGER_DIP,0.54377544,0.62965906,-0.046776284,-0.05206278,0.028250162,0.008089729,0.9995326399803162
33,2750,left,8,INDEX_FINGER_TIP,0.53582835,0.63479596,-0.047274042,-0.05264393,0.04007509,0.028414262,0.9995326399803162
33,2750,left,9,MIDDLE_FINGER_MCP,0.5953957,0.61478186,-0.032382682,-0.0012463729,-0.002019209,-0.0023991726,0.9995326399803162
33,2750,left,10,MIDDLE_FINGER_PIP,0.5662031,0.6271332,-0.042384706,-0.02753814,0.024103615,-0.0076842755,0.9995326399803162
33,2750,left,11,MIDDLE_FINGER_DIP,0.5496572,0.63453865,-0.043259252,-0.04235907,0.043739237,0.005313523,0.9995326399803162
33,2750,left,12,MIDDLE_FINGER_TIP,0.53971416,0.63882,-0.04308816,-0.056514397,0.05693155,0.039138693,0.9995326399803162
33,2750,left,13,RING_FINGER_MCP,0.6053826,0.6204419,-0.03157436,0.007795282,0.008879897,0.00020252168,0.9995326399803162
33,2750,left,14,RING_FINGER_PIP,0.5772416,0.6314239,-0.03837347,-0.013982511,0.033218227,-0.00050091743,0.9995326399803162
33,2750,left,15,RING_FINGER_DIP,0.56117105,0.6376136,-0.03780817,-0.028339129,0.04344715,0.019505806,0.9995326399803162
33,2750,left,16,RING_FINGER_TIP,0.5514871,0.64107907,-0.036796182,-0.03861311,0.055264995,0.046163794,0.9995326399803162
33,2750,left,17,PINKY_MCP,0.6116285,0.6258626,-0.030659035,0.024485221,0.023728702,0.013726108,0.9995326399803162
33,2750,left,18,PINKY_PIP,0.58740926,0.6340516,-0.035260197,0.007892889,0.033087008,0.016336467,0.9995326399803162
33,2750,left,19,PINKY_DIP,0.57358897,0.6375743,-0.03458225,-0.011603951,0.04363337,0.029656783,0.9995326399803162
33,2750,left,20,PINKY_TIP,0.5650747,0.63988,-0.03349571,-0.02122674,0.048140585,0.051525235,0.9995326399803162
34,2833,left,0,WRIST,0.6078244,0.6091942,2.3211359e-07,0.036929514,-0.01216211,0.09449001,0.9996017813682556
34,2833,left,1,THUMB_CMC,0.587656,0.6070061,-0.0075510098,0.0044775736,-0.01893571,0.06763022,0.9996017813682556
34,2833,left,2,THUMB_MCP,0.5670245,0.611144,-0.015912937,-0.015796142,-0.015575616,0.040762335,0.9996017813682556
34,2833,left,3,THUMB_IP,0.55388004,0.6173625,-0.021832861,-0.027929278,0.0012174342,0.00472565,0.9996017813682556
34,2833,left,4,THUMB_TIP,0.5472151,0.6244715,-0.028367052,-0.038711697,0.017071985,-0.029542923,0.9996017813682556
34,2833,left,5,INDEX_FINGER_MCP,0.5800459,0.609241,-0.033118784,-0.013343357,-0.014333773,-0.0015753657,0.9996017813682556
34,2833,left,6,INDEX_FINGER_PIP,0.5555563,0.6219714,-0.044582684,-0.037048846,0.009563917,-0.010689959,0.9996017813682556
34,2833,left,7,INDEX_FINGER_DIP,0.54171586,0.6298432,-0.048526637,-0.051895116,0.027608387,0.0072415844,0.9996017813682556
34,2833,left,8,INDEX_FINGER_TIP,0.5333932,0.6353362,-0.049301066,-0.0526959,0.040699992,0.028123096,0.9996017813682556
34,2833,left,9,MIDDLE_FINGER_MCP,0.5938784,0.614688,-0.033026487,-0.0013128622,-0.0021938093,-0.0022239126,0.9996017813682556
34,2833,left,10,MIDDLE_FINGER_PIP,0.56439734,0.62705433,-0.043672364,-0.027658068,0.022853177,-0.008462034,0.9996017813682556
34,2833,left,11,MIDDLE_FINGER_DIP,0.54762495,0.6347234,-0.04497433,-0.04173005,0.04363832,0.0047014356,0.9996017813682556
34,2833,left,12,MIDDLE_FINGER_TIP,0.53733313,0.6392672,-0.044977345,-0.054742444,0.0551485,0.037649576,0.9996017813682556
34,2833,left,13,RING_FINGER_MCP,0.60377574,0.6203661,-0.03187818,0.0072162747,0.009876154,-0.00014831126,0.9996017813682556
34,2833,left,14,RING_FINGER_PIP,0.5752235,0.63126004,-0.03907437,-0.013292383,0.0318472,-0.0023597628,0.9996017813682556
34,2833,left,15,RING_FINGER_DIP,0.55916643,0.63759124,-0.038482286,-0.027068974,0.04372757,0.019622155,0.9996017813682556
34,2833,left,16,RING_FINGER_TIP,0.54937464,0.6411623,-0.03728981,-0.037853055,0.054022223,0.048624065,0.9996017813682556
34,2833,left,17,PINKY_MCP,0.6097307,0.6256626,-0.030697234,0.023836521,0.02343994,0.013130046,0.9996017813682556
34,2833,left,18,PINKY_PIP,0.58503115,0.63372386,-0.035286438,0.006528587,0.0318248,0.015302412,0.9996017813682556
34,2833,left,19,PINKY_DIP,0.57121545,0.6373996,-0.034365352,-0.011477837,0.042238474,0.028617278,0.9996017813682556
34,2833,left,20,PINKY_TIP,0.56283456,0.6398181,-0.033035718,-0.020712748,0.046161205,0.050048515,0.9996017813682556
35,2917,left,0,WRIST,0.6054513,0.6090245,2.2101294e-07,0.036590856,-0.013207672,0.09527174,0.9994745850563049
35,2917,left,1,THUMB_CMC,0.5854106,0.60724336,-0.0071720583,0.0052847276,-0.01814682,0.06765759,0.9994745850563049
35,2917,left,2,THUMB_MCP,0.5651829,0.6116938,-0.015617614,-0.014101656,-0.0126121715,0.040122345,0.9994745850563049
35,2917,left,3,THUMB_IP,0.55193603,0.61801547,-0.02169767,-0.025209472,0.0042836284,0.0044877455,0.9994745850563049
35,2917,left,4,THUMB_TIP,0.5453514,0.62510806,-0.028558232,-0.03663663,0.019856777,-0.030107982,0.9994745850563049
35,2917,left,5,INDEX_FINGER_MCP,0.57650137,0.60921496,-0.03322703,-0.011952471,-0.011994369,-0.0018497258,0.9994745850563049
35,2917,left,6,INDEX_FINGER_PIP,0.5525439,0.62159663,-0.044599913,-0.035689853,0.009649253,-0.011899397,0.9994745850563049
35,2917,left,7,INDEX_FINGER_DIP,0.53887844,0.62980294,-0.048849057,-0.051062547,0.027203022,0.005397193,0.9994745850563049
35,2917,left,8,INDEX_FINGER_TIP,0.5303667,0.63589674,-0.050040763,-0.05235822,0.0409399,0.025859602,0.9994745850563049
35,2917,left,9,MIDDLE_FINGER_MCP,0.59086025,0.6147222,-0.033433337,-0.0013427545,-0.0014287988,-0.0012270473,0.9994745850563049
35,2917,left,10,MIDDLE_FINGER_PIP,0.5628535,0.6271008,-0.043537047,-0.025794938,0.023136802,-0.010449283,0.9994745850563049
35,2917,left,11,MIDDLE_FINGER_DIP,0.54710937,0.635212,-0.04464877,-0.03814579,0.04326213,0.003447879,0.9994745850563049
35,2917,left,12,MIDDLE_FINGER_TIP,0.5377181,0.64030427,-0.044762913,-0.05000931,0.05531226,0.037165537,0.9994745850563049
35,2917,left,13,RING_FINGER_MCP,0.60159683,0.62054867,-0.032512967,0.0073728375,0.008819885,0.0006015524,0.9994745850563049
35,2917,left,14,RING_FINGER_PIP,0.5744157,0.6314238,-0.03917048,-0.012410867,0.028845623,-0.0021746606,0.9994745850563049
35,2917,left,15,RING_FINGER_DIP,0.5596346,0.6380014,-0.03792288,-0.024162546,0.043036655,0.020139482,0.9994745850563049
35,2917,left,16,RING_FINGER_TIP,0.55111694,0.6420872,-0.036528416,-0.033177465,0.054020636,0.047332305,0.9994745850563049
35,2917,left,17,PINKY_MCP,0.6084909,0.625994,-0.03155962,0.023398252,0.021396987,0.014056578,0.9994745850563049
35,2917,left,18,PINKY_PIP,0.5850217,0.6339819,-0.03604518,0.0056593977,0.029373303,0.01390158,0.9994745850563049
35,2917,left,19,PINKY_DIP,0.5721403,0.63769233,-0.0346344,-0.009377956,0.03982181,0.026816443,0.9994745850563049
35,2917,left,20,PINKY_TIP,0.564535,0.6406258,-0.032980822,-0.018255109,0.046184108,0.049219288,0.9994745850563049
36,3000,left,0,WRIST,0.60266894,0.6088928,2.1450973e-07,0.03852807,-0.016066818,0.096425116,0.9992591738700867
36,3000,left,1,THUMB_CMC,0.5828657,0.6071846,-0.006984293,0.0047781235,-0.020723887,0.06814495,0.9992591738700867
36,3000,left,2,THUMB_MCP,0.56285065,0.61198413,-0.015041107,-0.013887588,-0.013102377,0.0429243,0.9992591738700867
36,3000,left,3,THUMB_IP,0.54954827,0.6186764,-0.02083062,-0.02517522,0.0061337356,0.0070194826,0.9992591738700867
36,3000,left,4,THUMB_TIP,0.5424883,0.6259969,-0.02741906,-0.03837973,0.021941485,-0.024707831,0.9992591738700867
36,3000,left,5,INDEX_FINGER_MCP,0.57332087,0.6096791,-0.03208832,-0.013096167,-0.012423287,-0.0022420138,0.9992591738700867
36,3000,left,6,INDEX_FINGER_PIP,0.55018145,0.62202096,-0.043371562,-0.037766423,0.010039775,-0.011741206,0.9992591738700867
36,3000,left,7,INDEX_FINGER_DIP,0.5367072,0.6300302,-0.047754485,-0.052229878,0.027995879,0.0051847696,0.9992591738700867
36,3000,left,8,INDEX_FINGER_TIP,0.52757937,0.63616914,-0.049124565,-0.054526225,0.040051877,0.02565088,0.9992591738700867
36,3000,left,9,MIDDLE_FINGER_MCP,0.5873643,0.6150181,-0.0323862,-0.0014015832,-0.0014475337,-0.001730252,0.9992591738700867
36,3000,left,10,MIDDLE_FINGER_PIP,0.5597766,0.62731683,-0.0424154,-0.026749201,0.023939103,-0.008747451,0.9992591738700867
36,3000,left,11,MIDDLE_FINGER_DIP,0.544197,0.63554865,-0.043856252,-0.039509617,0.045345798,0.0043973215,0.9992591738700867
36,3000,left,12,MIDDLE_FINGER_TIP,0.53389347,0.6410387,-0.04421628,-0.05372995,0.058009706,0.038757097,0.9992591738700867
36,3000,left,13,RING_FINGER_MCP,0.5979681,0.6207435,-0.031579036,0.0088329725,0.008824493,0.0003798008,0.9992591738700867
36,3000,left,14,RING_FINGER_PIP,0.57088387,0.6314712,-0.038251407,-0.012621335,0.031114586,-0.0005470067,0.9992591738700867
36,3000,left,15,RING_FINGER_DIP,0.55654097,0.6382693,-0.037065923,-0.02448637,0.04364683,0.021290116,0.9992591738700867
36,3000,left,16,RING_FINGER_TIP,0.5477636,0.6426627,-0.03561226,-0.034530602,0.055641167,0.047427826,0.9992591738700867
36,3000,left,17,PINKY_MCP,0.6050638,0.6261102,-0.030769648,0.02460632,0.02135379,0.013430649,0.9992591738700867
36,3000,left,18,PINKY_PIP,0.5812299,0.63396424,-0.035162088,0.0061675785,0.030022431,0.014165733,0.9992591738700867
36,3000,left,19,PINKY_DIP,0.56842643,0.6379364,-0.033658013,-0.009169301,0.040385753,0.027906932,0.9992591738700867
36,3000,left,20,PINKY_TIP,0.56096894,0.6410865,-0.03187097,-0.018224958,0.04654827,0.049134895,0.9992591738700867
37,3083,left,0,WRIST,0.6002218,0.6089458,2.1073008e-07,0.03291186,-0.013836756,0.09357993,0.999500572681427
37,3083,left,1,THUMB_CMC,0.58005136,0.60738504,-0.006757362,0.0032105618,-0.018440066,0.066956,0.999500572681427
37,3083,left,2,THUMB_MCP,0.56018174,0.6124207,-0.014955844,-0.013132324,-0.01083794,0.041152216,0.999500572681427
37,3083,left,3,THUMB_IP,0.54679596,0.6193619,-0.02085078,-0.022672692,0.006292405,0.0072376505,0.999500572681427
37,3083,left,4,THUMB_TIP,0.53920627,0.6265316,-0.027567208,-0.03588091,0.019256761,-0.025190674,0.999500572681427
37,3083,left,5,INDEX_FINGER_MCP,0.5706896,0.6102064,-0.03280882,-0.010827802,-0.01052487,-0.0025130734,0.999500572681427
37,3083,left,6,INDEX_FINGER_PIP,0.5473924,0.62278676,-0.044157434,-0.0334381,0.0088973055,-0.012538627,0.999500572681427
37,3083,left,7,INDEX_FINGER_DIP,0.5344027,0.6309607,-0.04838092,-0.04781623,0.02581434,0.0047300905,0.999500572681427
37,3083,left,8,INDEX_FINGER_TIP,0.5264158,0.63690126,-0.049563214,-0.04921007,0.03929801,0.02440944,0.999500572681427
37,3083,left,9,MIDDLE_FINGER_MCP,0.5848108,0.6154774,-0.03305804,-0.0012850028,-0.0012916661,-0.0009138435,0.999500572681427
37,3083,left,10,MIDDLE_FINGER_PIP,0.5576517,0.62770665,-0.043133415,-0.023896473,0.021242172,-0.010540418,0.999500572681427
37,3083,left,11,MIDDLE_FINGER_DIP,0.5429496,0.635934,-0.044125155,-0.0345233,0.043281708,0.0036172532,0.999500572681427
37,3083,left,12,MIDDLE_FINGER_TIP,0.53441906,0.64098364,-0.044162665,-0.046984646,0.054333635,0.036919635,0.999500572681427
37,3083,left,13,RING_FINGER_MCP,0.59587854,0.6210828,-0.03217993,0.0075566964,0.008582496,5.1647425e-05,0.999500572681427
37,3083,left,14,RING_FINGER_PIP,0.5695687,0.63209677,-0.038763817,-0.009922554,0.027349606,-0.0018233433,0.999500572681427
37,3083,left,15,RING_FINGER_DIP,0.5558248,0.6389188,-0.037437905,-0.020679088,0.042435594,0.019825105,0.999500572681427
37,3083,left,16,RING_FINGER_TIP,0.54821736,0.6429818,-0.036005538,-0.030153163,0.052855726,0.04734379,0.999500572681427
37,3083,left,17,PINKY_MCP,0.60351855,0.6261429,-0.03122977,0.021995382,0.01962547,0.013649968,0.999500572681427
37,3083,left,18,PINKY_PIP,0.5805936,0.63423747,-0.035692725,0.0054642884,0.02663447,0.013871241,0.999500572681427
37,3083,left,19,PINKY_DIP,0.5681919,0.638359,-0.0343766,-0.0080426745,0.039417654,0.026241355,0.999500572681427
37,3083,left,20,PINKY_TIP,0.5613493,0.6414232,-0.032763842,-0.015659697,0.04600019,0.049011573,0.999500572681427
38,3167,left,0,WRIST,0.5977987,0.6090992,1.9060803e-07,0.034270063,-0.015473542,0.09246218,0.9992985725402832
38,3167,left,1,THUMB_CMC,0.5771226,0.6075004,-0.006430935,0.0036467281,-0.018665256,0.067382544,0.9992985725402832
38,3167,left,2,THUMB_MCP,0.5570075,0.6127492,-0.013933757,-0.013723254,-0.010554323,0.041446343,0.9992985725402832
38,3167,left,3,THUMB_IP,0.54363215,0.62028843,-0.019250214,-0.022674587,0.0073798746,0.009058304,0.9992985725402832
38,3167,left,4,THUMB_TIP,0.5364382,0.6279185,-0.025314078,-0.03597823,0.023212181,-0.021300927,0.9992985725402832
38,3167,left,5,INDEX_FINGER_MCP,0.567742,0.6106169,-0.030817106,-0.011539871,-0.010293098,-0.0020400062,0.9992985725402832
38,3167,left,6,INDEX_FINGER_PIP,0.54533297,0.6235028,-0.041239448,-0.034150586,0.009857104,-0.010550186,0.9992985725402832
38,3167,left,7,INDEX_FINGER_DIP,0.5332191,0.6313373,-0.04486019,-0.047294937,0.025316328,0.006344393,0.9992985725402832
38,3167,left,8,INDEX_FINGER_TIP,0.52545947,0.6370071,-0.04581405,-0.05035807,0.03921197,0.027091902,0.9992985725402832
38,3167,left,9,MIDDLE_FINGER_MCP,0.5823893,0.61579996,-0.031030161,-0.0014068333,-0.0017784409,-0.0021104217,0.9992985725402832
38,3167,left,10,MIDDLE_FINGER_PIP,0.5569273,0.62853694,-0.0406444,-0.023373235,0.02168907,-0.008821882,0.9992985725402832
38,3167,left,11,MIDDLE_FINGER_DIP,0.5437008,0.6365538,-0.04166786,-0.03278988,0.04390269,0.0057010204,0.9992985725402832
38,3167,left,12,MIDDLE_FINGER_TIP,0.53578,0.6415559,-0.041797444,-0.043507855,0.056737065,0.03587445,0.9992985725402832
38,3167,left,13,RING_FINGER_MCP,0.593701,0.6212506,-0.03019198,0.008308951,0.008612099,-0.00033810735,0.9992985725402832
38,3167,left,14,RING_FINGER_PIP,0.5683302,0.6324989,-0.036534607,-0.009641368,0.027706493,-0.00060003996,0.9992985725402832
38,3167,left,15,RING_FINGER_DIP,0.5552848,0.6392798,-0.035538316,-0.020220239,0.04318209,0.018607214,0.9992985725402832
38,3167,left,16,RING_FINGER_TIP,0.54768115,0.6434577,-0.03437767,-0.03056698,0.05437836,0.04530044,0.9992985725402832
38,3167,left,17,PINKY_MCP,0.60138315,0.62613267,-0.029289788,0.022125553,0.018649379,0.013816178,0.9992985725402832
38,3167,left,18,PINKY_PIP,0.5790471,0.63447475,-0.033685915,0.0054506576,0.0257838,0.014251664,0.9992985725402832
38,3167,left,19,PINKY_DIP,0.5670392,0.63866085,-0.03279099,-0.007852221,0.039322853,0.026429333,0.9992985725402832
38,3167,left,20,PINKY_TIP,0.56023866,0.64179665,-0.03155663,-0.0153438,0.047167767,0.047222987,0.9992985725402832
38,3167,right,0,WRIST,0.6586611,0.44891602,-3.9115978e-08,-0.045892842,0.018051803,0.07820508,0.8311430811882019
38,3167,right,1,THUMB_CMC,0.67178243,0.43927294,-0.00076330866,-0.031566378,-0.0068285055,0.061291277,0.8311430811882019
38,3167,right,2,THUMB_MCP,0.69174284,0.43254125,-0.006313794,-0.006074942,-0.014161436,0.051524654,0.8311430811882019
38,3167,right,3,THUMB_IP,0.71053106,0.43038458,-0.01237312,0.016532637,-0.021527147,0.024331607,0.8311430811882019
38,3167,right,4,THUMB_TIP,0.72455335,0.43225664,-0.01859612,0.03393858,-0.015661675,0.0022857636,0.8311430811882019
38,3167,right,5,INDEX_FINGER_MCP,0.69203687,0.4306658,-0.016770713,-0.0011467141,-0.024909828,0.0054137707,0.8311430811882019
38,3167,right,6,INDEX_FINGER_PIP,0.71737057,0.42604426,-0.02790429,0.022363057,-0.027288945,-0.0020045638,0.8311430811882019
38,3167,right,7,INDEX_FINGER_DIP,0.72846764,0.42599756,-0.033332877,0.03678463,-0.029395092,0.0065127984,0.8311430811882019
38,3167,right,8,INDEX_FINGER_TIP,0.7346459,0.4268737,-0.03584756,0.042157285,-0.026402978,0.016679347,0.8311430811882019
38,3167,right,9,MIDDLE_FINGER_MCP,0.6921581,0.4376638,-0.021684747,0.00087849476,-0.005160254,-0.001439847,0.8311430811882019
38,3167,right,10,MIDDLE_FINGER_PIP,0.7246591,0.43432638,-0.034014612,0.033860795,-0.00941761,-0.012039982,0.8311430811882019
38,3167,right,11,MIDDLE_FINGER_DIP,0.7336073,0.43534413,-0.037433542,0.044023026,-0.011912327,-0.008225039,0.8311430811882019
38,3167,right,12,MIDDLE_FINGER_TIP,0.73441607,0.43665013,-0.037829988,0.04659052,-0.01143701,0.006214857,0.8311430811882019
38,3167,right,13,RING_FINGER_MCP,0.6919838,0.4467948,-0.026164947,0.0005845869,0.014482519,-0.0044020116,0.8311430811882019
38,3167,right,14,RING_FINGER_PIP,0.72371674,0.44466987,-0.036791477,0.030175785,0.009949288,-0.014654428,0.8311430811882019
38,3167,right,15,RING_FINGER_DIP,0.7331555,0.4456098,-0.03722329,0.040827177,0.01139351,-0.009931654,0.8311430811882019
38,3167,right,16,RING_FINGER_TIP,0.7359688,0.446161,-0.03557998,0.043665554,0.011363406,0.006559387,0.8311430811882019
38,3167,right,17,PINKY_MCP,0.6907533,0.4568285,-0.030225828,-0.0064797085,0.032484733,0.0020326823,0.8311430811882019
38,3167,right,18,PINKY_PIP,0.7140841,0.45628408,-0.03820683,0.015812233,0.035238072,-0.004429154,0.8311430811882019
38,3167,right,19,PINKY_DIP,0.723585,0.45653662,-0.038389504,0.03183995,0.03436812,-0.0014081895,0.8311430811882019
38,3167,right,20,PINKY_TIP,0.72898793,0.45625067,-0.037075687,0.039685678,0.030115023,0.0073181093,0.8311430811882019
39,3250,left,0,WRIST,0.5953402,0.6087729,1.7839824e-07,0.030709207,-0.013092574,0.090842396,0.9992985725402832
39,3250,left,1,THUMB_CMC,0.5747361,0.6074962,-0.006064625,0.0014562807,-0.015703162,0.067083046,0.9992985725402832
39,3250,left,2,THUMB_MCP,0.55461186,0.6133078,-0.013356232,-0.014157211,-0.0077907764,0.040621124,0.9992985725402832
39,3250,left,3,THUMB_IP,0.5413518,0.6212823,-0.018485935,-0.020812878,0.008005454,0.010524698,0.9992985725402832
39,3250,left,4,THUMB_TIP,0.5342944,0.6290801,-0.024403017,-0.03436041,0.02306814,-0.019810453,0.9992985725402832
39,3250,left,5,INDEX_FINGER_MCP,0.56494206,0.61064523,-0.03071108,-0.00941242,-0.00979631,-0.0019313172,0.9992985725402832
39,3250,left,6,INDEX_FINGER_PIP,0.54293716,0.6238205,-0.040954217,-0.029975463,0.0076261843,-0.010906562,0.9992985725402832
39,3250,left,7,INDEX_FINGER_DIP,0.5316602,0.63198,-0.044319328,-0.043187015,0.023615656,0.006643161,0.9992985725402832
39,3250,left,8,INDEX_FINGER_TIP,0.52447313,0.6378172,-0.045147553,-0.04685643,0.038179405,0.027157968,0.9992985725402832
39,3250,left,9,MIDDLE_FINGER_MCP,0.57966584,0.6156924,-0.03102425,-0.000765098,-0.0014295478,-0.0015728101,0.9992985725402832
39,3250,left,10,MIDDLE_FINGER_PIP,0.554831,0.6287342,-0.04054953,-0.020390328,0.018397268,-0.010012433,0.9992985725402832
39,3250,left,11,MIDDLE_FINGER_DIP,0.5422834,0.6367952,-0.041282054,-0.029831126,0.040270176,0.004593402,0.9992985725402832
39,3250,left,12,MIDDLE_FINGER_TIP,0.5346548,0.6417617,-0.041233327,-0.04175677,0.0534229,0.035200786,0.9992985725402832
39,3250,left,13,RING_FINGER_MCP,0.59128016,0.6211556,-0.030260507,0.007003718,0.008541098,-0.00037902594,0.9992985725402832
39,3250,left,14,RING_FINGER_PIP,0.5667657,0.6328223,-0.036559485,-0.008155465,0.023512218,-0.0011636615,0.9992985725402832
39,3250,left,15,RING_FINGER_DIP,0.5544625,0.6397296,-0.035222746,-0.018374398,0.04103803,0.017898865,0.9992985725402832
39,3250,left,16,RING_FINGER_TIP,0.54727036,0.6440426,-0.033839002,-0.029034201,0.05227241,0.044341188,0.9992985725402832
39,3250,left,17,PINKY_MCP,0.5994146,0.6260363,-0.029387657,0.018970078,0.01828491,0.0141881555,0.9992985725402832
39,3250,left,18,PINKY_PIP,0.57779175,0.6347242,-0.033711817,0.004619492,0.02399863,0.0138507,0.9992985725402832
39,3250,left,19,PINKY_DIP,0.5664689,0.63910955,-0.03262502,-0.0069721853,0.03753165,0.02520632,0.9992985725402832
39,3250,left,20,PINKY_TIP,0.5603249,0.6424326,-0.031276483,-0.014179688,0.04563714,0.045977503,0.9992985725402832
40,3333,left,0,WRIST,0.59367394,0.6086554,1.803621e-07,0.033333212,-0.016698226,0.09021288,0.9990995526313782
40,3333,left,1,THUMB_CMC,0.5732167,0.60766065,-0.0058337185,0.0041029938,-0.018646583,0.06675252,0.9990995526313782
40,3333,left,2,THUMB_MCP,0.5532544,0.61302614,-0.013171376,-0.014614334,-0.010468005,0.03968694,0.9990995526313782
40,3333,left,3,THUMB_IP,0.5398503,0.6201552,-0.01846967,-0.022740234,0.0062514883,0.008780487,0.9990995526313782
40,3333,left,4,THUMB_TIP,0.5327499,0.6275767,-0.024625288,-0.035364892,0.021378815,-0.022945508,0.9990995526313782
40,3333,left,5,INDEX_FINGER_MCP,0.5632641,0.6110953,-0.030172627,-0.011706927,-0.010438529,-0.0014251769,0.9990995526313782
40,3333,left,6,INDEX_FINGER_PIP,0.54168224,0.6240892,-0.04059401,-0.03296547,0.0096596675,-0.011202797,0.9990995526313782
40,3333,left,7,INDEX_FINGER_DIP,0.5299609,0.6323465,-0.044354893,-0.045043066,0.026806505,0.0072046146,0.9990995526313782
40,3333,left,8,INDEX_FINGER_TIP,0.5226718,0.6384393,-0.04542797,-0.048134606,0.042436518,0.026735803,0.9990995526313782
40,3333,left,9,MIDDLE_FINGER_MCP,0.5780251,0.61586285,-0.030814713,-0.0013992782,-0.0012338269,-0.0012040362,0.9990995526313782
40,3333,left,10,MIDDLE_FINGER_PIP,0.553222,0.62912464,-0.040438976,-0.022295756,0.022644784,-0.009317122,0.9990995526313782
40,3333,left,11,MIDDLE_FINGER_DIP,0.54040027,0.6376396,-0.04165819,-0.031204224,0.044444837,0.005562514,0.9990995526313782
40,3333,left,12,MIDDLE_FINGER_TIP,0.5326594,0.64322495,-0.041902125,-0.04231263,0.059149787,0.03681112,0.9990995526313782
40,3333,left,13,RING_FINGER_MCP,0.58977044,0.621015,-0.030365905,0.007984835,0.008264391,-0.0001366213,0.9990995526313782
40,3333,left,14,RING_FINGER_PIP,0.56557715,0.63299936,-0.03685168,-0.008741204,0.026983276,-0.0017374605,0.9990995526313782
40,3333,left,15,RING_FINGER_DIP,0.5528173,0.64038944,-0.036013063,-0.018833365,0.0444886,0.017867114,0.9990995526313782
40,3333,left,16,RING_FINGER_TIP,0.5453919,0.6452658,-0.03490247,-0.028018273,0.057365358,0.045092408,0.9990995526313782
40,3333,left,17,PINKY_MCP,0.59810746,0.625678,-0.029775558,0.0227124,0.01823389,0.013381047,0.9990995526313782
40,3333,left,18,PINKY_PIP,0.57666016,0.63462555,-0.034345154,0.0065572467,0.026172953,0.01414087,0.9990995526313782
40,3333,left,19,PINKY_DIP,0.565247,0.6393756,-0.03342322,-0.0063256472,0.040327094,0.023675978,0.9990995526313782
40,3333,left,20,PINKY_TIP,0.5589359,0.64314216,-0.03209969,-0.013689032,0.04820928,0.044662222,0.9990995526313782
41,3417,left,0,WRIST,0.5918513,0.6085628,1.7497862e-07,0.033134423,-0.016986687,0.09097995,0.99903404712677
41,3417,left,1,THUMB_CMC,0.5713781,0.60778415,-0.0056562996,0.0026060045,-0.018535208,0.066890225,0.99903404712677
41,3417,left,2,THUMB_MCP,0.5516093,0.61349136,-0.012621292,-0.015384037,-0.009864713,0.04030083,0.99903404712677
41,3417,left,3,THUMB_IP,0.5380387,0.6209257,-0.017664757,-0.024131708,0.0064715925,0.0097243935,0.99903404712677
41,3417,left,4,THUMB_TIP,0.52995163,0.6285327,-0.023507023,-0.037392404,0.022596901,-0.02013643,0.99903404712677
41,3417,left,5,INDEX_FINGER_MCP,0.56131124,0.6114253,-0.028696632,-0.0125595825,-0.01078556,-0.0019222572,0.99903404712677
41,3417,left,6,INDEX_FINGER_PIP,0.5405729,0.6243615,-0.038755316,-0.032303497,0.009665718,-0.010593042,0.99903404712677
41,3417,left,7,INDEX_FINGER_DIP,0.5290489,0.63232964,-0.042398375,-0.044596575,0.026149761,0.00694748,0.99903404712677
41,3417,left,8,INDEX_FINGER_TIP,0.52159363,0.6381641,-0.043458078,-0.048382003,0.04118876,0.028075067,0.99903404712677
41,3417,left,9,MIDDLE_FINGER_MCP,0.5760192,0.61601603,-0.029339397,-0.001232764,-0.0014003917,-0.0017589703,0.99903404712677
41,3417,left,10,MIDDLE_FINGER_PIP,0.55233514,0.6293668,-0.038528685,-0.021413187,0.023037463,-0.008545704,0.99903404712677
41,3417,left,11,MIDDLE_FINGER_DIP,0.540003,0.6375679,-0.03965564,-0.030114047,0.044155076,0.006087713,0.99903404712677
41,3417,left,12,MIDDLE_FINGER_TIP,0.532256,0.6428935,-0.039906293,-0.041631274,0.05837907,0.037593283,0.99903404712677
41,3417,left,13,RING_FINGER_MCP,0.5878051,0.62101066,-0.028976295,0.008486822,0.008645939,-9.008497e-05,0.99903404712677
41,3417,left,14,RING_FINGER_PIP,0.56425166,0.6330409,-0.035180658,-0.007788142,0.027026687,-0.00035899878,0.99903404712677
41,3417,left,15,RING_FINGER_DIP,0.55201435,0.64021933,-0.034102473,-0.018145539,0.04428497,0.018933982,0.99903404712677
41,3417,left,16,RING_FINGER_TIP,0.54469496,0.64497197,-0.03286447,-0.027598085,0.05643586,0.045202836,0.99903404712677
41,3417,left,17,PINKY_MCP,0.5962871,0.6255606,-0.028502095,0.02306023,0.018018715,0.014226474,0.99903404712677
41,3417,left,18,PINKY_PIP,0.5754038,0.6347723,-0.032906376,0.0071898913,0.02635379,0.014241312,0.99903404712677
41,3417,left,19,PINKY_DIP,0.5643397,0.6395141,-0.031837024,-0.0056143664,0.041010372,0.02552627,0.99903404712677
41,3417,left,20,PINKY_TIP,0.55836666,0.64325076,-0.03041526,-0.012149572,0.049943373,0.045038864,0.99903404712677
42,3500,left,0,WRIST,0.5910751,0.60853785,1.8365512e-07,0.03455443,-0.018135548,0.08974734,0.9990637302398682
42,3500,left,1,THUMB_CMC,0.5706829,0.6077104,-0.0064850277,0.004083599,-0.019385567,0.06539558,0.9990637302398682
42,3500,left,2,THUMB_MCP,0.5509524,0.6133448,-0.013849115,-0.014509343,-0.011300265,0.04033543,0.9990637302398682
42,3500,left,3,THUMB_IP,0.5372819,0.62065977,-0.019008165,-0.023659743,0.005659882,0.0081258565,0.9990637302398682
42,3500,left,4,THUMB_TIP,0.5288351,0.6280197,-0.02487818,-0.03741194,0.021446377,-0.021207243,0.9990637302398682
42,3500,left,5,INDEX_FINGER_MCP,0.56084806,0.6114659,-0.03034215,-0.012941631,-0.011095149,-0.0021884441,0.9990637302398682
42,3500,left,6,INDEX_FINGER_PIP,0.5399457,0.6246897,-0.040685028,-0.032737896,0.010750945,-0.010644674,0.9990637302398682
42,3500,left,7,INDEX_FINGER_DIP,0.5282971,0.63257426,-0.04426525,-0.045111716,0.026948294,0.006163545,0.9990637302398682
42,3500,left,8,INDEX_FINGER_TIP,0.52075887,0.6381889,-0.04516764,-0.0480578,0.040254653,0.027184505,0.9990637302398682
42,3500,left,9,MIDDLE_FINGER_MCP,0.5754088,0.6160851,-0.03047483,-0.001425245,-0.0014439853,-0.0018454827,0.9990637302398682
42,3500,left,10,MIDDLE_FINGER_PIP,0.551504,0.6297106,-0.039810788,-0.021687366,0.02437733,-0.008373551,0.9990637302398682
42,3500,left,11,MIDDLE_FINGER_DIP,0.5387867,0.6379657,-0.040747784,-0.030132893,0.045064807,0.0058024377,0.9990637302398682
42,3500,left,12,MIDDLE_FINGER_TIP,0.5310511,0.6430867,-0.040795404,-0.041816168,0.057601813,0.03719385,0.9990637302398682
42,3500,left,13,RING_FINGER_MCP,0.5869236,0.6210493,-0.029631888,0.008885096,0.007999709,4.450977e-05,0.9990637302398682
42,3500,left,14,RING_FINGER_PIP,0.56361,0.6332552,-0.03584966,-0.0070178155,0.028116476,-0.00015237927,0.9990637302398682
42,3500,left,15,RING_FINGER_DIP,0.55108327,0.6404668,-0.034898218,-0.01774646,0.044945568,0.018677734,0.9990637302398682
42,3500,left,16,RING_FINGER_TIP,0.543649,0.64501226,-0.033719573,-0.026616534,0.056880713,0.045899153,0.9990637302398682
42,3500,left,17,PINKY_MCP,0.5949948,0.6255531,-0.02872959,0.023689575,0.017630396,0.014369382,0.9990637302398682
42,3500,left,18,PINKY_PIP,0.574431,0.63496536,-0.033153784,0.008225484,0.026641691,0.014175408,0.9990637302398682
42,3500,left,19,PINKY_DIP,0.56314707,0.63972944,-0.03234266,-0.005176842,0.041567534,0.025245503,0.9990637302398682
42,3500,left,20,PINKY_TIP,0.55676603,0.6433178,-0.031103557,-0.0126311965,0.049765892,0.044770658,0.9990637302398682
42,3500,right,0,WRIST,0.5423189,0.41321626,1.2125223e-07,-0.054103192,0.053609133,0.0598538,0.8927496671676636
42,3500,right,1,THUMB_CMC,0.55261856,0.40046176,0.0013313225,-0.042068154,0.019198883,0.05402811,0.8927496671676636
42,3500,right,2,THUMB_MCP,0.569728,0.38967547,-0.0017100511,-0.01851476,-0.0007339567,0.046715766,0.8927496671676636
42,3500,right,3,THUMB_IP,0.58644795,0.38463038,-0.0057939403,0.0042803446,-0.01649607,0.026798945,0.8927496671676636
42,3500,right,4,THUMB_TIP,0.5995805,0.3833624,-0.009690734,0.021380408,-0.021253241,0.001245439,0.8927496671676636
42,3500,right,5,INDEX_FINGER_MCP,0.57221556,0.38252005,-0.009022255,-0.007416585,-0.025593353,0.0073577315,0.8927496671676636
42,3500,right,6,INDEX_FINGER_PIP,0.6011905,0.3740294,-0.017602546,0.020749677,-0.035533674,0.0045832843,0.8927496671676636
42,3500,right,7,INDEX_FINGER_DIP,0.6203841,0.37358817,-0.021697665,0.044363454,-0.03660702,0.014981594,0.8927496671676636
42,3500,right,8,INDEX_FINGER_TIP,0.6350847,0.37499288,-0.023146506,0.06261115,-0.035606366,0.026170865,0.8927496671676636
42,3500,right,9,MIDDLE_FINGER_MCP,0.57641184,0.38803673,-0.013683787,-0.0005441699,-0.0071780006,-0.000112079084,0.8927496671676636
42,3500,right,10,MIDDLE_FINGER_PIP,0.61127245,0.38181114,-0.019907033,0.03787722,-0.016128736,-0.0018343069,0.8927496671676636
42,3500,right,11,MIDDLE_FINGER_DIP,0.6321104,0.38271892,-0.022111159,0.060390957,-0.019428793,0.00996691,0.8927496671676636
42,3500,right,12,MIDDLE_FINGER_TIP,0.64599824,0.3855428,-0.023150912,0.081520446,-0.017213726,0.026533313,0.8927496671676636
42,3500,right,13,RING_FINGER_MCP,0.58070743,0.39593464,-0.01825171,0.0059593995,0.015552889,-0.0063504875,0.8927496671676636
42,3500,right,14,RING_FINGER_PIP,0.61385244,0.39111364,-0.022498276,0.038221493,0.005462097,-0.0050374344,0.8927496671676636
42,3500,right,15,RING_FINGER_DIP,0.63426024,0.39181715,-0.024197416,0.06473235,0.004259819,0.0037921146,0.8927496671676636
42,3500,right,16,RING_FINGER_TIP,0.64789593,0.39378607,-0.02518294,0.08251947,0.0074075777,0.018841743,0.8927496671676636
42,3500,right,17,PINKY_MCP,0.58476627,0.40528053,-0.022654284,0.0025907047,0.036532402,-0.0008364171,0.8927496671676636
42,3500,right,18,PINKY_PIP,0.61064976,0.40272263,-0.0247429,0.028860804,0.03361826,-0.0003683716,0.8927496671676636
42,3500,right,19,PINKY_DIP,0.6264473,0.40222144,-0.024802728,0.05425969,0.028975535,0.0076221377,0.8927496671676636
42,3500,right,20,PINKY_TIP,0.63808686,0.40202922,-0.02465778,0.07235133,0.026729207,0.018066928,0.8927496671676636
43,3583,left,0,WRIST,0.5900828,0.60875654,1.8385994e-07,0.03443329,-0.017918054,0.090150535,0.9992504715919495
43,3583,left,1,THUMB_CMC,0.5697978,0.6080466,-0.006250241,0.004229967,-0.019286236,0.06637038,0.9992504715919495
43,3583,left,2,THUMB_MCP,0.5496745,0.61370623,-0.013569211,-0.015213242,-0.011141088,0.040502355,0.9992504715919495
43,3583,left,3,THUMB_IP,0.5359884,0.6210615,-0.018761296,-0.024941288,0.0061294604,0.0083048865,0.9992504715919495
43,3583,left,4,THUMB_TIP,0.52769005,0.62861824,-0.0246678,-0.038275536,0.02288958,-0.021628246,0.9992504715919495
43,3583,left,5,INDEX_FINGER_MCP,0.55984765,0.6112181,-0.030312741,-0.013431318,-0.011889819,-0.0018327907,0.9992504715919495
43,3583,left,6,INDEX_FINGER_PIP,0.5389453,0.6247588,-0.040815443,-0.033407137,0.011152552,-0.009893328,0.9992504715919495
43,3583,left,7,INDEX_FINGER_DIP,0.52749884,0.63276386,-0.04440614,-0.04562752,0.028112002,0.0068833455,0.9992504715919495
43,3583,left,8,INDEX_FINGER_TIP,0.5203508,0.6383526,-0.045228798,-0.047875363,0.041108124,0.029154494,0.9992504715919495
43,3583,left,9,MIDDLE_FINGER_MCP,0.57467973,0.61563456,-0.030660687,-0.0016775733,-0.0017141596,-0.0018369853,0.9992504715919495
43,3583,left,10,MIDDLE_FINGER_PIP,0.55071336,0.62985533,-0.040192526,-0.022591978,0.02572452,-0.007606022,0.9992504715919495
43,3583,left,11,MIDDLE_FINGER_DIP,0.53807825,0.6382574,-0.041144386,-0.030690871,0.046495173,0.007988423,0.9992504715919495
43,3583,left,12,MIDDLE_FINGER_TIP,0.5304159,0.6434542,-0.041170504,-0.04178203,0.0596417,0.03950958,0.9992504715919495
43,3583,left,13,RING_FINGER_MCP,0.5863245,0.62059206,-0.030030208,0.009252677,0.008603309,-0.0001847595,0.9992504715919495
43,3583,left,14,RING_FINGER_PIP,0.5628712,0.6333758,-0.036503453,-0.006680752,0.029751722,-0.00038287044,0.9992504715919495
43,3583,left,15,RING_FINGER_DIP,0.55020976,0.64063346,-0.03547669,-0.017869899,0.046111725,0.020279847,0.9992504715919495
43,3583,left,16,RING_FINGER_TIP,0.5425149,0.64521784,-0.03417865,-0.026728062,0.057815403,0.047768652,0.9992504715919495
43,3583,left,17,PINKY_MCP,0.5944671,0.6253257,-0.029305294,0.025399083,0.018933242,0.014000118,0.9992504715919495
43,3583,left,18,PINKY_PIP,0.5735625,0.6350469,-0.03391165,0.008316407,0.0285584,0.014289923,0.9992504715919495
43,3583,left,19,PINKY_DIP,0.5622452,0.63980556,-0.03299494,-0.0046960916,0.044002123,0.025860287,0.9992504715919495
43,3583,left,20,PINKY_TIP,0.55586857,0.6434084,-0.031645864,-0.012099326,0.051746584,0.046085417,0.9992504715919495
43,3583,right,0,WRIST,0.53511024,0.40992057,2.4571477e-07,-0.04784872,0.058662377,0.056587473,0.9822195768356323
43,3583,right,1,THUMB_CMC,0.5429938,0.39614114,0.0024678812,-0.03560165,0.02653462,0.05690658,0.9822195768356323
43,3583,right,2,THUMB_MCP,0.55754495,0.38358667,-0.0010442381,-0.014406352,0.0025602686,0.055300996,0.9822195768356323
43,3583,right,3,THUMB_IP,0.5748177,0.3758794,-0.0058009336,0.0051741027,-0.016752323,0.038706362,0.9822195768356323
43,3583,right,4,THUMB_TIP,0.5901387,0.37215525,-0.010346102,0.022918055,-0.024321577,0.017516106,0.9822195768356323
43,3583,right,5,INDEX_FINGER_MCP,0.55869174,0.37525702,-0.009786262,-0.010436481,-0.021923315,0.011627741,0.9822195768356323
43,3583,right,6,INDEX_FINGER_PIP,0.5873289,0.36598814,-0.019396322,0.019416051,-0.03414566,0.010622323,0.9822195768356323
43,3583,right,7,INDEX_FINGER_DIP,0.60690635,0.36498895,-0.024839519,0.041191645,-0.036082122,0.023331918,0.9822195768356323
43,3583,right,8,INDEX_FINGER_TIP,0.62187755,0.36612666,-0.02749176,0.06324075,-0.032051608,0.03775926,0.9822195768356323
43,3583,right,9,MIDDLE_FINGER_MCP,0.56130993,0.38058126,-0.015689733,-0.0034967419,-0.005774306,0.0011892319,0.9822195768356323
43,3583,right,10,MIDDLE_FINGER_PIP,0.59720695,0.37357152,-0.023997167,0.035639964,-0.017536914,-0.003466811,0.9822195768356323
43,3583,right,11,MIDDLE_FINGER_DIP,0.6193516,0.3741412,-0.027073076,0.056679018,-0.020101178,0.012072101,0.9822195768356323
43,3583,right,12,MIDDLE_FINGER_TIP,0.6342033,0.37672633,-0.028429773,0.07853468,-0.01794187,0.03430137,0.9822195768356323
43,3583,right,13,RING_FINGER_MCP,0.56637746,0.38836783,-0.021226663,0.00749488,0.012929067,-0.007990919,0.9822195768356323
43,3583,right,14,RING_FINGER_PIP,0.60114974,0.38294736,-0.026468847,0.04081632,0.0056103636,-0.007214427,0.9822195768356323
43,3583,right,15,RING_FINGER_DIP,0.62162066,0.3832723,-0.027106524,0.06301486,0.0022379179,0.0063066855,0.9822195768356323
43,3583,right,16,RING_FINGER_TIP,0.6351553,0.38491252,-0.027240748,0.080050856,0.00437906,0.02276694,0.9822195768356323
43,3583,right,17,PINKY_MCP,0.57268786,0.39752737,-0.026692702,0.008859905,0.03652305,-0.0068103,0.9822195768356323
43,3583,right,18,PINKY_PIP,0.6000988,0.39544654,-0.029260024,0.036114812,0.03336511,-0.003497906,0.9822195768356323
43,3583,right,19,PINKY_DIP,0.6158354,0.39460367,-0.028781816,0.05894023,0.028471917,0.0050871074,0.9822195768356323
43,3583,right,20,PINKY_TIP,0.6278289,0.3942633,-0.027993696,0.07312005,0.025261374,0.018134832,0.9822195768356323
44,3667,left,0,WRIST,0.58967644,0.6088888,1.6560328e-07,0.034461454,-0.015175926,0.090452954,0.999515950679779
44,3667,left,1,THUMB_CMC,0.5691445,0.6080736,-0.005880567,0.00494125,-0.016432017,0.06703903,0.999515950679779
44,3667,left,2,THUMB_MCP,0.54834616,0.61450815,-0.013054055,-0.014036934,-0.006564967,0.04052598,0.999515950679779
44,3667,left,3,THUMB_IP,0.5345871,0.6228287,-0.018183837,-0.022057123,0.009154294,0.008656986,0.999515950679779
44,3667,left,4,THUMB_TIP,0.52578306,0.6307959,-0.024085509,-0.03674775,0.027099306,-0.018512607,0.999515950679779
44,3667,left,5,INDEX_FINGER_MCP,0.5582824,0.61083317,-0.030382585,-0.011525004,-0.011747922,-0.0015501902,0.999515950679779
44,3667,left,6,INDEX_FINGER_PIP,0.5378544,0.62532574,-0.041006744,-0.030912485,0.010153081,-0.010131702,0.999515950679779
44,3667,left,7,INDEX_FINGER_DIP,0.5266976,0.6337886,-0.044592153,-0.042660393,0.029362014,0.0070287436,0.999515950679779
44,3667,left,8,INDEX_FINGER_TIP,0.519889,0.6395112,-0.045400098,-0.045378007,0.041947678,0.030897083,0.999515950679779
44,3667,left,9,MIDDLE_FINGER_MCP,0.5735843,0.61520875,-0.031051248,-0.0020060372,-0.0014259215,-0.0026114434,0.999515950679779
44,3667,left,10,MIDDLE_FINGER_PIP,0.5501446,0.6301987,-0.040747188,-0.020883009,0.022319477,-0.0071595684,0.999515950679779
44,3667,left,11,MIDDLE_FINGER_DIP,0.53803813,0.63897574,-0.041738234,-0.028821718,0.044327125,0.008843981,0.999515950679779
44,3667,left,12,MIDDLE_FINGER_TIP,0.53091514,0.6442571,-0.04179486,-0.038787104,0.058891237,0.039990682,0.999515950679779
44,3667,left,13,RING_FINGER_MCP,0.5857802,0.62020195,-0.03067491,0.007793568,0.007615883,-0.00047480315,0.999515950679779
44,3667,left,14,RING_FINGER_PIP,0.5623963,0.6335102,-0.037280113,-0.008461763,0.027458519,0.00020261109,0.999515950679779
44,3667,left,15,RING_FINGER_DIP,0.54994124,0.64101124,-0.035935827,-0.018047696,0.043065555,0.020454437,0.999515950679779
44,3667,left,16,RING_FINGER_TIP,0.5423159,0.64564157,-0.034396295,-0.027652005,0.05623688,0.047906503,0.999515950679779
44,3667,left,17,PINKY_MCP,0.59453267,0.62503356,-0.030155988,0.023466371,0.018933265,0.013400305,0.999515950679779
44,3667,left,18,PINKY_PIP,0.57347834,0.6351618,-0.034920868,0.006873821,0.027956542,0.014017489,0.999515950679779
44,3667,left,19,PINKY_DIP,0.5625233,0.64005923,-0.03368816,-0.004726352,0.041277025,0.025796719,0.999515950679779
44,3667,left,20,PINKY_TIP,0.55655485,0.6437175,-0.03204801,-0.011927126,0.04942435,0.047755286,0.999515950679779
44,3667,right,0,WRIST,0.52824384,0.40436226,2.144917e-07,-0.0488817,0.06123658,0.04937417,0.9691494703292847
44,3667,right,1,THUMB_CMC,0.5364486,0.39066634,0.0039270287,-0.032847542,0.030583689,0.051247224,0.9691494703292847
44,3667,right,2,THUMB_MCP,0.55064285,0.37886125,0.00045498522,-0.0135110505,0.006902431,0.053719,0.9691494703292847
44,3667,right,3,THUMB_IP,0.5668464,0.37248185,-0.0046043666,0.004496863,-0.011278903,0.044900358,0.9691494703292847
44,3667,right,4,THUMB_TIP,0.58156514,0.36993665,-0.00961562,0.018015485,-0.016708583,0.027880907,0.9691494703292847
44,3667,right,5,INDEX_FINGER_MCP,0.553257,0.37015477,-0.00947796,-0.009210758,-0.018780634,0.014006451,0.9691494703292847
44,3667,right,6,INDEX_FINGER_PIP,0.5792727,0.35994914,-0.019767396,0.017768871,-0.031480733,0.0119178295,0.9691494703292847
44,3667,right,7,INDEX_FINGER_DIP,0.5986228,0.3591249,-0.025670536,0.03774699,-0.03464495,0.016909525,0.9691494703292847
44,3667,right,8,INDEX_FINGER_TIP,0.6127729,0.36121824,-0.0284387,0.058838293,-0.028947918,0.024803907,0.9691494703292847
44,3667,right,9,MIDDLE_FINGER_MCP,0.5554435,0.374585,-0.016411968,-0.0040034694,-0.0049531236,0.001276806,0.9691494703292847
44,3667,right,10,MIDDLE_FINGER_PIP,0.5890629,0.36645243,-0.026501523,0.03266512,-0.018188905,-0.004175164,0.9691494703292847
44,3667,right,11,MIDDLE_FINGER_DIP,0.61013055,0.36762962,-0.03018074,0.051601656,-0.018882876,0.006968729,0.9691494703292847
44,3667,right,12,MIDDLE_FINGER_TIP,0.62386006,0.3710829,-0.031410817,0.06962687,-0.017551702,0.027642101,0.9691494703292847
44,3667,right,13,RING_FINGER_MCP,0.5594645,0.38140842,-0.022786273,0.005596825,0.0104812,-0.008922942,0.9691494703292847
44,3667,right,14,RING_FINGER_PIP,0.5920412,0.37516025,-0.029782308,0.034772933,0.0030776141,-0.011392258,0.9691494703292847
44,3667,right,15,RING_FINGER_DIP,0.61260664,0.37582797,-0.030971559,0.0585652,-0.00012506731,-0.0019464083,0.9691494703292847
44,3667,right,16,RING_FINGER_TIP,0.6267932,0.3778853,-0.030932749,0.075329386,0.0027884822,0.012299519,0.9691494703292847
44,3667,right,17,PINKY_MCP,0.5647255,0.39016783,-0.028820278,0.007464174,0.032393582,-0.012049668,0.9691494703292847
44,3667,right,18,PINKY_PIP,0.5910712,0.38686255,-0.03241582,0.033113644,0.027422749,-0.010393903,0.9691494703292847
44,3667,right,19,PINKY_DIP,0.607228,0.38600475,-0.031958252,0.05341546,0.02248815,-0.0018976778,0.9691494703292847
44,3667,right,20,PINKY_TIP,0.6200638,0.3860098,-0.03084589,0.06792296,0.021614224,0.007266775,0.9691494703292847
45,3750,left,0,WRIST,0.5898353,0.60819405,1.3536913e-07,0.03575181,-0.015359683,0.08974357,0.9995777606964111
45,3750,left,1,THUMB_CMC,0.56918764,0.6073418,-0.0049894745,0.0053358194,-0.016718585,0.06634833,0.9995777606964111
45,3750,left,2,THUMB_MCP,0.5481177,0.613747,-0.011956863,-0.014010528,-0.007302909,0.04209119,0.9995777606964111
45,3750,left,3,THUMB_IP,0.53394735,0.6222025,-0.016905729,-0.02336245,0.007088414,0.009846792,0.9995777606964111
45,3750,left,4,THUMB_TIP,0.52552545,0.63033485,-0.022562474,-0.03789021,0.024830146,-0.01645115,0.9995777606964111
45,3750,left,5,INDEX_FINGER_MCP,0.55848885,0.61081445,-0.029756127,-0.011191232,-0.011802481,-0.0024325773,0.9995777606964111
45,3750,left,6,INDEX_FINGER_PIP,0.53759223,0.6252542,-0.03965432,-0.030797338,0.009352622,-0.010490969,0.9995777606964111
45,3750,left,7,INDEX_FINGER_DIP,0.5275822,0.63350016,-0.04241294,-0.042174514,0.026174426,0.00894808,0.9995777606964111
45,3750,left,8,INDEX_FINGER_TIP,0.52233374,0.6386461,-0.042526104,-0.042483497,0.039766416,0.034506965,0.9995777606964111
45,3750,left,9,MIDDLE_FINGER_MCP,0.5734541,0.61528456,-0.030409891,-0.0014742898,-0.0018443736,-0.0028255098,0.9995777606964111
45,3750,left,10,MIDDLE_FINGER_PIP,0.5493826,0.6305177,-0.039212838,-0.022751972,0.020799175,-0.0076239035,0.9995777606964111
45,3750,left,11,MIDDLE_FINGER_DIP,0.5379861,0.63879,-0.039072685,-0.030007234,0.042629767,0.01029662,0.9995777606964111
45,3750,left,12,MIDDLE_FINGER_TIP,0.5322194,0.6433111,-0.038343392,-0.03696037,0.054407842,0.041203648,0.9995777606964111
45,3750,left,13,RING_FINGER_MCP,0.585207,0.6204068,-0.029950935,0.007587444,0.008790766,-5.2303076e-06,0.9995777606964111
45,3750,left,14,RING_FINGER_PIP,0.5611502,0.63368016,-0.035635114,-0.009545742,0.026392069,0.00047453493,0.9995777606964111
45,3750,left,15,RING_FINGER_DIP,0.54913574,0.6407592,-0.03326008,-0.01939696,0.043562382,0.020495314,0.9995777606964111
45,3750,left,16,RING_FINGER_TIP,0.54235154,0.6448535,-0.031112766,-0.028183198,0.054604884,0.04857097,0.9995777606964111
45,3750,left,17,PINKY_MCP,0.5936268,0.625229,-0.029277466,0.021215804,0.020263726,0.014644718,0.9995777606964111
45,3750,left,18,PINKY_PIP,0.5720427,0.63527274,-0.033062197,0.004524743,0.029094182,0.013986386,0.9995777606964111
45,3750,left,19,PINKY_DIP,0.5612695,0.6398672,-0.031034976,-0.0073651597,0.042584468,0.0270385,0.9995777606964111
45,3750,left,20,PINKY_TIP,0.5556102,0.6432006,-0.028921964,-0.013831433,0.048483253,0.04845044,0.9995777606964111
45,3750,right,0,WRIST,0.52502406,0.39970496,2.0686333e-07,-0.044290457,0.06778908,0.0462285,0.9795506000518799
45,3750,right,1,THUMB_CMC,0.5334016,0.3863971,0.0040694475,-0.029949855,0.036666535,0.052340418,0.9795506000518799
45,3750,right,2,THUMB_MCP,0.54543644,0.37477875,0.00022621219,-0.01248562,0.01276537,0.055500686,0.9795506000518799
45,3750,right,3,THUMB_IP,0.559962,0.36804238,-0.0053289873,0.0045698024,-0.006876607,0.04898636,0.9795506000518799
45,3750,right,4,THUMB_TIP,0.5740961,0.365529,-0.011009248,0.01906338,-0.014268087,0.03613518,0.9795506000518799
45,3750,right,5,INDEX_FINGER_MCP,0.5454581,0.36510843,-0.00990246,-0.009270575,-0.01832449,0.016763806,0.9795506000518799
45,3750,right,6,INDEX_FINGER_PIP,0.57208115,0.35427505,-0.019755693,0.019623961,-0.03261468,0.0141994655,0.9795506000518799
45,3750,right,7,INDEX_FINGER_DIP,0.59019524,0.35302696,-0.025335819,0.04005332,-0.036257785,0.022061221,0.9795506000518799
45,3750,right,8,INDEX_FINGER_TIP,0.60353744,0.35461473,-0.028165165,0.06217093,-0.032663457,0.027389735,0.9795506000518799
45,3750,right,9,MIDDLE_FINGER_MCP,0.5473169,0.36891887,-0.017166205,-0.0031678334,-0.005662161,0.0016065612,0.9795506000518799
45,3750,right,10,MIDDLE_FINGER_PIP,0.58012295,0.35981172,-0.026580645,0.03245692,-0.020809496,-0.0027556755,0.9795506000518799
45,3750,right,11,MIDDLE_FINGER_DIP,0.6008631,0.36042044,-0.030322293,0.05304474,-0.022708142,0.0065893233,0.9795506000518799
45,3750,right,12,MIDDLE_FINGER_TIP,0.61502665,0.3637687,-0.032049786,0.073524974,-0.019869508,0.02560582,0.9795506000518799
45,3750,right,13,RING_FINGER_MCP,0.5513032,0.37547764,-0.02381748,0.005758973,0.009348391,-0.010573074,0.9795506000518799
45,3750,right,14,RING_FINGER_PIP,0.58359927,0.36784944,-0.030325787,0.0360191,-0.0010130173,-0.012980074,0.9795506000518799
45,3750,right,15,RING_FINGER_DIP,0.60380125,0.36822256,-0.032267433,0.059318442,-0.0023704544,-0.0043202043,0.9795506000518799
45,3750,right,16,RING_FINGER_TIP,0.6183129,0.37048778,-0.033302106,0.07849248,-0.00010757148,0.010060895,0.9795506000518799
45,3750,right,17,PINKY_MCP,0.55675256,0.38390225,-0.03011892,0.007280467,0.03230924,-0.015764821,0.9795506000518799
45,3750,right,18,PINKY_PIP,0.58232385,0.3799707,-0.034286145,0.03322555,0.027943663,-0.013706282,0.9795506000518799
45,3750,right,19,PINKY_DIP,0.5983944,0.3785703,-0.03504145,0.053610824,0.021025352,-0.007817343,0.9795506000518799
45,3750,right,20,PINKY_TIP,0.6118799,0.37825575,-0.035075217,0.07118083,0.019400537,0.0033329427,0.9795506000518799
46,3833,left,0,WRIST,0.5903627,0.60829633,1.4833293e-07,0.03727409,-0.016576516,0.089324,0.999416172504425
46,3833,left,1,THUMB_CMC,0.569483,0.6072499,-0.0052497555,0.005932651,-0.018061258,0.06713946,0.999416172504425
46,3833,left,2,THUMB_MCP,0.54810995,0.6133224,-0.012131684,-0.013299605,-0.0077554835,0.04195009,0.999416172504425
46,3833,left,3,THUMB_IP,0.53434277,0.62143266,-0.01702473,-0.02466866,0.0073767183,0.0086301565,0.999416172504425
46,3833,left,4,THUMB_TIP,0.52711093,0.62965935,-0.02262342,-0.036434103,0.026036253,-0.01928474,0.999416172504425
46,3833,left,5,INDEX_FINGER_MCP,0.5584475,0.61050063,-0.029564168,-0.012784971,-0.01095694,-0.002242513,0.999416172504425
46,3833,left,6,INDEX_FINGER_PIP,0.53760546,0.6251825,-0.039929688,-0.03254976,0.011657607,-0.010026425,0.999416172504425
46,3833,left,7,INDEX_FINGER_DIP,0.5272415,0.63359535,-0.043257862,-0.043765243,0.027603632,0.009318478,0.999416172504425
46,3833,left,8,INDEX_FINGER_TIP,0.52170444,0.6389298,-0.04370778,-0.044650882,0.041819602,0.034391675,0.999416172504425
46,3833,left,9,MIDDLE_FINGER_MCP,0.5734646,0.61494267,-0.030316498,-0.0015457032,-0.0022760187,-0.0028107204,0.999416172504425
46,3833,left,10,MIDDLE_FINGER_PIP,0.54949737,0.63037676,-0.039727032,-0.02394418,0.02329843,-0.0074998587,0.999416172504425
46,3833,left,11,MIDDLE_FINGER_DIP,0.5377442,0.63901913,-0.040364012,-0.029522248,0.045507208,0.01008828,0.999416172504425
46,3833,left,12,MIDDLE_FINGER_TIP,0.53171533,0.64387316,-0.040056236,-0.03797414,0.05710695,0.04217967,0.999416172504425
46,3833,left,13,RING_FINGER_MCP,0.58542657,0.6200215,-0.030017149,0.008318319,0.008774263,-0.00040180236,0.999416172504425
46,3833,left,14,RING_FINGER_PIP,0.5617177,0.6335429,-0.03628696,-0.008894899,0.0281286,0.0009201765,0.999416172504425
46,3833,left,15,RING_FINGER_DIP,0.5495503,0.6409296,-0.034714967,-0.017416134,0.045383506,0.020493839,0.999416172504425
46,3833,left,16,RING_FINGER_TIP,0.5427301,0.64520806,-0.032965045,-0.027281879,0.056098364,0.047862247,0.999416172504425
46,3833,left,17,PINKY_MCP,0.5941409,0.6248997,-0.029533474,0.023579653,0.019508421,0.0137440115,0.999416172504425
46,3833,left,18,PINKY_PIP,0.57283854,0.63511276,-0.033795472,0.0068718474,0.029752474,0.014099851,0.999416172504425
46,3833,left,19,PINKY_DIP,0.56230396,0.6398706,-0.032210946,-0.0049658194,0.04389483,0.02707003,0.999416172504425
46,3833,left,20,PINKY_TIP,0.55698943,0.6432673,-0.030331109,-0.010651428,0.04945695,0.047960028,0.999416172504425
46,3833,right,0,WRIST,0.5212292,0.3956573,2.1186355e-07,-0.040152296,0.07075285,0.047060728,0.9740919470787048
46,3833,right,1,THUMB_CMC,0.528642,0.3826536,0.0035109508,-0.027832747,0.038531087,0.050536394,0.9740919470787048
46,3833,right,2,THUMB_MCP,0.53993964,0.37021288,-0.0003225886,-0.011063181,0.013597192,0.053967968,0.9740919470787048
46,3833,right,3,THUMB_IP,0.5537791,0.36217818,-0.0057246783,0.00384349,-0.007950303,0.044446915,0.9740919470787048
46,3833,right,4,THUMB_TIP,0.56721145,0.35784414,-0.011137893,0.018999264,-0.017986525,0.032849908,0.9740919470787048
46,3833,right,5,INDEX_FINGER_MCP,0.53924817,0.36050576,-0.009504773,-0.010200475,-0.017138675,0.016274817,0.9740919470787048
46,3833,right,6,INDEX_FINGER_PIP,0.56511515,0.3490166,-0.019298164,0.018727759,-0.032901518,0.015965268,0.9740919470787048
46,3833,right,7,INDEX_FINGER_DIP,0.58380055,0.34681123,-0.024763731,0.039426748,-0.038251124,0.023798175,0.9740919470787048
46,3833,right,8,INDEX_FINGER_TIP,0.5980366,0.3478048,-0.027355846,0.061465688,-0.03492694,0.031133808,0.9740919470787048
46,3833,right,9,MIDDLE_FINGER_MCP,0.540659,0.36407307,-0.016184157,-0.003538332,-0.005097115,0.001574222,0.9740919470787048
46,3833,right,10,MIDDLE_FINGER_PIP,0.5739301,0.3540503,-0.025313295,0.032342177,-0.021977806,-0.0008526519,0.9740919470787048
46,3833,right,11,MIDDLE_FINGER_DIP,0.5945601,0.354033,-0.02864743,0.053255755,-0.024157781,0.009762272,0.9740919470787048
46,3833,right,12,MIDDLE_FINGER_TIP,0.6085213,0.35694247,-0.029968053,0.07127312,-0.022256033,0.026650548,0.9740919470787048
46,3833,right,13,RING_FINGER_MCP,0.5446564,0.3701847,-0.02235961,0.00568641,0.009215435,-0.010417715,0.9740919470787048
46,3833,right,14,RING_FINGER_PIP,0.5769324,0.36163408,-0.028471146,0.036328066,-0.002858854,-0.011700109,0.9740919470787048
46,3833,right,15,RING_FINGER_DIP,0.5970964,0.36134416,-0.029717717,0.05950658,-0.0061154533,-0.0024726167,0.9740919470787048
46,3833,right,16,RING_FINGER_TIP,0.61143774,0.3630752,-0.030195197,0.07734481,-0.0030738655,0.013220638,0.9740919470787048
46,3833,right,17,PINKY_MCP,0.55036753,0.378247,-0.028258484,0.00845021,0.030484311,-0.01618006,0.9740919470787048
46,3833,right,18,PINKY_PIP,0.5756079,0.3730639,-0.03159501,0.03424064,0.023495842,-0.012775682,0.9740919470787048
46,3833,right,19,PINKY_DIP,0.5911652,0.37125093,-0.031557567,0.053350743,0.017070444,-0.006012544,0.9740919470787048
46,3833,right,20,PINKY_TIP,0.6037789,0.37072435,-0.031009337,0.06946684,0.014654345,0.003504008,0.9740919470787048
47,3917,left,0,WRIST,0.5902947,0.6083399,1.315977e-07,0.035088345,-0.014264011,0.08873916,0.9994786381721497
47,3917,left,1,THUMB_CMC,0.56965256,0.6075577,-0.0047152885,0.0049159303,-0.015003866,0.06671277,0.9994786381721497
47,3917,left,2,THUMB_MCP,0.54825586,0.6136418,-0.011405203,-0.013593719,-0.0053096954,0.04270743,0.9994786381721497
47,3917,left,3,THUMB_IP,0.53393936,0.62169105,-0.016261505,-0.023583088,0.008014207,0.010233812,0.9994786381721497
47,3917,left,4,THUMB_TIP,0.5257959,0.62971723,-0.02183671,-0.03719328,0.02419252,-0.01747781,0.9994786381721497
47,3917,left,5,INDEX_FINGER_MCP,0.55802894,0.6105297,-0.02857005,-0.010943953,-0.010217024,-0.0018002093,0.9994786381721497
47,3917,left,6,INDEX_FINGER_PIP,0.5369349,0.6250051,-0.0387779,-0.030696457,0.009916803,-0.009833187,0.9994786381721497
47,3917,left,7,INDEX_FINGER_DIP,0.5271468,0.6333445,-0.04209338,-0.041948907,0.026266113,0.0101297945,0.9994786381721497
47,3917,left,8,INDEX_FINGER_TIP,0.522431,0.6384685,-0.042523906,-0.041938204,0.040924016,0.034854542,0.9994786381721497
47,3917,left,9,MIDDLE_FINGER_MCP,0.57301056,0.6149362,-0.029578796,-0.0010882753,-0.0023352401,-0.002496548,0.9994786381721497
47,3917,left,10,MIDDLE_FINGER_PIP,0.5490727,0.6301794,-0.03869142,-0.02273219,0.020580115,-0.007085584,0.9994786381721497
47,3917,left,11,MIDDLE_FINGER_DIP,0.5377263,0.6387699,-0.039142568,-0.029208157,0.043474868,0.010988109,0.9994786381721497
47,3917,left,12,MIDDLE_FINGER_TIP,0.5323097,0.6435046,-0.03880666,-0.036737744,0.05650735,0.0418569,0.9994786381721497
47,3917,left,13,RING_FINGER_MCP,0.5850879,0.62006265,-0.0295849,0.00731064,0.008465342,-0.00052425265,0.9994786381721497
47,3917,left,14,RING_FINGER_PIP,0.5613511,0.63338494,-0.03569513,-0.008989261,0.025578909,0.00014842302,0.9994786381721497
47,3917,left,15,RING_FINGER_DIP,0.5492421,0.64069057,-0.033924058,-0.01832457,0.043952487,0.019952439,0.9994786381721497
47,3917,left,16,RING_FINGER_TIP,0.5427267,0.64487696,-0.032106332,-0.027577525,0.05495947,0.047730867,0.9994786381721497
47,3917,left,17,PINKY_MCP,0.59396595,0.62503594,-0.029374944,0.021282181,0.019525643,0.013310656,0.9994786381721497
47,3917,left,18,PINKY_PIP,0.57237506,0.63501614,-0.033621043,0.0049138684,0.029042128,0.0134148225,0.9994786381721497
47,3917,left,19,PINKY_DIP,0.5617008,0.639712,-0.031977694,-0.0069503635,0.043439195,0.026351348,0.9994786381721497
47,3917,left,20,PINKY_TIP,0.5563728,0.6430596,-0.030087719,-0.012790933,0.049173325,0.047961548,0.9994786381721497
47,3917,right,0,WRIST,0.5202665,0.39106855,1.9132989e-07,-0.030758705,0.07475006,0.037174925,0.9778411388397217
47,3917,right,1,THUMB_CMC,0.5311727,0.37870052,0.0060674176,-0.020661615,0.045674603,0.046004936,0.9778411388397217
47,3917,right,2,THUMB_MCP,0.54177165,0.36664158,0.0037823613,-0.0031370036,0.021052944,0.055967674,0.9778411388397217
47,3917,right,3,THUMB_IP,0.55310243,0.35856593,-0.0007328696,0.011273378,2.4804845e-05,0.05670459,0.9778411388397217
47,3917,right,4,THUMB_TIP,0.56255853,0.35289994,-0.005302707,0.020163588,-0.013235577,0.055885017,0.9778411388397217
47,3917,right,5,INDEX_FINGER_MCP,0.53592384,0.35494736,-0.004570771,-0.009826394,-0.0144076655,0.020219617,0.9778411388397217
47,3917,right,6,INDEX_FINGER_PIP,0.55966055,0.34334832,-0.013004686,0.019605577,-0.03104334,0.019883752,0.9778411388397217
47,3917,right,7,INDEX_FINGER_DIP,0.5772584,0.34089848,-0.018300502,0.04032007,-0.037381902,0.024705205,0.9778411388397217
47,3917,right,8,INDEX_FINGER_TIP,0.5907466,0.34150386,-0.020931523,0.062329292,-0.03480395,0.027594954,0.9778411388397217
47,3917,right,9,MIDDLE_FINGER_MCP,0.5364184,0.35783792,-0.012298288,-0.0039715385,-0.005330055,0.0034230053,0.9778411388397217
47,3917,right,10,MIDDLE_FINGER_PIP,0.56700164,0.34717622,-0.019672984,0.029576397,-0.02448855,-0.0013289005,0.9778411388397217
47,3917,right,11,MIDDLE_FINGER_DIP,0.58723927,0.3464926,-0.022962045,0.051533453,-0.027551223,0.008586645,0.9778411388397217
47,3917,right,12,MIDDLE_FINGER_TIP,0.60182744,0.34890306,-0.024547143,0.07102179,-0.025364343,0.02308108,0.9778411388397217
47,3917,right,13,RING_FINGER_MCP,0.53999406,0.3632536,-0.019464457,0.0047725867,0.007460608,-0.012884252,0.9778411388397217
47,3917,right,14,RING_FINGER_PIP,0.5709605,0.354125,-0.024111968,0.035862334,-0.004594867,-0.014819145,0.9778411388397217
47,3917,right,15,RING_FINGER_DIP,0.59077626,0.35347366,-0.025157388,0.05867499,-0.009167537,-0.0057495236,0.9778411388397217
47,3917,right,16,RING_FINGER_TIP,0.6050621,0.35486844,-0.025763303,0.07703802,-0.006615756,0.008299723,0.9778411388397217
47,3917,right,17,PINKY_MCP,0.5460416,0.37071896,-0.026252149,0.008775698,0.029565224,-0.02304893,0.9778411388397217
47,3917,right,18,PINKY_PIP,0.5711113,0.36464715,-0.028377315,0.03477691,0.01988518,-0.020709753,0.9778411388397217
47,3917,right,19,PINKY_DIP,0.5864385,0.36290014,-0.02753259,0.05373505,0.012118708,-0.014002368,0.9778411388397217
47,3917,right,20,PINKY_TIP,0.5986944,0.36259183,-0.02658041,0.07096466,0.011258356,-0.0010486692,0.9778411388397217
48,4000,left,0,WRIST,0.59093314,0.6080553,1.2817563e-07,0.0382453,-0.017320454,0.088135555,0.9992903470993042
48,4000,left,1,THUMB_CMC,0.5703447,0.6072809,-0.0044320794,0.006451251,-0.018911907,0.06616256,0.9992903470993042
48,4000,left,2,THUMB_MCP,0.54919606,0.6130952,-0.011046946,-0.013976643,-0.008193845,0.04272738,0.9992903470993042
48,4000,left,3,THUMB_IP,0.5350411,0.6207681,-0.015868332,-0.025663052,0.0062908595,0.01006607,0.9992903470993042
48,4000,left,4,THUMB_TIP,0.5274361,0.6286706,-0.021395806,-0.038977135,0.023017677,-0.018416554,0.9992903470993042
48,4000,left,5,INDEX_FINGER_MCP,0.5583788,0.61059946,-0.028156515,-0.013260379,-0.011424663,-0.0018347949,0.9992903470993042
48,4000,left,6,INDEX_FINGER_PIP,0.5376158,0.6245091,-0.03793925,-0.03344182,0.009949562,-0.009700447,0.9992903470993042
48,4000,left,7,INDEX_FINGER_DIP,0.527574,0.6323881,-0.040964946,-0.04449353,0.025890563,0.00924363,0.9992903470993042
48,4000,left,8,INDEX_FINGER_TIP,0.5224205,0.6372872,-0.04121745,-0.04466076,0.039737538,0.03515975,0.9992903470993042
48,4000,left,9,MIDDLE_FINGER_MCP,0.5731909,0.614998,-0.029184757,-0.001539862,-0.0021183672,-0.0022924207,0.9992903470993042
48,4000,left,10,MIDDLE_FINGER_PIP,0.5493038,0.6301903,-0.03769138,-0.025170567,0.023150256,-0.007050723,0.9992903470993042
48,4000,left,11,MIDDLE_FINGER_DIP,0.5376844,0.6383745,-0.03773568,-0.03153186,0.044877224,0.011621751,0.9992903470993042
48,4000,left,12,MIDDLE_FINGER_TIP,0.53207725,0.64276093,-0.037124947,-0.038397245,0.05670069,0.042379208,0.9992903470993042
48,4000,left,13,RING_FINGER_MCP,0.58509976,0.6200231,-0.029161189,0.008810225,0.009098427,-0.00045639277,0.9992903470993042
48,4000,left,14,RING_FINGER_PIP,0.5612489,0.6333192,-0.034801763,-0.009605351,0.029022707,0.00041348487,0.9992903470993042
48,4000,left,15,RING_FINGER_DIP,0.54898715,0.64031285,-0.03272589,-0.020107446,0.04643736,0.02065824,0.9992903470993042
48,4000,left,16,RING_FINGER_TIP,0.5424652,0.64420414,-0.030704882,-0.02836174,0.055995744,0.047306884,0.9992903470993042
48,4000,left,17,PINKY_MCP,0.59394175,0.6248337,-0.028909454,0.02413469,0.020660115,0.013502799,0.9992903470993042
48,4000,left,18,PINKY_PIP,0.572315,0.6348244,-0.032742877,0.0057609044,0.03171501,0.013234533,0.9992903470993042
48,4000,left,19,PINKY_DIP,0.561613,0.6393452,-0.030773656,-0.006903928,0.04553093,0.026622154,0.9992903470993042
48,4000,left,20,PINKY_TIP,0.55626047,0.64252245,-0.028639207,-0.012981422,0.050801247,0.04757005,0.9992903470993042
48,4000,right,0,WRIST,0.51346314,0.38451007,1.9740384e-07,-0.027700055,0.075911574,0.025294617,0.8640812635421753
48,4000,right,1,THUMB_CMC,0.52951205,0.37411177,0.002217046,-0.014336228,0.050049655,0.03556204,0.8640812635421753
48,4000,right,2,THUMB_MCP,0.5420966,0.36290583,-0.000221766,0.004058662,0.026861256,0.0505815,0.8640812635421753
48,4000,right,3,THUMB_IP,0.55226904,0.35498622,-0.0040204255,0.01851015,0.006023165,0.06269675,0.8640812635421753
48,4000,right,4,THUMB_TIP,0.55940527,0.34854513,-0.007449157,0.023256136,-0.009435432,0.07123311,0.8640812635421753
48,4000,right,5,INDEX_FINGER_MCP,0.5306044,0.34904543,-0.0040381835,-0.008742481,-0.012601828,0.02044627,0.8640812635421753
48,4000,right,6,INDEX_FINGER_PIP,0.5540918,0.33875582,-0.013210207,0.020942165,-0.02482184,0.020624086,0.8640812635421753
48,4000,right,7,INDEX_FINGER_DIP,0.57245445,0.33723518,-0.019886402,0.043070868,-0.029903948,0.025358722,0.8640812635421753
48,4000,right,8,INDEX_FINGER_TIP,0.5862216,0.3383673,-0.02348616,0.06433778,-0.025425475,0.023666754,0.8640812635421753
48,4000,right,9,MIDDLE_FINGER_MCP,0.53091055,0.35086375,-0.009452476,-0.004509305,-0.0052502747,0.004317818,0.8640812635421753
48,4000,right,10,MIDDLE_FINGER_PIP,0.5605075,0.34051704,-0.017243965,0.028183352,-0.023061845,0.00033265352,0.8640812635421753
48,4000,right,11,MIDDLE_FINGER_DIP,0.5809571,0.33930486,-0.021524183,0.051562153,-0.027628824,0.0061775446,0.8640812635421753
48,4000,right,12,MIDDLE_FINGER_TIP,0.5959628,0.34083217,-0.02387657,0.072379716,-0.028843034,0.016290672,0.8640812635421753
48,4000,right,13,RING_FINGER_MCP,0.53426075,0.35523766,-0.014905586,0.0041218605,0.005537042,-0.013324991,0.8640812635421753
48,4000,right,14,RING_FINGER_PIP,0.5643827,0.34663662,-0.020602545,0.0338876,-0.006670002,-0.013897091,0.8640812635421753
48,4000,right,15,RING_FINGER_DIP,0.58361506,0.34505984,-0.0223798,0.05719305,-0.0132236695,-0.009231925,0.8640812635421753
48,4000,right,16,RING_FINGER_TIP,0.59759104,0.34555656,-0.023303954,0.07557429,-0.014065405,-0.0018886328,0.8640812635421753
48,4000,right,17,PINKY_MCP,0.5402904,0.36206615,-0.020381426,0.008042583,0.02581359,-0.024894804,0.8640812635421753
48,4000,right,18,PINKY_PIP,0.564965,0.35708165,-0.023783073,0.032720447,0.017381564,-0.022961795,0.8640812635421753
48,4000,right,19,PINKY_DIP,0.5793479,0.35474092,-0.023810012,0.05137194,0.008337225,-0.017895803,0.8640812635421753
48,4000,right,20,PINKY_TIP,0.5908889,0.35386074,-0.023364605,0.06715495,0.006086656,-0.010298818,0.8640812635421753
49,4083,left,0,WRIST,0.59064096,0.6081707,1.3597297e-07,0.035796206,-0.015167607,0.088835254,0.9994847178459167
49,4083,left,1,THUMB_CMC,0.5699842,0.6075385,-0.004448034,0.004497261,-0.01579912,0.0663545,0.9994847178459167
49,4083,left,2,THUMB_MCP,0.54891753,0.6134213,-0.011057593,-0.013969033,-0.0055316417,0.042149663,0.9994847178459167
49,4083,left,3,THUMB_IP,0.53476954,0.6211929,-0.015867844,-0.024580536,0.007540722,0.009102337,0.9994847178459167
49,4083,left,4,THUMB_TIP,0.52728426,0.62912256,-0.021444276,-0.037649665,0.02395332,-0.018645823,0.9994847178459167
49,4083,left,5,INDEX_FINGER_MCP,0.5587079,0.61053,-0.02821924,-0.012026241,-0.010182621,-0.0020969883,0.9994847178459167
49,4083,left,6,INDEX_FINGER_PIP,0.53792226,0.62472945,-0.038192265,-0.030873874,0.010006346,-0.010821655,0.9994847178459167
49,4083,left,7,INDEX_FINGER_DIP,0.52760637,0.63263947,-0.041494623,-0.041963678,0.025548432,0.008218624,0.9994847178459167
49,4083,left,8,INDEX_FINGER_TIP,0.52221185,0.637494,-0.041910782,-0.04238321,0.03893573,0.03331538,0.9994847178459167
49,4083,left,9,MIDDLE_FINGER_MCP,0.5736663,0.6149247,-0.029283233,-0.0013812616,-0.0022779428,-0.0021409988,0.9994847178459167
49,4083,left,10,MIDDLE_FINGER_PIP,0.55001694,0.63003105,-0.03790958,-0.023183715,0.02084656,-0.008195728,0.9994847178459167
49,4083,left,11,MIDDLE_FINGER_DIP,0.5382958,0.6384198,-0.038193736,-0.02885905,0.043443866,0.010208458,0.9994847178459167
49,4083,left,12,MIDDLE_FINGER_TIP,0.5325816,0.642936,-0.037747245,-0.03624895,0.05519577,0.041501727,0.9994847178459167
49,4083,left,13,RING_FINGER_MCP,0.5856537,0.61998516,-0.029287722,0.007606224,0.00803149,-0.00026273727,0.9994847178459167
49,4083,left,14,RING_FINGER_PIP,0.5621791,0.6332557,-0.03496607,-0.008280655,0.026928056,0.0003710091,0.9994847178459167
49,4083,left,15,RING_FINGER_DIP,0.54974025,0.6404846,-0.03300455,-0.018304218,0.044627555,0.020207997,0.9994847178459167
49,4083,left,16,RING_FINGER_TIP,0.5431583,0.6444975,-0.03107929,-0.027030626,0.05502815,0.04742752,0.9994847178459167
49,4083,left,17,PINKY_MCP,0.59456205,0.6248996,-0.029063651,0.022193097,0.019425377,0.013723809,0.9994847178459167
49,4083,left,18,PINKY_PIP,0.57351637,0.634943,-0.032977905,0.005651906,0.02985607,0.013314661,0.9994847178459167
49,4083,left,19,PINKY_DIP,0.56283784,0.6395697,-0.031006604,-0.0061611906,0.044456907,0.02681233,0.9994847178459167
49,4083,left,20,PINKY_TIP,0.5575162,0.6428071,-0.02884431,-0.012081847,0.050102644,0.0479649,0.9994847178459167
49,4083,right,0,WRIST,0.51475286,0.37809023,2.2407764e-07,-0.01905503,0.07728757,0.025037147,0.8460696339607239
49,4083,right,1,THUMB_CMC,0.53279686,0.36821917,0.001406443,-0.0047391346,0.052227546,0.035093337,0.8460696339607239
49,4083,right,2,THUMB_MCP,0.5446501,0.357701,-0.000830764,0.012398063,0.031032141,0.048675954,0.8460696339607239
49,4083,right,3,THUMB_IP,0.5533346,0.34996042,-0.0044082855,0.023447983,0.009543048,0.059702925,0.8460696339607239
49,4083,right,4,THUMB_TIP,0.5585536,0.34277302,-0.007544718,0.027539914,-0.0068587945,0.06914144,0.8460696339607239
49,4083,right,5,INDEX_FINGER_MCP,0.5282769,0.34353232,-0.003051896,-0.006432645,-0.010265213,0.02143921,0.8460696339607239
49,4083,right,6,INDEX_FINGER_PIP,0.5517651,0.33318013,-0.012085689,0.023910686,-0.023141138,0.021159187,0.8460696339607239
49,4083,right,7,INDEX_FINGER_DIP,0.5707565,0.33121285,-0.018592728,0.045657963,-0.029642016,0.026119247,0.8460696339607239
49,4083,right,8,INDEX_FINGER_TIP,0.58484036,0.33193958,-0.022028785,0.070343345,-0.024972305,0.024134286,0.8460696339607239
49,4083,right,9,MIDDLE_FINGER_MCP,0.5264614,0.34480736,-0.007929133,-0.0052589574,-0.005597311,0.0050152186,0.8460696339607239
49,4083,right,10,MIDDLE_FINGER_PIP,0.5549327,0.33394092,-0.015716735,0.027403127,-0.024261879,0.00016697496,0.8460696339607239
49,4083,right,11,MIDDLE_FINGER_DIP,0.57529545,0.33205807,-0.019850595,0.0515059,-0.029697347,0.005050376,0.8460696339607239
49,4083,right,12,MIDDLE_FINGER_TIP,0.5902635,0.33281252,-0.021949643,0.07250491,-0.032844014,0.013541505,0.8460696339607239
49,4083,right,13,RING_FINGER_MCP,0.52864784,0.34862828,-0.013079595,0.0027247272,0.004478941,-0.013963006,0.8460696339607239
49,4083,right,14,RING_FINGER_PIP,0.55768126,0.3394034,-0.01913371,0.030308468,-0.010233613,-0.016404599,0.8460696339607239
49,4083,right,15,RING_FINGER_DIP,0.5769967,0.3370826,-0.021191245,0.055736836,-0.016899914,-0.013048083,0.8460696339607239
49,4083,right,16,RING_FINGER_TIP,0.5912359,0.33666712,-0.022149801,0.07484946,-0.018444393,-0.0066398196,0.8460696339607239
49,4083,right,17,PINKY_MCP,0.53448063,0.35480282,-0.018341219,0.0064222664,0.023260169,-0.026266694,0.8460696339607239
49,4083,right,18,PINKY_PIP,0.5585672,0.3498472,-0.02237082,0.029527942,0.015276061,-0.024495251,0.8460696339607239
49,4083,right,19,PINKY_DIP,0.57305014,0.347321,-0.022812597,0.049518354,0.0066694943,-0.02051121,0.8460696339607239
49,4083,right,20,PINKY_TIP,0.58464414,0.3460603,-0.022553258,0.06670402,0.0031471625,-0.014316395,0.8460696339607239
50,4167,left,0,WRIST,0.5909451,0.6084137,1.366859e-07,0.038857177,-0.016831547,0.088678345,0.9993687272071838
50,4167,left,1,THUMB_CMC,0.57046413,0.60757095,-0.0047598127,0.0062984196,-0.018196048,0.06515193,0.9993687272071838
50,4167,left,2,THUMB_MCP,0.5493186,0.6132576,-0.011389337,-0.013788866,-0.007741463,0.041788593,0.9993687272071838
50,4167,left,3,THUMB_IP,0.5354107,0.62093836,-0.016144408,-0.025447005,0.0073711253,0.008760549,0.9993687272071838
50,4167,left,4,THUMB_TIP,0.52841824,0.62882346,-0.021666221,-0.038414814,0.024987945,-0.018907815,0.9993687272071838
50,4167,left,5,INDEX_FINGER_MCP,0.5589226,0.61046124,-0.02835206,-0.013956539,-0.011097356,-0.0014828742,0.9993687272071838
50,4167,left,6,INDEX_FINGER_PIP,0.5381904,0.62462276,-0.03816936,-0.033571873,0.010641226,-0.009995863,0.9993687272071838
50,4167,left,7,INDEX_FINGER_DIP,0.52785945,0.63281316,-0.04140959,-0.04472086,0.027336108,0.009344697,0.9993687272071838
50,4167,left,8,INDEX_FINGER_TIP,0.52227074,0.6381429,-0.041907676,-0.045395095,0.04204732,0.03488038,0.9993687272071838
50,4167,left,9,MIDDLE_FINGER_MCP,0.5738644,0.61487377,-0.02928838,-0.0019128589,-0.0021779432,-0.0022164322,0.9993687272071838
50,4167,left,10,MIDDLE_FINGER_PIP,0.55011743,0.63004684,-0.037798423,-0.024774954,0.023885436,-0.006884791,0.9993687272071838
50,4167,left,11,MIDDLE_FINGER_DIP,0.5386227,0.6385214,-0.038137186,-0.029908635,0.04576828,0.010714784,0.9993687272071838
50,4167,left,12,MIDDLE_FINGER_TIP,0.5328198,0.6433353,-0.03781508,-0.037837844,0.05794318,0.04268133,0.9993687272071838
50,4167,left,13,RING_FINGER_MCP,0.5858124,0.6200184,-0.029162066,0.008942647,0.008612623,-0.0005902499,0.9993687272071838
50,4167,left,14,RING_FINGER_PIP,0.56228745,0.63316894,-0.034791566,-0.008538753,0.029597478,0.0007685274,0.9993687272071838
50,4167,left,15,RING_FINGER_DIP,0.550319,0.6404168,-0.032811765,-0.018188942,0.04604081,0.021130282,0.9993687272071838
50,4167,left,16,RING_FINGER_TIP,0.54385304,0.6447451,-0.030948624,-0.026806189,0.057487063,0.04806254,0.9993687272071838
50,4167,left,17,PINKY_MCP,0.5947072,0.62505513,-0.02883857,0.024520598,0.020390853,0.012910334,0.9993687272071838
50,4167,left,18,PINKY_PIP,0.573405,0.6348857,-0.032674752,0.0070694257,0.031159244,0.013055593,0.9993687272071838
50,4167,left,19,PINKY_DIP,0.562961,0.63944155,-0.030626515,-0.0056444183,0.04543728,0.02699954,0.9993687272071838
50,4167,left,20,PINKY_TIP,0.55769384,0.6428528,-0.028495556,-0.0119745415,0.051101916,0.04728982,0.9993687272071838
50,4167,right,0,WRIST,0.5124495,0.37375087,2.6391658e-07,-0.015033487,0.07783213,0.0014648661,0.7970833778381348
50,4167,right,1,THUMB_CMC,0.5325111,0.36978924,-0.0010914728,-0.001885849,0.06130314,0.020941556,0.7970833778381348
50,4167,right,2,THUMB_MCP,0.54793787,0.3649006,-0.00705697,0.021195315,0.05271904,0.03931959,0.7970833778381348
50,4167,right,3,THUMB_IP,0.5631087,0.3642491,-0.01457173,0.04236514,0.048137818,0.06353848,0.7970833778381348
50,4167,right,4,THUMB_TIP,0.573572,0.36380625,-0.021978734,0.048698336,0.045652926,0.096800596,0.7970833778381348
50,4167,right,5,INDEX_FINGER_MCP,0.52571225,0.33980337,-0.0050260895,-0.0057011098,-0.0062884446,0.022842221,0.7970833778381348
50,4167,right,6,INDEX_FINGER_PIP,0.54506826,0.32802007,-0.014128705,0.018575806,-0.025186295,0.026841685,0.7970833778381348
50,4167,right,7,INDEX_FINGER_DIP,0.56222594,0.3239191,-0.021698799,0.03840035,-0.03483996,0.028091624,0.7970833778381348
50,4167,right,8,INDEX_FINGER_TIP,0.5761947,0.32262525,-0.026441086,0.06302535,-0.038634364,0.016532801,0.7970833778381348
50,4167,right,9,MIDDLE_FINGER_MCP,0.5230621,0.34029436,-0.010077169,-0.0050388523,-0.005527772,0.0058542863,0.7970833778381348
50,4167,right,10,MIDDLE_FINGER_PIP,0.5501125,0.3289183,-0.017846048,0.025020376,-0.026530668,0.0038283765,0.7970833778381348
50,4167,right,11,MIDDLE_FINGER_DIP,0.57005006,0.32612157,-0.023614246,0.047587126,-0.033332087,0.0070154145,0.7970833778381348
50,4167,right,12,MIDDLE_FINGER_TIP,0.5856515,0.32606742,-0.027462197,0.0690128,-0.035725486,0.0086178705,0.7970833778381348
50,4167,right,13,RING_FINGER_MCP,0.5246671,0.34342417,-0.015434538,0.0018382617,0.0014391164,-0.015159361,0.7970833778381348
50,4167,right,14,RING_FINGER_PIP,0.5532421,0.33381632,-0.021417692,0.02911565,-0.01252547,-0.015802354,0.7970833778381348
50,4167,right,15,RING_FINGER_DIP,0.5721935,0.33100802,-0.024676785,0.053164914,-0.019482011,-0.013682328,0.7970833778381348
50,4167,right,16,RING_FINGER_TIP,0.5865766,0.33034095,-0.02677731,0.07522047,-0.023987226,-0.011467863,0.7970833778381348
50,4167,right,17,PINKY_MCP,0.53033453,0.348901,-0.021141151,0.006602332,0.019946255,-0.030914687,0.7970833778381348
50,4167,right,18,PINKY_PIP,0.5549545,0.34336555,-0.024497388,0.030079095,0.009763777,-0.02842556,0.7970833778381348
50,4167,right,19,PINKY_DIP,0.5694642,0.34110203,-0.024693577,0.049564943,0.0029773507,-0.023694783,0.7970833778381348
50,4167,right,20,PINKY_TIP,0.58092874,0.34004143,-0.024640117,0.065748006,-0.0012712404,-0.018706486,0.7970833778381348
51,4250,left,0,WRIST,0.5906555,0.6081227,1.3607121e-07,0.038113058,-0.016730158,0.08946967,0.9994946718215942
51,4250,left,1,THUMB_CMC,0.57017565,0.6072846,-0.004549881,0.00634925,-0.01823,0.06597395,0.9994946718215942
51,4250,left,2,THUMB_MCP,0.5494055,0.612973,-0.011540818,-0.013309453,-0.007701505,0.042087793,0.9994946718215942
51,4250,left,3,THUMB_IP,0.5357035,0.6205405,-0.016656645,-0.02418609,0.0062935106,0.00879769,0.9994946718215942
51,4250,left,4,THUMB_TIP,0.52879596,0.6283555,-0.02254527,-0.037277523,0.022987053,-0.019690186,0.9994946718215942
51,4250,left,5,INDEX_FINGER_MCP,0.5588741,0.61032134,-0.029184861,-0.013192123,-0.011157244,-0.0018028766,0.9994946718215942
51,4250,left,6,INDEX_FINGER_PIP,0.53788936,0.62456244,-0.039329775,-0.03294093,0.010403554,-0.010590762,0.9994946718215942
51,4250,left,7,INDEX_FINGER_DIP,0.52763504,0.6327603,-0.042591974,-0.043887455,0.026852963,0.008847892,0.9994946718215942
51,4250,left,8,INDEX_FINGER_TIP,0.52260405,0.63782364,-0.042928427,-0.043443237,0.04091671,0.035047777,0.9994946718215942
51,4250,left,9,MIDDLE_FINGER_MCP,0.57388955,0.6147874,-0.03022302,-0.0018088345,-0.002096016,-0.0022732094,0.9994946718215942
51,4250,left,10,MIDDLE_FINGER_PIP,0.54988855,0.6299706,-0.03891962,-0.024443332,0.02257818,-0.0073332116,0.9994946718215942
51,4250,left,11,MIDDLE_FINGER_DIP,0.53814983,0.63850033,-0.038989518,-0.030348802,0.04536587,0.010883726,0.9994946718215942
51,4250,left,12,MIDDLE_FINGER_TIP,0.53255963,0.64318824,-0.03837632,-0.03724413,0.05714188,0.042924274,0.9994946718215942
51,4250,left,13,RING_FINGER_MCP,0.5858484,0.6199368,-0.030140517,0.008488462,0.008614565,-0.0004387349,0.9994946718215942
51,4250,left,14,RING_FINGER_PIP,0.5621325,0.63312024,-0.03576277,-0.008975987,0.028977051,0.00094188005,0.9994946718215942
51,4250,left,15,RING_FINGER_DIP,0.54976743,0.64036185,-0.03341462,-0.018968167,0.045934692,0.021083578,0.9994946718215942
51,4250,left,16,RING_FINGER_TIP,0.5432731,0.6445055,-0.031245485,-0.027341146,0.056815572,0.0483014,0.9994946718215942
51,4250,left,17,PINKY_MCP,0.5946713,0.6248742,-0.029823665,0.023832012,0.02041306,0.013686607,0.9994946718215942
51,4250,left,18,PINKY_PIP,0.57326543,0.6347532,-0.033547036,0.0061141625,0.030734893,0.013168935,0.9994946718215942
51,4250,left,19,PINKY_DIP,0.562596,0.6393333,-0.03119526,-0.0061981697,0.045035012,0.027456082,0.9994946718215942
51,4250,left,20,PINKY_TIP,0.5572556,0.6426699,-0.028786344,-0.0128633045,0.05082358,0.048228294,0.9994946718215942
51,4250,right,0,WRIST,0.51347184,0.370632,3.07595e-07,-0.0049911793,0.07810472,-0.0034445599,0.8472108244895935
51,4250,right,1,THUMB_CMC,0.5346394,0.36714336,-0.0025499822,0.0072746985,0.064321265,0.013477191,0.8472108244895935
51,4250,right,2,THUMB_MCP,0.54978335,0.36174265,-0.009200842,0.028418077,0.057942443,0.028127193,0.8472108244895935
51,4250,right,3,THUMB_IP,0.56478035,0.36084947,-0.017278485,0.048391316,0.05365327,0.052149974,0.8472108244895935
51,4250,right,4,THUMB_TIP,0.57715297,0.36034468,-0.025125246,0.058981624,0.05137928,0.0832786,0.8472108244895935
51,4250,right,5,INDEX_FINGER_MCP,0.52229106,0.3355351,-0.004747336,-0.00467339,-0.002615326,0.023345768,0.8472108244895935
51,4250,right,6,INDEX_FINGER_PIP,0.5412948,0.32416475,-0.014827718,0.018123887,-0.022013666,0.025257304,0.8472108244895935
51,4250,right,7,INDEX_FINGER_DIP,0.55931157,0.31929058,-0.02372707,0.037372485,-0.03358778,0.027866006,0.8472108244895935
51,4250,right,8,INDEX_FINGER_TIP,0.57483447,0.31726193,-0.02932434,0.062414013,-0.039990224,0.013026901,0.8472108244895935
51,4250,right,9,MIDDLE_FINGER_MCP,0.51789266,0.33552283,-0.009443971,-0.0051193107,-0.0051751775,0.0071385875,0.8472108244895935
51,4250,right,10,MIDDLE_FINGER_PIP,0.5440691,0.32358223,-0.017838899,0.020344714,-0.027487157,0.004781451,0.8472108244895935
51,4250,right,11,MIDDLE_FINGER_DIP,0.5644545,0.31939745,-0.024404239,0.04314872,-0.037781164,0.005794242,0.8472108244895935
51,4250,right,12,MIDDLE_FINGER_TIP,0.58137816,0.31780815,-0.028736124,0.0652231,-0.04547004,0.008370332,0.8472108244895935
51,4250,right,13,RING_FINGER_MCP,0.51931727,0.33823404,-0.0147536835,-0.0003780176,-0.0011297532,-0.01524049,0.8472108244895935
51,4250,right,14,RING_FINGER_PIP,0.54714704,0.3278097,-0.021783138,0.02391511,-0.01607216,-0.017127305,0.8472108244895935
51,4250,right,15,RING_FINGER_DIP,0.5665045,0.3240806,-0.025697924,0.04712559,-0.024442723,-0.014865153,0.8472108244895935
51,4250,right,16,RING_FINGER_TIP,0.58186287,0.32257116,-0.028044315,0.07010208,-0.032041162,-0.011772573,0.8472108244895935
51,4250,right,17,PINKY_MCP,0.5258134,0.34350377,-0.020573888,0.004891822,0.015819179,-0.031992562,0.8472108244895935
51,4250,right,18,PINKY_PIP,0.55134284,0.3380608,-0.024841521,0.028333638,0.00657326,-0.029820308,0.8472108244895935
51,4250,right,19,PINKY_DIP,0.56630874,0.33553627,-0.025406929,0.04716141,-0.0016850568,-0.027114227,0.8472108244895935
51,4250,right,20,PINKY_TIP,0.5781101,0.3339225,-0.025422532,0.064499505,-0.006384285,-0.019516557,0.8472108244895935
52,4333,left,0,WRIST,0.5908978,0.6080372,1.4292667e-07,0.037255943,-0.017333195,0.08978608,0.9995253086090088
52,4333,left,1,THUMB_CMC,0.57027423,0.60724837,-0.0049748365,0.005594689,-0.018143931,0.066747844,0.9995253086090088
52,4333,left,2,THUMB_MCP,0.54912525,0.6132283,-0.011890734,-0.013657964,-0.007731815,0.042342283,0.9995253086090088
52,4333,left,3,THUMB_IP,0.5351678,0.6211449,-0.016845252,-0.025351165,0.0067237676,0.00918933,0.9995253086090088
52,4333,left,4,THUMB_TIP,0.5278113,0.62909,-0.0225825,-0.038776547,0.024384513,-0.019195363,0.9995253086090088
52,4333,left,5,INDEX_FINGER_MCP,0.5590759,0.6104843,-0.029480403,-0.012843721,-0.010891439,-0.001704365,0.9995253086090088
52,4333,left,6,INDEX_FINGER_PIP,0.5378113,0.62476885,-0.03962601,-0.032755956,0.0107341325,-0.010620847,0.9995253086090088
52,4333,left,7,INDEX_FINGER_DIP,0.5272461,0.6331362,-0.04294844,-0.044211194,0.027014866,0.008527741,0.9995253086090088
52,4333,left,8,INDEX_FINGER_TIP,0.52152556,0.63852984,-0.043462586,-0.045029413,0.042415723,0.034041982,0.9995253086090088
52,4333,left,9,MIDDLE_FINGER_MCP,0.57401735,0.61488426,-0.030366216,-0.0017754202,-0.0021354177,-0.0024209693,0.9995253086090088
52,4333,left,10,MIDDLE_FINGER_PIP,0.54991776,0.63002026,-0.039369397,-0.024636196,0.02246695,-0.007512495,0.9995253086090088
52,4333,left,11,MIDDLE_FINGER_DIP,0.53806275,0.63875353,-0.039813828,-0.03031405,0.04496786,0.009637959,0.9995253086090088
52,4333,left,12,MIDDLE_FINGER_TIP,0.53213096,0.64370775,-0.039468385,-0.03825129,0.05736471,0.041508127,0.9995253086090088
52,4333,left,13,RING_FINGER_MCP,0.58598787,0.6199709,-0.030138353,0.008158268,0.008647106,-0.0005410984,0.9995253086090088
52,4333,left,14,RING_FINGER_PIP,0.56232065,0.63330567,-0.03608161,-0.009102475,0.028348984,9.509921e-05,0.9995253086090088
52,4333,left,15,RING_FINGER_DIP,0.5498463,0.64068556,-0.034234248,-0.018590778,0.04569421,0.02008383,0.9995253086090088
52,4333,left,16,RING_FINGER_TIP,0.5430745,0.64495146,-0.032384913,-0.02825726,0.05626472,0.047652222,0.9995253086090088
52,4333,left,17,PINKY_MCP,0.594862,0.6248963,-0.029698443,0.023361005,0.019914765,0.013587901,0.9995253086090088
52,4333,left,18,PINKY_PIP,0.57342863,0.63498783,-0.03377403,0.0061743986,0.030454997,0.0133651085,0.9995253086090088
52,4333,left,19,PINKY_DIP,0.56270707,0.63968194,-0.031885233,-0.006110003,0.04494209,0.026839748,0.9995253086090088
52,4333,left,20,PINKY_TIP,0.55729383,0.6430311,-0.029802179,-0.012350872,0.050087247,0.048332438,0.9995253086090088
52,4333,right,0,WRIST,0.5087945,0.36604056,3.2549735e-07,-0.0069937985,0.07986794,0.003104739,0.8103289008140564
52,4333,right,1,THUMB_CMC,0.52889305,0.3629207,-0.004841486,0.004545191,0.06654089,0.01716943,0.8103289008140564
52,4333,right,2,THUMB_MCP,0.5445616,0.35820863,-0.013806215,0.027879952,0.05965062,0.03057921,0.8103289008140564
52,4333,right,3,THUMB_IP,0.5617379,0.35743827,-0.023443671,0.049175117,0.055604577,0.051605776,0.8103289008140564
52,4333,right,4,THUMB_TIP,0.57647824,0.3572267,-0.03250461,0.062923096,0.05274342,0.08140339,0.8103289008140564
52,4333,right,5,INDEX_FINGER_MCP,0.5165296,0.32993186,-0.009181481,-0.005654772,-0.0031237788,0.020894855,0.8103289008140564
52,4333,right,6,INDEX_FINGER_PIP,0.5397479,0.31959733,-0.019645603,0.021135697,-0.021127641,0.022979483,0.8103289008140564
52,4333,right,7,INDEX_FINGER_DIP,0.55940545,0.3163339,-0.028881552,0.042149894,-0.029383933,0.027694866,0.8103289008140564
52,4333,right,8,INDEX_FINGER_TIP,0.57498777,0.31555417,-0.034724325,0.067673504,-0.032036774,0.018273689,0.8103289008140564
52,4333,right,9,MIDDLE_FINGER_MCP,0.5126828,0.33023068,-0.012548549,-0.0055180266,-0.0054866383,0.006396914,0.8103289008140564
52,4333,right,10,MIDDLE_FINGER_PIP,0.5409944,0.31830597,-0.021375474,0.022970447,-0.028920416,0.0040862486,0.8103289008140564
52,4333,right,11,MIDDLE_FINGER_DIP,0.56259763,0.31502464,-0.028152315,0.04608638,-0.03491938,0.008621253,0.8103289008140564
52,4333,right,12,MIDDLE_FINGER_TIP,0.57903826,0.31467217,-0.032606497,0.065938324,-0.037780765,0.012919351,0.8103289008140564
52,4333,right,13,RING_FINGER_MCP,0.5138447,0.33311868,-0.016358523,0.00058501377,7.0801645e-05,-0.0137373805,0.8103289008140564
52,4333,right,14,RING_FINGER_PIP,0.54278445,0.32183334,-0.02296183,0.025754293,-0.017862651,-0.015857711,0.8103289008140564
52,4333,right,15,RING_FINGER_DIP,0.56255174,0.31825936,-0.026577936,0.048864648,-0.025205664,-0.01052998,0.8103289008140564
52,4333,right,16,RING_FINGER_TIP,0.57725376,0.31688583,-0.028804624,0.069067694,-0.031620573,-0.0038956888,0.8103289008140564
52,4333,right,17,PINKY_MCP,0.5209058,0.3381962,-0.020780195,0.00606001,0.017508391,-0.026726313,0.8103289008140564
52,4333,right,18,PINKY_PIP,0.54775953,0.332178,-0.02428539,0.030319877,0.0061186384,-0.02548743,0.8103289008140564
52,4333,right,19,PINKY_DIP,0.5623176,0.32892835,-0.024830235,0.048887875,-0.0032634991,-0.021603003,0.8103289008140564
52,4333,right,20,PINKY_TIP,0.5733037,0.32639167,-0.024908828,0.06468399,-0.010152862,-0.01317738,0.8103289008140564
53,4417,left,0,WRIST,0.59130955,0.60800415,1.4624251e-07,0.037030324,-0.01712154,0.08908068,0.9993040561676025
53,4417,left,1,THUMB_CMC,0.5706469,0.60721916,-0.0049501844,0.0054126633,-0.018088885,0.06610441,0.9993040561676025
53,4417,left,2,THUMB_MCP,0.5495764,0.6131749,-0.0117862085,-0.013797367,-0.008016993,0.041806303,0.9993040561676025
53,4417,left,3,THUMB_IP,0.5357082,0.6209942,-0.016664183,-0.025155935,0.006622831,0.008339435,0.9993040561676025
53,4417,left,4,THUMB_TIP,0.52825433,0.6288175,-0.022305394,-0.03829766,0.023896981,-0.020385504,0.9993040561676025
53,4417,left,5,INDEX_FINGER_MCP,0.55944633,0.6105587,-0.029253922,-0.012771722,-0.011067968,-0.0017529428,0.9993040561676025
53,4417,left,6,INDEX_FINGER_PIP,0.53811055,0.62485754,-0.039205123,-0.03261152,0.01091127,-0.010168225,0.9993040561676025
53,4417,left,7,INDEX_FINGER_DIP,0.52736056,0.6331968,-0.042397242,-0.04413578,0.026977219,0.00838007,0.9993040561676025
53,4417,left,8,INDEX_FINGER_TIP,0.5212812,0.63870335,-0.04287259,-0.04585895,0.042272184,0.033509303,0.9993040561676025
53,4417,left,9,MIDDLE_FINGER_MCP,0.5743577,0.61496335,-0.030125268,-0.0016623497,-0.0020883214,-0.0024537668,0.9993040561676025
53,4417,left,10,MIDDLE_FINGER_PIP,0.5500056,0.6302033,-0.03891416,-0.024364593,0.02318772,-0.0070311576,0.9993040561676025
53,4417,left,11,MIDDLE_FINGER_DIP,0.53806967,0.6389397,-0.03929422,-0.030319128,0.045198053,0.009930208,0.9993040561676025
53,4417,left,12,MIDDLE_FINGER_TIP,0.53195816,0.6439591,-0.038949326,-0.038877852,0.058028303,0.04138465,0.9993040561676025
53,4417,left,13,RING_FINGER_MCP,0.5863354,0.62004596,-0.029874254,0.008482978,0.008395436,-0.00024107099,0.9993040561676025
53,4417,left,14,RING_FINGER_PIP,0.5624447,0.6334445,-0.03564833,-0.009011074,0.028366195,0.00017385185,0.9993040561676025
53,4417,left,15,RING_FINGER_DIP,0.55010784,0.6408268,-0.033794202,-0.018575022,0.04569237,0.020863406,0.9993040561676025
53,4417,left,16,RING_FINGER_TIP,0.5433367,0.6451929,-0.031998415,-0.027889881,0.05678739,0.047907874,0.9993040561676025
53,4417,left,17,PINKY_MCP,0.5952598,0.6249695,-0.029419633,0.023482597,0.01978369,0.013659587,0.9993040561676025
53,4417,left,18,PINKY_PIP,0.57382053,0.6350467,-0.033426948,0.0064492095,0.030127583,0.013680149,0.9993040561676025
53,4417,left,19,PINKY_DIP,0.5630858,0.6396844,-0.031580444,-0.00577279,0.04451263,0.026815414,0.9993040561676025
53,4417,left,20,PINKY_TIP,0.5575006,0.6430679,-0.029568663,-0.012903543,0.049901854,0.04740709,0.9993040561676025
53,4417,right,0,WRIST,0.5053743,0.36324847,3.3477042e-07,-0.0053876974,0.08081448,0.0055218935,0.8474634885787964
53,4417,right,1,THUMB_CMC,0.5260882,0.35985136,-0.0077136285,0.0063924696,0.065780684,0.020438641,0.8474634885787964
53,4417,right,2,THUMB_MCP,0.5434039,0.35478675,-0.017594649,0.029863104,0.056611106,0.029051438,0.8474634885787964
53,4417,right,3,THUMB_IP,0.56008536,0.35277116,-0.027477885,0.05155121,0.051859394,0.046181127,0.8474634885787964
53,4417,right,4,THUMB_TIP,0.5715613,0.35127154,-0.03659767,0.05787178,0.046288736,0.0699472,0.8474634885787964
53,4417,right,5,INDEX_FINGER_MCP,0.5101325,0.3251213,-0.0107538365,-0.004261025,-0.0037472628,0.017708987,0.8474634885787964
53,4417,right,6,INDEX_FINGER_PIP,0.53779155,0.31601432,-0.020479612,0.022824025,-0.020407367,0.019991815,0.8474634885787964
53,4417,right,7,INDEX_FINGER_DIP,0.5579198,0.31250513,-0.029555472,0.043631792,-0.028551169,0.02618435,0.8474634885787964
53,4417,right,8,INDEX_FINGER_TIP,0.5731863,0.31085187,-0.035466485,0.06745387,-0.035018392,0.016642392,0.8474634885787964
53,4417,right,9,MIDDLE_FINGER_MCP,0.50787485,0.3257015,-0.012666032,-0.0052365004,-0.004672528,0.0053215586,0.8474634885787964
53,4417,right,10,MIDDLE_FINGER_PIP,0.53908575,0.3157717,-0.01994852,0.023554426,-0.024506113,0.0036294982,0.8474634885787964
53,4417,right,11,MIDDLE_FINGER_DIP,0.55987716,0.31178904,-0.026137771,0.04488933,-0.032330453,0.009043843,0.8474634885787964
53,4417,right,12,MIDDLE_FINGER_TIP,0.5762079,0.31013212,-0.03090617,0.06437617,-0.036251597,0.011999093,0.8474634885787964
53,4417,right,13,RING_FINGER_MCP,0.51047707,0.3289043,-0.015230706,-0.00064949197,-0.00017399306,-0.011615463,0.8474634885787964
53,4417,right,14,RING_FINGER_PIP,0.54205155,0.31954682,-0.020675981,0.027897166,-0.014208715,-0.011328869,0.8474634885787964
53,4417,right,15,RING_FINGER_DIP,0.5615118,0.3158503,-0.023676772,0.048509147,-0.02104535,-0.004965566,0.8474634885787964
53,4417,right,16,RING_FINGER_TIP,0.57640433,0.31408188,-0.025987657,0.06832468,-0.02876167,0.0020477735,0.8474634885787964
53,4417,right,17,PINKY_MCP,0.518371,0.3341571,-0.018767554,0.0051040966,0.016983667,-0.022015184,0.8474634885787964
53,4417,right,18,PINKY_PIP,0.5450673,0.32802278,-0.021401225,0.02828038,0.0055716876,-0.019736633,0.8474634885787964
53,4417,right,19,PINKY_DIP,0.5589212,0.3247582,-0.021405553,0.045648232,-0.0027652334,-0.015802562,0.8474634885787964
53,4417,right,20,PINKY_TIP,0.5697432,0.322237,-0.021361403,0.060209468,-0.00930352,-0.0071391463,0.8474634885787964
54,4500,left,0,WRIST,0.5913748,0.6079457,1.4567804e-07,0.03821544,-0.017632384,0.08943035,0.9993333220481873
54,4500,left,1,THUMB_CMC,0.57065314,0.60728985,-0.0047815726,0.005748861,-0.018350989,0.06612165,0.9993333220481873
54,4500,left,2,THUMB_MCP,0.54960656,0.61344624,-0.011435777,-0.014120299,-0.008268885,0.04188128,0.9993333220481873
54,4500,left,3,THUMB_IP,0.5356185,0.62143236,-0.016190141,-0.025592513,0.007620975,0.008617766,0.9993333220481873
54,4500,left,4,THUMB_TIP,0.5281793,0.62934273,-0.021743348,-0.038897358,0.024839591,-0.01891023,0.9993333220481873
54,4500,left,5,INDEX_FINGER_MCP,0.5592737,0.6105514,-0.028776519,-0.013263324,-0.011432866,-0.0019055828,0.9993333220481873
54,4500,left,6,INDEX_FINGER_PIP,0.5383551,0.6248226,-0.038634777,-0.033790715,0.010846403,-0.01039955,0.9993333220481873
54,4500,left,7,INDEX_FINGER_DIP,0.5276072,0.63317615,-0.041839227,-0.044942807,0.027463442,0.007897027,0.9993333220481873
54,4500,left,8,INDEX_FINGER_TIP,0.5213673,0.63878757,-0.042365145,-0.046426732,0.042576134,0.03220341,0.9993333220481873
54,4500,left,9,MIDDLE_FINGER_MCP,0.574244,0.6148897,-0.02977715,-0.0018556406,-0.0021812832,-0.0027409382,0.9993333220481873
54,4500,left,10,MIDDLE_FINGER_PIP,0.5502066,0.63015825,-0.038511813,-0.024839198,0.023626601,-0.0072577596,0.9993333220481873
54,4500,left,11,MIDDLE_FINGER_DIP,0.53821814,0.63896734,-0.039060812,-0.030851772,0.04592641,0.008915611,0.9993333220481873
54,4500,left,12,MIDDLE_FINGER_TIP,0.5318717,0.64412683,-0.0388487,-0.039330345,0.059067875,0.040828798,0.9993333220481873
54,4500,left,13,RING_FINGER_MCP,0.5863213,0.61995745,-0.029642986,0.008790868,0.008536127,-0.00035651028,0.9993333220481873
54,4500,left,14,RING_FINGER_PIP,0.56263816,0.6333897,-0.035425656,-0.009306322,0.029478699,0.00060308725,0.9993333220481873
54,4500,left,15,RING_FINGER_DIP,0.55022985,0.640928,-0.033750888,-0.018622696,0.04596135,0.020053219,0.9993333220481873
54,4500,left,16,RING_FINGER_TIP,0.5432606,0.64550966,-0.032068443,-0.028049136,0.057791762,0.046596482,0.9993333220481873
54,4500,left,17,PINKY_MCP,0.5953913,0.6249183,-0.029285695,0.024416883,0.020174304,0.01338473,0.9993333220481873
54,4500,left,18,PINKY_PIP,0.57408255,0.635047,-0.0333229,0.007134186,0.031054702,0.013880566,0.9993333220481873
54,4500,left,19,PINKY_DIP,0.5632189,0.6397757,-0.03155149,-0.0053431373,0.04507818,0.026716128,0.9993333220481873
54,4500,left,20,PINKY_TIP,0.55737406,0.64327425,-0.029577391,-0.012980131,0.05080214,0.04670438,0.9993333220481873
54,4500,right,0,WRIST,0.5068634,0.36022732,3.5972482e-07,-0.0018159612,0.078927584,0.004552692,0.8418256044387817
54,4500,right,1,THUMB_CMC,0.5281674,0.35639927,-0.008306724,0.008290856,0.064628385,0.018729195,0.8418256044387817
54,4500,right,2,THUMB_MCP,0.54446554,0.35156813,-0.018822832,0.031309437,0.056327008,0.030188322,0.8418256044387817
54,4500,right,3,THUMB_IP,0.55963016,0.34995124,-0.029558005,0.05267252,0.05150627,0.04809811,0.8418256044387817
54,4500,right,4,THUMB_TIP,0.57245445,0.3493451,-0.039615348,0.0615041,0.047492616,0.07694745,0.8418256044387817
54,4500,right,5,INDEX_FINGER_MCP,0.50868917,0.32313642,-0.0109986635,-0.006227014,-0.004153977,0.019640103,0.8418256044387817
54,4500,right,6,INDEX_FINGER_PIP,0.53609073,0.31315994,-0.02155056,0.02238577,-0.020772874,0.021866009,0.8418256044387817
54,4500,right,7,INDEX_FINGER_DIP,0.5563189,0.30899915,-0.031055775,0.043880172,-0.030485692,0.02774284,0.8418256044387817
54,4500,right,8,INDEX_FINGER_TIP,0.5718562,0.30712655,-0.037000008,0.0673016,-0.03646,0.018292904,0.8418256044387817
54,4500,right,9,MIDDLE_FINGER_MCP,0.5061859,0.32384574,-0.012920095,-0.005800642,-0.0042230817,0.0059012994,0.8418256044387817
54,4500,right,10,MIDDLE_FINGER_PIP,0.53659236,0.31268305,-0.021195019,0.022780744,-0.02585036,0.004865147,0.8418256044387817
54,4500,right,11,MIDDLE_FINGER_DIP,0.5575573,0.3080619,-0.027635356,0.044404294,-0.034755923,0.008050442,0.8418256044387817
54,4500,right,12,MIDDLE_FINGER_TIP,0.57430845,0.30629516,-0.03216863,0.065200515,-0.037814356,0.010668471,0.8418256044387817
54,4500,right,13,RING_FINGER_MCP,0.5090935,0.32678592,-0.015635217,0.0002707422,0.00034680124,-0.012824036,0.8418256044387817
54,4500,right,14,RING_FINGER_PIP,0.54009426,0.3160428,-0.021768587,0.027582258,-0.01576185,-0.0133059025,0.8418256044387817
54,4500,right,15,RING_FINGER_DIP,0.5593625,0.31174633,-0.025045522,0.048378438,-0.023240244,-0.008019641,0.8418256044387817
54,4500,right,16,RING_FINGER_TIP,0.5742525,0.30981496,-0.027216729,0.06854475,-0.03087991,-0.002974268,0.8418256044387817
54,4500,right,17,PINKY_MCP,0.5176081,0.33155793,-0.019365033,0.0075817383,0.01620629,-0.02503857,0.8418256044387817
54,4500,right,18,PINKY_PIP,0.5440435,0.32446697,-0.022347195,0.029839726,0.0034885085,-0.023396261,0.8418256044387817
54,4500,right,19,PINKY_DIP,0.5575307,0.32082435,-0.022293875,0.047581047,-0.0055255555,-0.01899755,0.8418256044387817
54,4500,right,20,PINKY_TIP,0.5681592,0.31821764,-0.021998962,0.059851628,-0.011520147,-0.012253091,0.8418256044387817
55,4583,left,0,WRIST,0.5915859,0.607875,1.4614886e-07,0.037538137,-0.017329425,0.08917381,0.9995253086090088
55,4583,left,1,THUMB_CMC,0.5708163,0.60726255,-0.0052076634,0.005939389,-0.017857946,0.06619361,0.9995253086090088
55,4583,left,2,THUMB_MCP,0.5494379,0.61375797,-0.011916819,-0.014302617,-0.0075917747,0.04204967,0.9995253086090088
55,4583,left,3,THUMB_IP,0.5351893,0.62219495,-0.01665167,-0.02497891,0.008410007,0.010102987,0.9995253086090088
55,4583,left,4,THUMB_TIP,0.5270904,0.6302742,-0.02211273,-0.03942454,0.026268177,-0.016972482,0.9995253086090088
55,4583,left,5,INDEX_FINGER_MCP,0.5590649,0.61045575,-0.028833209,-0.012841989,-0.011589875,-0.0016358793,0.9995253086090088
55,4583,left,6,INDEX_FINGER_PIP,0.5382877,0.62497747,-0.03881668,-0.032359865,0.010434126,-0.010321498,0.9995253086090088
55,4583,left,7,INDEX_FINGER_DIP,0.5276159,0.6334673,-0.042080417,-0.043791663,0.027351454,0.008004174,0.9995253086090088
55,4583,left,8,INDEX_FINGER_TIP,0.5213492,0.639134,-0.042659268,-0.045593508,0.042483103,0.033082753,0.9995253086090088
55,4583,left,9,MIDDLE_FINGER_MCP,0.57425725,0.6148962,-0.029586865,-0.0017205853,-0.0020878147,-0.0025576577,0.9995253086090088
55,4583,left,10,MIDDLE_FINGER_PIP,0.5503098,0.63017094,-0.038425267,-0.02398606,0.022326894,-0.0068758354,0.9995253086090088
55,4583,left,11,MIDDLE_FINGER_DIP,0.5382768,0.6391245,-0.039013367,-0.030788628,0.044636298,0.009607211,0.9995253086090088
55,4583,left,12,MIDDLE_FINGER_TIP,0.53155077,0.6444392,-0.038850702,-0.039219424,0.058513165,0.039952476,0.9995253086090088
55,4583,left,13,RING_FINGER_MCP,0.5863135,0.6200684,-0.029287988,0.0085997535,0.008791547,-0.00056589395,0.9995253086090088
55,4583,left,14,RING_FINGER_PIP,0.56269246,0.633365,-0.03516302,-0.008845603,0.028270554,0.00050647557,0.9995253086090088
55,4583,left,15,RING_FINGER_DIP,0.55007285,0.64096487,-0.033478547,-0.018982755,0.045182683,0.019862872,0.9995253086090088
55,4583,left,16,RING_FINGER_TIP,0.5425893,0.6456411,-0.031781226,-0.02884797,0.05714177,0.046815135,0.9995253086090088
55,4583,left,17,PINKY_MCP,0.5950926,0.625103,-0.028817719,0.023790725,0.020747986,0.01348817,0.9995253086090088
55,4583,left,18,PINKY_PIP,0.5735408,0.635044,-0.032895975,0.0062336195,0.030182507,0.013766132,0.9995253086090088
55,4583,left,19,PINKY_DIP,0.56249654,0.63978946,-0.03119426,-0.006136289,0.043682978,0.026895091,0.9995253086090088
55,4583,left,20,PINKY_TIP,0.55636334,0.64337415,-0.029276889,-0.013399938,0.05014679,0.047198027,0.9995253086090088
55,4583,right,0,WRIST,0.4996018,0.35868102,3.3965136e-07,-0.0085696755,0.07887403,0.008609638,0.6451199650764465
55,4583,right,1,THUMB_CMC,0.523714,0.35572046,-0.011277185,0.007622576,0.06736924,0.0145303905,0.6451199650764465
55,4583,right,2,THUMB_MCP,0.54323864,0.3504118,-0.021872042,0.03548585,0.057419516,0.018640429,0.6451199650764465
55,4583,right,3,THUMB_IP,0.56031746,0.3481633,-0.031723626,0.059653703,0.05194214,0.024904415,0.6451199650764465
55,4583,right,4,THUMB_TIP,0.5752665,0.34656042,-0.04083075,0.07284363,0.046604067,0.044470236,0.6451199650764465
55,4583,right,5,INDEX_FINGER_MCP,0.5091097,0.32340932,-0.013003901,-0.0013299437,9.832656e-06,0.010875277,0.6451199650764465
55,4583,right,6,INDEX_FINGER_PIP,0.5348564,0.31380624,-0.023325825,0.027294068,-0.016112128,0.012091249,0.6451199650764465
55,4583,right,7,INDEX_FINGER_DIP,0.5540074,0.3092347,-0.032640945,0.045837358,-0.027850544,0.019213505,0.6451199650764465
55,4583,right,8,INDEX_FINGER_TIP,0.56877977,0.30700418,-0.038459383,0.06925358,-0.034542907,0.012642905,0.6451199650764465
55,4583,right,9,MIDDLE_FINGER_MCP,0.5051707,0.3224772,-0.012503455,-0.005237965,-0.0034846386,0.0041304976,0.6451199650764465
55,4583,right,10,MIDDLE_FINGER_PIP,0.5338927,0.31175005,-0.020660646,0.023609115,-0.026073543,0.0051267296,0.6451199650764465
55,4583,right,11,MIDDLE_FINGER_DIP,0.5541537,0.30668044,-0.026963271,0.04574942,-0.035878256,0.009425595,0.6451199650764465
55,4583,right,12,MIDDLE_FINGER_TIP,0.57080483,0.30459416,-0.031286236,0.06650522,-0.04272432,0.012851596,0.6451199650764465
55,4583,right,13,RING_FINGER_MCP,0.5065339,0.3239869,-0.012962376,-0.0021369117,-0.0023696008,-0.0068585575,0.6451199650764465
55,4583,right,14,RING_FINGER_PIP,0.53632987,0.31361508,-0.019729253,0.025911234,-0.019990059,-0.0049035624,0.6451199650764465
55,4583,right,15,RING_FINGER_DIP,0.5548869,0.3090331,-0.023390396,0.04907542,-0.027993474,0.0010336712,0.6451199650764465
55,4583,right,16,RING_FINGER_TIP,0.5697635,0.30687788,-0.025569461,0.065570466,-0.036806248,0.0053015165,0.6451199650764465
55,4583,right,17,PINKY_MCP,0.51307744,0.32753426,-0.014577311,0.0016775564,0.010580501,-0.011393737,0.6451199650764465
55,4583,right,18,PINKY_PIP,0.5397655,0.32099333,-0.018816568,0.024752893,-0.0010439593,-0.008578509,0.6451199650764465
55,4583,right,19,PINKY_DIP,0.55352175,0.3178525,-0.019597575,0.04434939,-0.010366009,-0.005257085,0.6451199650764465
55,4583,right,20,PINKY_TIP,0.56454176,0.31567085,-0.019505678,0.057200696,-0.015538947,-0.0015692413,0.6451199650764465
56,4667,left,0,WRIST,0.5919612,0.6076837,1.4273212e-07,0.03755397,-0.017541893,0.088931546,0.9993563294410706
56,4667,left,1,THUMB_CMC,0.57113844,0.6071348,-0.0048871855,0.005486175,-0.018333197,0.06598663,0.9993563294410706
56,4667,left,2,THUMB_MCP,0.54987955,0.6134158,-0.0115533285,-0.014527863,-0.007801649,0.04154072,0.9993563294410706
56,4667,left,3,THUMB_IP,0.5356523,0.6215432,-0.016287187,-0.025151893,0.0076283263,0.009674974,0.9993563294410706
56,4667,left,4,THUMB_TIP,0.52804613,0.6295613,-0.021742484,-0.038473,0.025154095,-0.01804562,0.9993563294410706
56,4667,left,5,INDEX_FINGER_MCP,0.5593572,0.61052966,-0.028599145,-0.013056574,-0.011247794,-0.0017532334,0.9993563294410706
56,4667,left,6,INDEX_FINGER_PIP,0.5384851,0.6247717,-0.03839003,-0.03216489,0.010157994,-0.010403305,0.9993563294410706
56,4667,left,7,INDEX_FINGER_DIP,0.5279796,0.63307947,-0.041520216,-0.04349414,0.026786529,0.0076691136,0.9993563294410706
56,4667,left,8,INDEX_FINGER_TIP,0.5219171,0.63857687,-0.041993257,-0.04522611,0.04164158,0.03288932,0.9993563294410706
56,4667,left,9,MIDDLE_FINGER_MCP,0.57442653,0.61498976,-0.029435268,-0.0016758274,-0.0019002375,-0.002463393,0.9993563294410706
56,4667,left,10,MIDDLE_FINGER_PIP,0.55042374,0.63021004,-0.037985817,-0.023626652,0.022592042,-0.0072411075,0.9993563294410706
56,4667,left,11,MIDDLE_FINGER_DIP,0.53846407,0.63887495,-0.03830881,-0.030148719,0.044465754,0.00941547,0.9993563294410706
56,4667,left,12,MIDDLE_FINGER_TIP,0.5319009,0.6439041,-0.037968125,-0.038621265,0.05753148,0.040036026,0.9993563294410706
56,4667,left,13,RING_FINGER_MCP,0.5864032,0.6201367,-0.02918061,0.008617809,0.008480097,-0.00049405545,0.9993563294410706
56,4667,left,14,RING_FINGER_PIP,0.56275403,0.6333996,-0.034797687,-0.00813477,0.028456222,0.00042814016,0.9993563294410706
56,4667,left,15,RING_FINGER_DIP,0.55024666,0.6408042,-0.032860756,-0.018646533,0.04505956,0.019968066,0.9993563294410706
56,4667,left,16,RING_FINGER_TIP,0.5429583,0.64529866,-0.031025385,-0.028269164,0.05659859,0.04633922,0.9993563294410706
56,4667,left,17,PINKY_MCP,0.59519774,0.62509006,-0.028733615,0.023818882,0.020275243,0.013444141,0.9993563294410706
56,4667,left,18,PINKY_PIP,0.57376015,0.63500136,-0.03253672,0.006420806,0.030165639,0.013855707,0.9993563294410706
56,4667,left,19,PINKY_DIP,0.5628493,0.6396406,-0.030577408,-0.0057980753,0.043820642,0.027044192,0.9993563294410706
56,4667,left,20,PINKY_TIP,0.5568698,0.6431171,-0.0284992,-0.013391687,0.04979557,0.0463136,0.9993563294410706
56,4667,right,0,WRIST,0.50293446,0.35770997,3.271012e-07,-0.002964878,0.07802503,0.0066511333,0.700894832611084
56,4667,right,1,THUMB_CMC,0.5264972,0.3538285,-0.009620394,0.012129959,0.06586125,0.014364213,0.700894832611084
56,4667,right,2,THUMB_MCP,0.5447358,0.34799933,-0.019446572,0.037858237,0.056797765,0.019629732,0.700894832611084
56,4667,right,3,THUMB_IP,0.5613716,0.3453479,-0.029141223,0.06104641,0.050105363,0.027755592,0.700894832611084
56,4667,right,4,THUMB_TIP,0.57722205,0.3432457,-0.037909057,0.07585562,0.044003088,0.047832564,0.700894832611084
56,4667,right,5,INDEX_FINGER_MCP,0.508937,0.3219383,-0.008940749,-0.0015294193,0.0005975772,0.013186157,0.700894832611084
56,4667,right,6,INDEX_FINGER_PIP,0.5327039,0.31254447,-0.019520605,0.024402821,-0.015305115,0.015487164,0.700894832611084
56,4667,right,7,INDEX_FINGER_DIP,0.5515921,0.30815664,-0.029142085,0.04387734,-0.0263212,0.021649614,0.700894832611084
56,4667,right,8,INDEX_FINGER_TIP,0.56652844,0.3062821,-0.03514048,0.06596756,-0.03252537,0.013434306,0.700894832611084
56,4667,right,9,MIDDLE_FINGER_MCP,0.5046464,0.32124174,-0.009661538,-0.0056125643,-0.0031401822,0.0045271944,0.700894832611084
56,4667,right,10,MIDDLE_FINGER_PIP,0.53301126,0.31051943,-0.018298833,0.02267918,-0.024951557,0.007245291,0.700894832611084
56,4667,right,11,MIDDLE_FINGER_DIP,0.55290556,0.30570072,-0.024907304,0.042924844,-0.035408907,0.011870861,0.700894832611084
56,4667,right,12,MIDDLE_FINGER_TIP,0.56938326,0.30361044,-0.02923278,0.063791,-0.042763624,0.0152717605,0.700894832611084
56,4667,right,13,RING_FINGER_MCP,0.5061834,0.3228003,-0.011592784,-0.0022491266,-0.0028754924,-0.009309642,0.700894832611084
56,4667,right,14,RING_FINGER_PIP,0.5357073,0.3124271,-0.018712968,0.024203157,-0.018994631,-0.006825596,0.700894832611084
56,4667,right,15,RING_FINGER_DIP,0.55415136,0.30788785,-0.022192828,0.046037987,-0.027804192,-0.00063718855,0.700894832611084
56,4667,right,16,RING_FINGER_TIP,0.5690373,0.3057503,-0.024091871,0.065537184,-0.03757535,0.0028979853,0.700894832611084
56,4667,right,17,PINKY_MCP,0.51311755,0.3263894,-0.014675238,0.0021185596,0.009873329,-0.016211364,0.700894832611084
56,4667,right,18,PINKY_PIP,0.5391278,0.32005164,-0.018980721,0.025702773,-0.0013463111,-0.013922349,0.700894832611084
56,4667,right,19,PINKY_DIP,0.55247617,0.31665123,-0.019612508,0.042827595,-0.011140887,-0.009530947,0.700894832611084
56,4667,right,20,PINKY_TIP,0.5633634,0.3142115,-0.019406652,0.05849756,-0.017111069,-0.0044231415,0.700894832611084
57,4750,left,0,WRIST,0.5916309,0.60789084,1.4617041e-07,0.03697817,-0.01760033,0.08979873,0.9993785619735718
57,4750,left,1,THUMB_CMC,0.57067126,0.60744303,-0.004861292,0.005145089,-0.017606325,0.066501275,0.9993785619735718
57,4750,left,2,THUMB_MCP,0.5491633,0.6141212,-0.011379727,-0.015221214,-0.0068253847,0.042077564,0.9993785619735718
57,4750,left,3,THUMB_IP,0.5346309,0.62269473,-0.015953725,-0.026646433,0.009959729,0.01041498,0.9993785619735718
57,4750,left,4,THUMB_TIP,0.52625084,0.6308884,-0.021236548,-0.040766392,0.028146118,-0.016030565,0.9993785619735718
57,4750,left,5,INDEX_FINGER_MCP,0.55947673,0.610568,-0.028422097,-0.013008361,-0.011087375,-0.0020515248,0.9993785619735718
57,4750,left,6,INDEX_FINGER_PIP,0.53864896,0.62507075,-0.03818079,-0.032376386,0.010848304,-0.010591686,0.9993785619735718
57,4750,left,7,INDEX_FINGER_DIP,0.52816576,0.6333593,-0.04120227,-0.04384087,0.02749616,0.0073392466,0.9993785619735718
57,4750,left,8,INDEX_FINGER_TIP,0.52225,0.63872266,-0.041566953,-0.045020998,0.04125364,0.03263389,0.9993785619735718
57,4750,left,9,MIDDLE_FINGER_MCP,0.57464755,0.61492425,-0.029216744,-0.0018802036,-0.0019931851,-0.0028391257,0.9993785619735718
57,4750,left,10,MIDDLE_FINGER_PIP,0.55065507,0.6302965,-0.037697274,-0.023942653,0.022656387,-0.0077101663,0.9993785619735718
57,4750,left,11,MIDDLE_FINGER_DIP,0.53857034,0.63903046,-0.038012277,-0.0303847,0.04416485,0.008904427,0.9993785619735718
57,4750,left,12,MIDDLE_FINGER_TIP,0.53191537,0.6440447,-0.03770506,-0.038650513,0.057177152,0.03955949,0.9993785619735718
57,4750,left,13,RING_FINGER_MCP,0.58664906,0.6200255,-0.02893311,0.0086548235,0.0082347095,-0.00027424097,0.9993785619735718
57,4750,left,14,RING_FINGER_PIP,0.5629885,0.6334795,-0.03457221,-0.00809844,0.028299715,0.0001919046,0.9993785619735718
57,4750,left,15,RING_FINGER_DIP,0.5504105,0.6409983,-0.032673024,-0.01847703,0.044616144,0.019460373,0.9993785619735718
57,4750,left,16,RING_FINGER_TIP,0.5429801,0.64556813,-0.030889587,-0.028142858,0.056195814,0.046355132,0.9993785619735718
57,4750,left,17,PINKY_MCP,0.5954223,0.62502664,-0.028425453,0.024198035,0.019814074,0.0137179755,0.9993785619735718
57,4750,left,18,PINKY_PIP,0.5742872,0.63510656,-0.0323572,0.0063739745,0.029961541,0.014067166,0.9993785619735718
57,4750,left,19,PINKY_DIP,0.5632776,0.6398496,-0.030516138,-0.0051386803,0.04344475,0.027214855,0.9993785619735718
57,4750,left,20,PINKY_TIP,0.55713934,0.6434386,-0.028523609,-0.013213914,0.049821258,0.046718284,0.9993785619735718
57,4750,right,0,WRIST,0.5032166,0.35733092,3.1604455e-07,-0.004050828,0.07908119,0.006833531,0.7602949142456055
57,4750,right,1,THUMB_CMC,0.5262362,0.35375294,-0.009219268,0.009340549,0.065983914,0.016791001,0.7602949142456055
57,4750,right,2,THUMB_MCP,0.54404813,0.34826195,-0.01919093,0.035478517,0.05585877,0.025504664,0.7602949142456055
57,4750,right,3,THUMB_IP,0.5600577,0.3459821,-0.029041179,0.05910981,0.049853787,0.038360924,0.7602949142456055
57,4750,right,4,THUMB_TIP,0.574347,0.3445185,-0.038071413,0.070442334,0.045173377,0.062067643,0.7602949142456055
57,4750,right,5,INDEX_FINGER_MCP,0.50854987,0.32152084,-0.010297593,-0.0026703998,-0.0014404007,0.015630737,0.7602949142456055
57,4750,right,6,INDEX_FINGER_PIP,0.5331187,0.31192443,-0.020718247,0.02430189,-0.01670006,0.016854182,0.7602949142456055
57,4750,right,7,INDEX_FINGER_DIP,0.55242866,0.30811813,-0.03006949,0.0444861,-0.02714851,0.024795905,0.7602949142456055
57,4750,right,8,INDEX_FINGER_TIP,0.5674173,0.30697957,-0.035845727,0.06604766,-0.032089345,0.01765503,0.7602949142456055
57,4750,right,9,MIDDLE_FINGER_MCP,0.5050103,0.32110626,-0.011303435,-0.0056323106,-0.004079256,0.005251365,0.7602949142456055
57,4750,right,10,MIDDLE_FINGER_PIP,0.53357893,0.31067687,-0.019331178,0.022826687,-0.025045449,0.0051982403,0.7602949142456055
57,4750,right,11,MIDDLE_FINGER_DIP,0.55361533,0.3058976,-0.02557878,0.04379607,-0.033263616,0.00921236,0.7602949142456055
57,4750,right,12,MIDDLE_FINGER_TIP,0.5701954,0.30404544,-0.029878654,0.06501692,-0.03997296,0.013131961,0.7602949142456055
57,4750,right,13,RING_FINGER_MCP,0.50680304,0.3230255,-0.013338961,-0.0009211807,-0.0018648083,-0.010388479,0.7602949142456055
57,4750,right,14,RING_FINGER_PIP,0.5369011,0.31272042,-0.020038871,0.027340576,-0.017280426,-0.010196358,0.7602949142456055
57,4750,right,15,RING_FINGER_DIP,0.5556771,0.30844712,-0.023613594,0.049216755,-0.024820523,-0.0036085919,0.7602949142456055
57,4750,right,16,RING_FINGER_TIP,0.57094604,0.30669564,-0.025768511,0.067839384,-0.033732444,0.0020483173,0.7602949142456055
57,4750,right,17,PINKY_MCP,0.51399314,0.32697296,-0.016438888,0.003700595,0.012566224,-0.01858309,0.7602949142456055
57,4750,right,18,PINKY_PIP,0.54044276,0.32079172,-0.020628981,0.02779013,0.0017286381,-0.016391352,0.7602949142456055
57,4750,right,19,PINKY_DIP,0.5539363,0.31821498,-0.021126097,0.046491917,-0.0068911025,-0.012020245,0.7602949142456055
57,4750,right,20,PINKY_TIP,0.5649018,0.3166089,-0.020829305,0.059915103,-0.010631892,-0.005610794,0.7602949142456055
58,4833,left,0,WRIST,0.5919486,0.60750234,1.4036198e-07,0.036362067,-0.017407594,0.088933155,0.9992145299911499
58,4833,left,1,THUMB_CMC,0.57113075,0.6071046,-0.0047089537,0.0046929424,-0.018293018,0.065476194,0.9992145299911499
58,4833,left,2,THUMB_MCP,0.5496991,0.61344427,-0.011398899,-0.015535716,-0.007794857,0.04180017,0.9992145299911499
58,4833,left,3,THUMB_IP,0.5353182,0.62165105,-0.016199144,-0.025811337,0.00773034,0.009162903,0.9992145299911499
58,4833,left,4,THUMB_TIP,0.5279068,0.6298,-0.021681758,-0.038199242,0.02543931,-0.018442199,0.9992145299911499
58,4833,left,5,INDEX_FINGER_MCP,0.559462,0.6104322,-0.028443621,-0.013076637,-0.011085385,-0.0013140142,0.9992145299911499
58,4833,left,6,INDEX_FINGER_PIP,0.5384847,0.62480414,-0.038216297,-0.032233246,0.010061969,-0.010021001,0.9992145299911499
58,4833,left,7,INDEX_FINGER_DIP,0.5283649,0.63307726,-0.041242134,-0.04321827,0.02672835,0.00869187,0.9992145299911499
58,4833,left,8,INDEX_FINGER_TIP,0.5229577,0.63839114,-0.041550495,-0.043932308,0.04024446,0.0335811,0.9992145299911499
58,4833,left,9,MIDDLE_FINGER_MCP,0.5746032,0.6148387,-0.029341463,-0.0015758134,-0.0020134985,-0.0023941621,0.9992145299911499
58,4833,left,10,MIDDLE_FINGER_PIP,0.55014414,0.6302902,-0.037714295,-0.023316199,0.022753447,-0.0076935254,0.9992145299911499
58,4833,left,11,MIDDLE_FINGER_DIP,0.53842884,0.63882095,-0.037722073,-0.030166447,0.043587152,0.009672023,0.9992145299911499
58,4833,left,12,MIDDLE_FINGER_TIP,0.5323661,0.64354277,-0.037143033,-0.037768364,0.054825157,0.040718284,0.9992145299911499
58,4833,left,13,RING_FINGER_MCP,0.58666795,0.62002575,-0.029166833,0.008976644,0.0084947385,-0.00033397228,0.9992145299911499
58,4833,left,14,RING_FINGER_PIP,0.5626834,0.63355356,-0.034527875,-0.007540892,0.02768197,0.00021138042,0.9992145299911499
58,4833,left,15,RING_FINGER_DIP,0.5504112,0.6409953,-0.03224928,-0.018252991,0.044902615,0.020152766,0.9992145299911499
58,4833,left,16,RING_FINGER_TIP,0.54345334,0.6454148,-0.03020845,-0.027513577,0.05606799,0.046797037,0.9992145299911499
58,4833,left,17,PINKY_MCP,0.59553933,0.6250434,-0.028799564,0.023836834,0.02009445,0.013170812,0.9992145299911499
58,4833,left,18,PINKY_PIP,0.5738441,0.6351569,-0.03234766,0.006830383,0.030301701,0.012882199,0.9992145299911499
58,4833,left,19,PINKY_DIP,0.56299376,0.6400155,-0.030187285,-0.0053249337,0.044038747,0.02626688,0.9992145299911499
58,4833,left,20,PINKY_TIP,0.55726826,0.6436186,-0.028000278,-0.012303527,0.050104924,0.045768812,0.9992145299911499
58,4833,right,0,WRIST,0.5073962,0.35892257,3.2173114e-07,-0.0044675414,0.0780847,-0.0015114918,0.8940516710281372
58,4833,right,1,THUMB_CMC,0.52749825,0.35584015,-0.0083354,0.0066235224,0.063852005,0.014302999,0.8940516710281372
58,4833,right,2,THUMB_MCP,0.54392517,0.3509731,-0.01897956,0.032072682,0.056071997,0.03193894,0.8940516710281372
58,4833,right,3,THUMB_IP,0.55922425,0.34905565,-0.029714203,0.051744696,0.05034151,0.05587238,0.8940516710281372
58,4833,right,4,THUMB_TIP,0.5699178,0.34672427,-0.03977101,0.059188925,0.04531107,0.09118079,0.8940516710281372
58,4833,right,5,INDEX_FINGER_MCP,0.5101294,0.32289806,-0.012685465,-0.004073996,-0.0021873945,0.020858474,0.8940516710281372
58,4833,right,6,INDEX_FINGER_PIP,0.5372247,0.3137395,-0.02379493,0.023085684,-0.017186932,0.024951935,0.8940516710281372
58,4833,right,7,INDEX_FINGER_DIP,0.55679244,0.30959982,-0.033173095,0.0427909,-0.028188314,0.029566444,0.8940516710281372
58,4833,right,8,INDEX_FINGER_TIP,0.57220435,0.30771765,-0.039073106,0.066787235,-0.033055235,0.01964295,0.8940516710281372
58,4833,right,9,MIDDLE_FINGER_MCP,0.5069473,0.32321876,-0.014728537,-0.005946437,-0.004146436,0.0065619797,0.8940516710281372
58,4833,right,10,MIDDLE_FINGER_PIP,0.5381117,0.3123816,-0.023720939,0.022312194,-0.023792187,0.0058147833,0.8940516710281372
58,4833,right,11,MIDDLE_FINGER_DIP,0.5584831,0.30786616,-0.029942997,0.044740144,-0.032197583,0.008229792,0.8940516710281372
58,4833,right,12,MIDDLE_FINGER_TIP,0.57530963,0.3058936,-0.034327265,0.06496946,-0.038892016,0.009808898,0.8940516710281372
58,4833,right,13,RING_FINGER_MCP,0.50900257,0.32564712,-0.017586578,0.0007026263,-0.00012914126,-0.013200827,0.8940516710281372
58,4833,right,14,RING_FINGER_PIP,0.5413944,0.3149967,-0.024853382,0.02860164,-0.015555633,-0.013464674,0.8940516710281372
58,4833,right,15,RING_FINGER_DIP,0.56046826,0.3108384,-0.028388286,0.050852668,-0.024080614,-0.0066731498,0.8940516710281372
58,4833,right,16,RING_FINGER_TIP,0.5757146,0.3087158,-0.030739792,0.06879913,-0.031976614,-0.0044715106,0.8940516710281372
58,4833,right,17,PINKY_MCP,0.5166194,0.3301724,-0.021365749,0.0057635484,0.016029669,-0.027358204,0.8940516710281372
58,4833,right,18,PINKY_PIP,0.5449056,0.32331192,-0.025827598,0.029434115,0.0041973325,-0.02480644,0.8940516710281372
58,4833,right,19,PINKY_DIP,0.55928856,0.3200028,-0.026772972,0.048851293,-0.0052091954,-0.021056011,0.8940516710281372
58,4833,right,20,PINKY_TIP,0.57093304,0.31732142,-0.027129102,0.06334432,-0.011695206,-0.0134204775,0.8940516710281372
59,4917,left,0,WRIST,0.5917163,0.6078356,1.5111532e-07,0.03575742,-0.01685834,0.089843065,0.9993040561676025
59,4917,left,1,THUMB_CMC,0.570724,0.6074808,-0.0048139594,0.004826756,-0.016382726,0.06606677,0.9993040561676025
59,4917,left,2,THUMB_MCP,0.54949284,0.6142016,-0.0113691585,-0.014602636,-0.0059513887,0.041532964,0.9993040561676025
59,4917,left,3,THUMB_IP,0.53511536,0.6227418,-0.016031565,-0.024711233,0.010276206,0.009519286,0.9993040561676025
59,4917,left,4,THUMB_TIP,0.52673554,0.63094455,-0.021423636,-0.038175274,0.027714927,-0.016648188,0.9993040561676025
59,4917,left,5,INDEX_FINGER_MCP,0.55942917,0.610704,-0.02841447,-0.012078854,-0.010498758,-0.0020685345,0.9993040561676025
59,4917,left,6,INDEX_FINGER_PIP,0.53850853,0.6252299,-0.038313642,-0.030824088,0.010895233,-0.010601208,0.9993040561676025
59,4917,left,7,INDEX_FINGER_DIP,0.52787614,0.63366604,-0.04144603,-0.042111244,0.027828889,0.006771341,0.9993040561676025
59,4917,left,8,INDEX_FINGER_TIP,0.52182996,0.6392421,-0.04188626,-0.044009395,0.04197962,0.030634627,0.9993040561676025
59,4917,left,9,MIDDLE_FINGER_MCP,0.57468027,0.6150953,-0.029321259,-0.0017773897,-0.0017609948,-0.002616305,0.9993040561676025
59,4917,left,10,MIDDLE_FINGER_PIP,0.5505349,0.63032144,-0.03800727,-0.022353401,0.02191479,-0.007979378,0.9993040561676025
59,4917,left,11,MIDDLE_FINGER_DIP,0.53828263,0.63922036,-0.038472574,-0.029284187,0.043499283,0.0080613345,0.9993040561676025
59,4917,left,12,MIDDLE_FINGER_TIP,0.53144974,0.644465,-0.038240485,-0.038035966,0.05748391,0.038579095,0.9993040561676025
59,4917,left,13,RING_FINGER_MCP,0.58676726,0.6201564,-0.029150294,0.00824022,0.0074713416,-0.00010570139,0.9993040561676025
59,4917,left,14,RING_FINGER_PIP,0.5630177,0.63355154,-0.03489816,-0.0075390106,0.026687842,-0.00026619434,0.9993040561676025
59,4917,left,15,RING_FINGER_DIP,0.5503803,0.64123803,-0.0331271,-0.017713526,0.04382162,0.018557321,0.9993040561676025
59,4917,left,16,RING_FINGER_TIP,0.54283977,0.6460105,-0.031422276,-0.02777578,0.056280985,0.045201603,0.9993040561676025
59,4917,left,17,PINKY_MCP,0.59560174,0.62508047,-0.028760761,0.022905614,0.018618504,0.013539979,0.9993040561676025
59,4917,left,18,PINKY_PIP,0.574475,0.6351705,-0.032761067,0.006360268,0.028589293,0.01387585,0.9993040561676025
59,4917,left,19,PINKY_DIP,0.5633478,0.6400616,-0.031034734,-0.0047400407,0.042140458,0.026290037,0.9993040561676025
59,4917,left,20,PINKY_TIP,0.55710596,0.6437882,-0.029115392,-0.013152817,0.049080778,0.04531671,0.9993040561676025
59,4917,right,0,WRIST,0.5039391,0.36109334,2.7335687e-07,-0.013201976,0.077395014,0.0022694096,0.8403899669647217
59,4917,right,1,THUMB_CMC,0.51884675,0.35802668,-0.008158034,-0.0031416875,0.061746053,0.017097428,0.8403899669647217
59,4917,right,2,THUMB_MCP,0.5347289,0.35340816,-0.019072851,0.021060003,0.054389775,0.031064525,0.8403899669647217
59,4917,right,3,THUMB_IP,0.55265766,0.35258532,-0.029997375,0.042776424,0.053848583,0.047573045,0.8403899669647217
59,4917,right,4,THUMB_TIP,0.56782186,0.3519801,-0.040655956,0.058096036,0.049927644,0.07298818,0.8403899669647217
59,4917,right,5,INDEX_FINGER_MCP,0.50965136,0.32504404,-0.014548527,-0.0046800124,-0.0028427192,0.017863452,0.8403899669647217
59,4917,right,6,INDEX_FINGER_PIP,0.53697973,0.31626657,-0.025796184,0.021044265,-0.01602825,0.02024825,0.8403899669647217
59,4917,right,7,INDEX_FINGER_DIP,0.55667317,0.3137883,-0.035002753,0.042242788,-0.023508767,0.025851548,0.8403899669647217
59,4917,right,8,INDEX_FINGER_TIP,0.57147646,0.31330723,-0.04083845,0.064937145,-0.025760792,0.019327939,0.8403899669647217
59,4917,right,9,MIDDLE_FINGER_MCP,0.50786877,0.32497728,-0.016668603,-0.004600343,-0.0039039752,0.0056488253,0.8403899669647217
59,4917,right,10,MIDDLE_FINGER_PIP,0.54110575,0.3162423,-0.025022237,0.02508044,-0.02051401,0.0040997714,0.8403899669647217
59,4917,right,11,MIDDLE_FINGER_DIP,0.5614448,0.31372374,-0.03087281,0.046714716,-0.02382888,0.008671418,0.8403899669647217
59,4917,right,12,MIDDLE_FINGER_TIP,0.57704884,0.31313825,-0.035349663,0.066233635,-0.028333362,0.016424984,0.8403899669647217
59,4917,right,13,RING_FINGER_MCP,0.51030904,0.32758263,-0.01946387,0.0020496224,-0.0006172166,-0.011952773,0.8403899669647217
59,4917,right,14,RING_FINGER_PIP,0.5437608,0.31960514,-0.025983717,0.029217897,-0.009979342,-0.010558464,0.8403899669647217
59,4917,right,15,RING_FINGER_DIP,0.5632073,0.31730518,-0.029065987,0.05206703,-0.015538852,-0.0064565986,0.8403899669647217
59,4917,right,16,RING_FINGER_TIP,0.5784898,0.31656498,-0.031316824,0.07057247,-0.020243939,0.00072799623,0.8403899669647217
59,4917,right,17,PINKY_MCP,0.5168491,0.33240753,-0.023163712,0.0056012333,0.015099778,-0.022469059,0.8403899669647217
59,4917,right,18,PINKY_PIP,0.5449213,0.32772726,-0.026876634,0.028642813,0.008271424,-0.018814646,0.8403899669647217
59,4917,right,19,PINKY_DIP,0.55993766,0.32598522,-0.027310176,0.048270755,0.0040406934,-0.0134207755,0.8403899669647217
59,4917,right,20,PINKY_TIP,0.5718226,0.32487348,-0.027375342,0.06276611,0.0007900725,-0.009254843,0.8403899669647217
60,5000,left,0,WRIST,0.5919477,0.607271,1.4771588e-07,0.035895318,-0.016927904,0.08791308,0.9992930889129639
60,5000,left,1,THUMB_CMC,0.5711302,0.60671234,-0.004590191,0.00501155,-0.017736915,0.06483202,0.9992930889129639
60,5000,left,2,THUMB_MCP,0.5502766,0.612995,-0.011324856,-0.014017222,-0.007458002,0.04039433,0.9992930889129639
60,5000,left,3,THUMB_IP,0.53657144,0.62119555,-0.016267102,-0.022280127,0.0070750853,0.007834129,0.9992930889129639
60,5000,left,4,THUMB_TIP,0.52977896,0.62937385,-0.021965267,-0.032802887,0.024028214,-0.01996468,0.9992930889129639
60,5000,left,5,INDEX_FINGER_MCP,0.55917746,0.6104792,-0.028284706,-0.012168802,-0.010710708,-0.0012670308,0.9992930889129639
60,5000,left,6,INDEX_FINGER_PIP,0.53830856,0.6251208,-0.03833226,-0.03038908,0.010067049,-0.009814054,0.9992930889129639
60,5000,left,7,INDEX_FINGER_DIP,0.5278271,0.63364357,-0.04168724,-0.041325033,0.027246311,0.008603469,0.9992930889129639
60,5000,left,8,INDEX_FINGER_TIP,0.52215654,0.63919204,-0.042207442,-0.04337993,0.041897126,0.032488912,0.9992930889129639
60,5000,left,9,MIDDLE_FINGER_MCP,0.5743551,0.6149497,-0.029376466,-0.0014873357,-0.0017466489,-0.0021535307,0.9992930889129639
60,5000,left,10,MIDDLE_FINGER_PIP,0.5500843,0.6303236,-0.038173296,-0.021770872,0.021786418,-0.007712461,0.9992930889129639
60,5000,left,11,MIDDLE_FINGER_DIP,0.53790253,0.6391417,-0.038680714,-0.0288121,0.04402389,0.0089776665,0.9992930889129639
60,5000,left,12,MIDDLE_FINGER_TIP,0.53149986,0.64427865,-0.038364314,-0.037887115,0.057400182,0.04073976,0.9992930889129639
60,5000,left,13,RING_FINGER_MCP,0.58652526,0.62004644,-0.029385995,0.00816849,0.008097915,-0.00031530857,0.9992930889129639
60,5000,left,14,RING_FINGER_PIP,0.56286377,0.63355637,-0.034955278,-0.0073669925,0.02606187,0.0004381463,0.9992930889129639
60,5000,left,15,RING_FINGER_DIP,0.5503777,0.6411762,-0.033068784,-0.017520612,0.04433567,0.019106116,0.9992930889129639
60,5000,left,16,RING_FINGER_TIP,0.5432778,0.6458605,-0.03125308,-0.027529243,0.056746326,0.04540149,0.9992930889129639
60,5000,left,17,PINKY_MCP,0.59554654,0.62485987,-0.029193383,0.022831425,0.018991388,0.013193719,0.9992930889129639
60,5000,left,18,PINKY_PIP,0.5743514,0.6351112,-0.032823995,0.007342954,0.02856689,0.012801155,0.9992930889129639
60,5000,left,19,PINKY_DIP,0.56351846,0.6400931,-0.030801151,-0.004346501,0.04282946,0.025194958,0.9992930889129639
60,5000,left,20,PINKY_TIP,0.55783254,0.6438526,-0.028671337,-0.011782235,0.04982072,0.044332027,0.9992930889129639
60,5000,right,0,WRIST,0.51339144,0.36448666,1.4643521e-07,-0.013625221,0.07749777,0.02548933,0.9613890647888184
60,5000,right,1,THUMB_CMC,0.527799,0.3539752,0.0026788197,-0.003201648,0.04983003,0.035683587,0.9613890647888184
60,5000,right,2,THUMB_MCP,0.5379112,0.34318578,-9.6726064e-05,0.015689317,0.02823771,0.048710153,0.9613890647888184
60,5000,right,3,THUMB_IP,0.5482991,0.3354466,-0.0046667964,0.026754107,0.0077701844,0.058189586,0.9613890647888184
60,5000,right,4,THUMB_TIP,0.55644536,0.3295877,-0.008920729,0.03542503,-0.0059862407,0.0687931,0.9613890647888184
60,5000,right,5,INDEX_FINGER_MCP,0.5188254,0.32803825,-0.0020257712,-0.008008798,-0.008812336,0.020830467,0.9613890647888184
60,5000,right,6,INDEX_FINGER_PIP,0.5447371,0.32026422,-0.010781891,0.02498756,-0.020460362,0.021785185,0.9613890647888184
60,5000,right,7,INDEX_FINGER_DIP,0.56429845,0.31852302,-0.017687233,0.04638512,-0.027415145,0.026629474,0.9613890647888184
60,5000,right,8,INDEX_FINGER_TIP,0.579311,0.31894127,-0.021818727,0.070910044,-0.02146136,0.02363339,0.9613890647888184
60,5000,right,9,MIDDLE_FINGER_MCP,0.51857626,0.3300966,-0.008085315,-0.0057400563,-0.0044638044,0.004969947,0.9613890647888184
60,5000,right,10,MIDDLE_FINGER_PIP,0.5501549,0.32169667,-0.015427518,0.02852208,-0.019854767,0.0005774498,0.9613890647888184
60,5000,right,11,MIDDLE_FINGER_DIP,0.5708446,0.320031,-0.01962521,0.054562964,-0.021975767,0.0063747764,0.9613890647888184
60,5000,right,12,MIDDLE_FINGER_TIP,0.58673316,0.3206121,-0.022148063,0.0739275,-0.02275113,0.015581727,0.9613890647888184
60,5000,right,13,RING_FINGER_MCP,0.5218448,0.33412674,-0.01429272,0.003885875,0.005284163,-0.013974197,0.9613890647888184
60,5000,right,14,RING_FINGER_PIP,0.5528278,0.32678762,-0.020037578,0.032424573,-0.0042326897,-0.01581502,0.9613890647888184
60,5000,right,15,RING_FINGER_DIP,0.57210803,0.32448238,-0.02160638,0.057257783,-0.010963701,-0.009754419,0.9613890647888184
60,5000,right,16,RING_FINGER_TIP,0.5867917,0.32400873,-0.022288682,0.07632269,-0.012100285,0.0013067238,0.9613890647888184
60,5000,right,17,PINKY_MCP,0.5288871,0.339923,-0.020582572,0.008738506,0.023715837,-0.025455013,0.9613890647888184
60,5000,right,18,PINKY_PIP,0.55326986,0.33441058,-0.023960683,0.032444015,0.014902964,-0.022804782,0.9613890647888184
60,5000,right,19,PINKY_DIP,0.5674828,0.33220878,-0.023746818,0.0520479,0.0071351533,-0.018913478,0.9613890647888184
60,5000,right,20,PINKY_TIP,0.5794891,0.33127287,-0.023126796,0.06876981,0.004554363,-0.012649,0.9613890647888184
61,5083,left,0,WRIST,0.5917302,0.60773945,1.488395e-07,0.03601546,-0.016150966,0.08806051,0.9992903470993042
61,5083,left,1,THUMB_CMC,0.57066387,0.607339,-0.004722327,0.0045355866,-0.016423345,0.06443602,0.9992903470993042
61,5083,left,2,THUMB_MCP,0.5498411,0.61368704,-0.011307197,-0.013951868,-0.005931719,0.040585496,0.9992903470993042
61,5083,left,3,THUMB_IP,0.53575367,0.6219496,-0.016032822,-0.023008727,0.008428862,0.009174421,0.9992903470993042
61,5083,left,4,THUMB_TIP,0.5285104,0.63014835,-0.02146877,-0.03485169,0.025493674,-0.018380836,0.9992903470993042
61,5083,left,5,INDEX_FINGER_MCP,0.55896074,0.6107323,-0.028068522,-0.011946204,-0.009804222,-0.0018259585,0.9992903470993042
61,5083,left,6,INDEX_FINGER_PIP,0.5380665,0.6252001,-0.037952073,-0.03006905,0.010057887,-0.01030907,0.9992903470993042
61,5083,left,7,INDEX_FINGER_DIP,0.527814,0.6336315,-0.041145142,-0.04107736,0.02674712,0.007700354,0.9992903470993042
61,5083,left,8,INDEX_FINGER_TIP,0.522272,0.63912165,-0.04156948,-0.04262099,0.04129554,0.031983424,0.9992903470993042
61,5083,left,9,MIDDLE_FINGER_MCP,0.5742391,0.6152075,-0.028955199,-0.0013984871,-0.0018645114,-0.0024190918,0.9992903470993042
61,5083,left,10,MIDDLE_FINGER_PIP,0.55021924,0.6304069,-0.037541844,-0.021142993,0.0211549,-0.007551737,0.9992903470993042
61,5083,left,11,MIDDLE_FINGER_DIP,0.5383801,0.6390644,-0.03785292,-0.028004024,0.042830594,0.008621499,0.9992903470993042
61,5083,left,12,MIDDLE_FINGER_TIP,0.5322141,0.6439504,-0.037453942,-0.036497593,0.056118637,0.039512955,0.9992903470993042
61,5083,left,13,RING_FINGER_MCP,0.58643025,0.62028944,-0.02880647,0.0081674615,0.007552537,-0.00011461228,0.9992903470993042
61,5083,left,14,RING_FINGER_PIP,0.5629357,0.6335952,-0.034280587,-0.0066682072,0.026276,0.00048099458,0.9992903470993042
61,5083,left,15,RING_FINGER_DIP,0.5507315,0.64103204,-0.032283336,-0.016787473,0.04323926,0.018883325,0.9992903470993042
61,5083,left,16,RING_FINGER_TIP,0.54380554,0.64546764,-0.030430485,-0.02634611,0.055063333,0.044988327,0.9992903470993042
61,5083,left,17,PINKY_MCP,0.5954113,0.6251333,-0.028482176,0.022531442,0.018694064,0.01330775,0.9992903470993042
61,5083,left,18,PINKY_PIP,0.5745967,0.6351604,-0.032127105,0.007024565,0.02831109,0.013391834,0.9992903470993042
61,5083,left,19,PINKY_DIP,0.56380033,0.6400338,-0.030200936,-0.004061613,0.042719375,0.025864862,0.9992903470993042
61,5083,left,20,PINKY_TIP,0.55799466,0.6436704,-0.028161429,-0.011507602,0.049203675,0.044550717,0.9992903470993042
61,5083,right,0,WRIST,0.5114939,0.37014738,1.3242332e-07,-0.028696049,0.07502285,0.032862723,0.9645224213600159
61,5083,right,1,THUMB_CMC,0.521136,0.3583934,0.0033843792,-0.017620513,0.045377083,0.04089415,0.9645224213600159
61,5083,right,2,THUMB_MCP,0.5315093,0.3462956,0.0008450186,-0.0018861691,0.019774554,0.051348686,0.9645224213600159
61,5083,right,3,THUMB_IP,0.5420277,0.3384773,-0.0034077775,0.008844606,9.1565365e-05,0.056504704,0.9645224213600159
61,5083,right,4,THUMB_TIP,0.5510058,0.33326375,-0.0076911636,0.015712932,-0.01391647,0.055362985,0.9645224213600159
61,5083,right,5,INDEX_FINGER_MCP,0.5269048,0.33510154,-0.003907242,-0.008125699,-0.01165855,0.018962972,0.9645224213600159
61,5083,right,6,INDEX_FINGER_PIP,0.55109215,0.32669535,-0.012530536,0.019532384,-0.021885332,0.016472578,0.9645224213600159
61,5083,right,7,INDEX_FINGER_DIP,0.5692513,0.32387555,-0.018662147,0.04253174,-0.02854288,0.021398127,0.9645224213600159
61,5083,right,8,INDEX_FINGER_TIP,0.583579,0.32332936,-0.022415265,0.063785315,-0.031389683,0.022887573,0.9645224213600159
61,5083,right,9,MIDDLE_FINGER_MCP,0.52847314,0.33758345,-0.010265102,-0.003642858,-0.003906474,0.00436775,0.9645224213600159
61,5083,right,10,MIDDLE_FINGER_PIP,0.55859244,0.3297226,-0.018038208,0.028870748,-0.017982988,-0.0017418191,0.9645224213600159
61,5083,right,11,MIDDLE_FINGER_DIP,0.5791507,0.32861245,-0.02219307,0.05197294,-0.020315047,0.0024543852,0.9645224213600159
61,5083,right,12,MIDDLE_FINGER_TIP,0.59438986,0.3294535,-0.024657056,0.07205467,-0.022288114,0.016553983,0.9645224213600159
61,5083,right,13,RING_FINGER_MCP,0.5324753,0.34222722,-0.016478054,0.0044283844,0.0053595346,-0.011722624,0.9645224213600159
61,5083,right,14,RING_FINGER_PIP,0.5630792,0.33551118,-0.022754932,0.03479471,-0.0009848538,-0.014397994,0.9645224213600159
61,5083,right,15,RING_FINGER_DIP,0.5823192,0.33430955,-0.024221074,0.05843675,-0.006065821,-0.008488029,0.9645224213600159
61,5083,right,16,RING_FINGER_TIP,0.5961846,0.33448386,-0.024857184,0.075322405,-0.006291035,0.0026516318,0.9645224213600159
61,5083,right,17,PINKY_MCP,0.53856385,0.34908736,-0.022590544,0.006519585,0.026733605,-0.0199106,0.9645224213600159
61,5083,right,18,PINKY_PIP,0.56316155,0.34511432,-0.026312826,0.031997293,0.021696007,-0.018756174,0.9645224213600159
61,5083,right,19,PINKY_DIP,0.5776655,0.34362862,-0.026244283,0.05155591,0.014275936,-0.0149526,0.9645224213600159
61,5083,right,20,PINKY_TIP,0.58918357,0.34294635,-0.025784025,0.06473374,0.012345055,-0.008657426,0.9645224213600159
62,5167,left,0,WRIST,0.5916702,0.60733473,1.4319318e-07,0.036460567,-0.0174126,0.08802116,0.9993201494216919
62,5167,left,1,THUMB_CMC,0.57076126,0.6068711,-0.0046288716,0.0047279373,-0.0181068,0.064986125,0.9993201494216919
62,5167,left,2,THUMB_MCP,0.5499499,0.61336374,-0.011225208,-0.01463698,-0.0072777923,0.041133344,0.9993201494216919
62,5167,left,3,THUMB_IP,0.53613377,0.6218218,-0.01597261,-0.023346582,0.007677945,0.0092014,0.9993201494216919
62,5167,left,4,THUMB_TIP,0.5288666,0.6300533,-0.02142406,-0.035035763,0.025156593,-0.01813133,0.9993201494216919
62,5167,left,5,INDEX_FINGER_MCP,0.558728,0.6105811,-0.0281216,-0.012873262,-0.010666898,-0.0013354272,0.9993201494216919
62,5167,left,6,INDEX_FINGER_PIP,0.53800374,0.62508285,-0.037998497,-0.031241255,0.009850795,-0.010130078,0.9993201494216919
62,5167,left,7,INDEX_FINGER_DIP,0.5278406,0.6333733,-0.041179664,-0.04193711,0.026875153,0.008796148,0.9993201494216919
62,5167,left,8,INDEX_FINGER_TIP,0.5222872,0.6386935,-0.041601144,-0.043488264,0.040641874,0.032865863,0.9993201494216919
62,5167,left,9,MIDDLE_FINGER_MCP,0.5738991,0.6150176,-0.029034428,-0.0016280469,-0.0018045426,-0.0023169369,0.9993201494216919
62,5167,left,10,MIDDLE_FINGER_PIP,0.5499876,0.6303983,-0.03754287,-0.022127366,0.02161098,-0.0072109103,0.9993201494216919
62,5167,left,11,MIDDLE_FINGER_DIP,0.5382397,0.63885486,-0.037757345,-0.02943207,0.043124657,0.009486057,0.9993201494216919
62,5167,left,12,MIDDLE_FINGER_TIP,0.53209144,0.6435793,-0.037291218,-0.037380297,0.055412542,0.0405517,0.9993201494216919
62,5167,left,13,RING_FINGER_MCP,0.58609295,0.6201292,-0.028894147,0.008664073,0.00845066,-0.0003322065,0.9993201494216919
62,5167,left,14,RING_FINGER_PIP,0.5626201,0.63358307,-0.034304406,-0.0072005335,0.027240437,0.00087578595,0.9993201494216919
62,5167,left,15,RING_FINGER_DIP,0.5504975,0.6409499,-0.032136872,-0.017776454,0.043913513,0.019412965,0.9993201494216919
62,5167,left,16,RING_FINGER_TIP,0.5436425,0.645375,-0.030148515,-0.026751855,0.055697083,0.04568756,0.9993201494216919
62,5167,left,17,PINKY_MCP,0.59521025,0.6249774,-0.0285572,0.023871452,0.019672511,0.013374139,0.9993201494216919
62,5167,left,18,PINKY_PIP,0.57428634,0.6351983,-0.032091636,0.007431145,0.029561963,0.013192613,0.9993201494216919
62,5167,left,19,PINKY_DIP,0.56362844,0.64006406,-0.029964708,-0.004207503,0.043468826,0.026128888,0.9993201494216919
62,5167,left,20,PINKY_TIP,0.55808556,0.643712,-0.02777191,-0.010945525,0.050065696,0.045280993,0.9993201494216919
62,5167,right,0,WRIST,0.51737034,0.37796673,1.4165732e-07,-0.040196694,0.06436417,0.05194407,0.9778411388397217
62,5167,right,1,THUMB_CMC,0.52557224,0.36497733,0.0012877,-0.024448998,0.032094043,0.054087013,0.9778411388397217
62,5167,right,2,THUMB_MCP,0.53951335,0.3528562,-0.0027898734,-0.006052688,0.008205888,0.05298893,0.9778411388397217
62,5167,right,3,THUMB_IP,0.5555669,0.3457691,-0.00816711,0.010953247,-0.006845735,0.04071392,0.9778411388397217
62,5167,right,4,THUMB_TIP,0.57044774,0.3427981,-0.013431047,0.027191631,-0.016714389,0.01915735,0.9778411388397217
62,5167,right,5,INDEX_FINGER_MCP,0.5381219,0.34390768,-0.008755939,-0.0070780665,-0.015820973,0.016237535,0.9778411388397217
62,5167,right,6,INDEX_FINGER_PIP,0.5636397,0.33536163,-0.018619971,0.01931937,-0.026907198,0.012087226,0.9778411388397217
62,5167,right,7,INDEX_FINGER_DIP,0.58237684,0.33398753,-0.025139777,0.041417196,-0.03114139,0.019745193,0.9778411388397217
62,5167,right,8,INDEX_FINGER_TIP,0.59700525,0.3348306,-0.028999439,0.062638745,-0.028191715,0.026708052,0.9778411388397217
62,5167,right,9,MIDDLE_FINGER_MCP,0.5392127,0.34802863,-0.014530617,-0.0038318394,-0.0046349918,0.0021522604,0.9778411388397217
62,5167,right,10,MIDDLE_FINGER_PIP,0.57064706,0.34172115,-0.02313078,0.02979879,-0.015484414,-0.002709262,0.9778411388397217
62,5167,right,11,MIDDLE_FINGER_DIP,0.5915282,0.34167382,-0.027225379,0.05028589,-0.017345712,0.0020328313,0.9778411388397217
62,5167,right,12,MIDDLE_FINGER_TIP,0.6073484,0.34336448,-0.029763082,0.07192592,-0.017203735,0.022278279,0.9778411388397217
62,5167,right,13,RING_FINGER_MCP,0.54304564,0.35439178,-0.020151846,0.0058290754,0.00828922,-0.010444671,0.9778411388397217
62,5167,right,14,RING_FINGER_PIP,0.5743797,0.3494161,-0.026892142,0.033703037,0.0026554223,-0.012391701,0.9778411388397217
62,5167,right,15,RING_FINGER_DIP,0.594107,0.34898275,-0.028499458,0.056986585,0.00064554065,-0.0040807202,0.9778411388397217
62,5167,right,16,RING_FINGER_TIP,0.6087985,0.35006952,-0.029338738,0.073214725,0.0011906493,0.009721056,0.9778411388397217
62,5167,right,17,PINKY_MCP,0.54858154,0.362319,-0.025848268,0.0053989454,0.02836654,-0.013681196,0.9778411388397217
62,5167,right,18,PINKY_PIP,0.57422894,0.35937974,-0.029978609,0.031507738,0.024702538,-0.010952339,0.9778411388397217
62,5167,right,19,PINKY_DIP,0.589874,0.3586655,-0.030142592,0.05158413,0.021669863,-0.004559338,0.9778411388397217
62,5167,right,20,PINKY_TIP,0.6028814,0.35881913,-0.029866476,0.06812689,0.021099757,-0.00073102117,0.9778411388397217
63,5250,left,0,WRIST,0.59143096,0.6076303,1.4866725e-07,0.03547761,-0.01611585,0.08890553,0.9993175268173218
63,5250,left,1,THUMB_CMC,0.5702464,0.6072783,-0.0045780307,0.004545985,-0.01623239,0.0654522,0.9993175268173218
63,5250,left,2,THUMB_MCP,0.5494725,0.613772,-0.011194888,-0.01402777,-0.0058584115,0.041309983,0.9993175268173218
63,5250,left,3,THUMB_IP,0.53541636,0.62210405,-0.015971681,-0.02270063,0.008724188,0.009417109,0.9993175268173218
63,5250,left,4,THUMB_TIP,0.5276732,0.6302762,-0.021485243,-0.034850545,0.02503799,-0.018342212,0.9993175268173218
63,5250,left,5,INDEX_FINGER_MCP,0.5585781,0.6107942,-0.028325146,-0.011886403,-0.009653609,-0.001445502,0.9993175268173218
63,5250,left,6,INDEX_FINGER_PIP,0.53781426,0.62535536,-0.03842632,-0.030105479,0.010158538,-0.0101597905,0.9993175268173218
63,5250,left,7,INDEX_FINGER_DIP,0.5275084,0.6338374,-0.04172926,-0.04080537,0.027008645,0.0083672255,0.9993175268173218
63,5250,left,8,INDEX_FINGER_TIP,0.5220058,0.63921845,-0.04214707,-0.04221084,0.04127694,0.032295495,0.9993175268173218
63,5250,left,9,MIDDLE_FINGER_MCP,0.57377344,0.6151685,-0.029318726,-0.0014048353,-0.001823475,-0.002244547,0.9993175268173218
63,5250,left,10,MIDDLE_FINGER_PIP,0.5497075,0.6304589,-0.03810243,-0.021142406,0.020893559,-0.008009903,0.9993175268173218
63,5250,left,11,MIDDLE_FINGER_DIP,0.53769755,0.6392054,-0.038438432,-0.028439825,0.04298503,0.008397996,0.9993175268173218
63,5250,left,12,MIDDLE_FINGER_TIP,0.53149813,0.6440707,-0.038003758,-0.036909375,0.055902947,0.039991904,0.9993175268173218
63,5250,left,13,RING_FINGER_MCP,0.58603114,0.6201682,-0.029260712,0.008150329,0.0075527467,-0.00038681924,0.9993175268173218
63,5250,left,14,RING_FINGER_PIP,0.56248903,0.63357145,-0.034899063,-0.006956418,0.025617748,0.00019638985,0.9993175268173218
63,5250,left,15,RING_FINGER_DIP,0.550153,0.6411555,-0.033002388,-0.016924635,0.043093376,0.018018618,0.9993175268173218
63,5250,left,16,RING_FINGER_TIP,0.54323006,0.64564776,-0.031153591,-0.026579753,0.05484189,0.044676606,0.9993175268173218
63,5250,left,17,PINKY_MCP,0.5951854,0.6249016,-0.028992822,0.022474945,0.018214775,0.012833908,0.9993175268173218
63,5250,left,18,PINKY_PIP,0.5741858,0.6350835,-0.03276188,0.007233358,0.028176604,0.012898326,0.9993175268173218
63,5250,left,19,PINKY_DIP,0.56336546,0.6400964,-0.0308806,-0.0038719662,0.042345535,0.025257833,0.9993175268173218
63,5250,left,20,PINKY_TIP,0.557711,0.6437918,-0.028820729,-0.010684064,0.048927534,0.044690996,0.9993175268173218
63,5250,right,0,WRIST,0.5175439,0.38551718,1.2248864e-07,-0.05608422,0.05384236,0.05232966,0.6993570923805237
63,5250,right,1,THUMB_CMC,0.52941877,0.37294033,0.0006455506,-0.038863637,0.022927988,0.046506867,0.6993570923805237
63,5250,right,2,THUMB_MCP,0.5459806,0.36089957,-0.0021994277,-0.016743843,-0.00096032256,0.043061495,0.6993570923805237
63,5250,right,3,THUMB_IP,0.56142604,0.35330352,-0.0061390866,0.0036712294,-0.019481529,0.02509471,0.6993570923805237
63,5250,right,4,THUMB_TIP,0.5751575,0.34915835,-0.010170249,0.020237045,-0.03164972,0.0071603656,0.6993570923805237
63,5250,right,5,INDEX_FINGER_MCP,0.5508093,0.3545073,-0.007906774,-0.005290132,-0.02276624,0.012359142,0.6993570923805237
63,5250,right,6,INDEX_FINGER_PIP,0.57623744,0.34659633,-0.016080566,0.023158472,-0.030892326,0.0056232363,0.6993570923805237
63,5250,right,7,INDEX_FINGER_DIP,0.5917042,0.34509996,-0.021043003,0.041863583,-0.036230434,0.009401195,0.6993570923805237
63,5250,right,8,INDEX_FINGER_TIP,0.60413605,0.34533566,-0.024036279,0.0600345,-0.037515435,0.00021411479,0.6993570923805237
63,5250,right,9,MIDDLE_FINGER_MCP,0.5529189,0.359969,-0.012843128,-0.0014277803,-0.005885074,0.0013173893,0.6993570923805237
63,5250,right,10,MIDDLE_FINGER_PIP,0.58526736,0.3557688,-0.021258563,0.034616318,-0.013911265,-0.0050950944,0.6993570923805237
63,5250,right,11,MIDDLE_FINGER_DIP,0.6054545,0.35652483,-0.025016176,0.058084078,-0.0133861825,-0.005053729,0.6993570923805237
63,5250,right,12,MIDDLE_FINGER_TIP,0.62112874,0.35843146,-0.027206691,0.0775169,-0.013311487,0.006435916,0.6993570923805237
63,5250,right,13,RING_FINGER_MCP,0.5554546,0.36698347,-0.01767764,0.0033273995,0.01256776,-0.007347375,0.6993570923805237
63,5250,right,14,RING_FINGER_PIP,0.5878787,0.3638383,-0.025063498,0.03763686,0.0077455044,-0.012282297,0.6993570923805237
63,5250,right,15,RING_FINGER_DIP,0.60649544,0.3638178,-0.026781859,0.058085643,0.00727129,-0.010316335,0.6993570923805237
63,5250,right,16,RING_FINGER_TIP,0.62018466,0.36475518,-0.027335314,0.07409571,0.0078770295,-0.0012378022,0.6993570923805237
63,5250,right,17,PINKY_MCP,0.5581456,0.37521368,-0.02245545,0.0017485442,0.034537125,-0.009541191,0.6993570923805237
63,5250,right,18,PINKY_PIP,0.5843506,0.37326798,-0.027720725,0.027310446,0.030703258,-0.007980362,0.6993570923805237
63,5250,right,19,PINKY_DIP,0.6010323,0.37271205,-0.028282726,0.05157465,0.026862236,-0.006002307,0.6993570923805237
63,5250,right,20,PINKY_TIP,0.614697,0.3731157,-0.0279909,0.06743166,0.027727835,-0.004673153,0.6993570923805237
64,5333,left,0,WRIST,0.5913051,0.60766625,1.3434943e-07,0.036664765,-0.01680271,0.08852062,0.9992416501045227
64,5333,left,1,THUMB_CMC,0.57002544,0.60737056,-0.004174922,0.004538513,-0.017617842,0.06584126,0.9992416501045227
64,5333,left,2,THUMB_MCP,0.5490959,0.6140702,-0.010440936,-0.015369602,-0.0065041804,0.04248175,0.9992416501045227
64,5333,left,3,THUMB_IP,0.535172,0.6226265,-0.015052838,-0.025137194,0.009616802,0.010660104,0.9992416501045227
64,5333,left,4,THUMB_TIP,0.5274818,0.63093686,-0.020360945,-0.037266094,0.027076304,-0.016390473,0.9992416501045227
64,5333,left,5,INDEX_FINGER_MCP,0.5580578,0.61046827,-0.026941707,-0.013347916,-0.010723634,-0.0014843792,0.9992416501045227
64,5333,left,6,INDEX_FINGER_PIP,0.537419,0.62490594,-0.036878422,-0.032625016,0.0100100655,-0.009550199,0.9992416501045227
64,5333,left,7,INDEX_FINGER_DIP,0.52802974,0.63327426,-0.04016916,-0.04281247,0.026959866,0.010168403,0.9992416501045227
64,5333,left,8,INDEX_FINGER_TIP,0.5235007,0.63845223,-0.04057772,-0.042232115,0.040651478,0.03411479,0.9992416501045227
64,5333,left,9,MIDDLE_FINGER_MCP,0.5733319,0.61481494,-0.028113358,-0.0015724401,-0.002064723,-0.0023994409,0.9992416501045227
64,5333,left,10,MIDDLE_FINGER_PIP,0.5496793,0.63019526,-0.036657818,-0.022397416,0.022300756,-0.0071869716,0.9992416501045227
64,5333,left,11,MIDDLE_FINGER_DIP,0.53819007,0.6386783,-0.037027072,-0.02961865,0.043656647,0.01042898,0.9992416501045227
64,5333,left,12,MIDDLE_FINGER_TIP,0.53211164,0.6434409,-0.036684856,-0.037982866,0.055841208,0.041568663,0.9992416501045227
64,5333,left,13,RING_FINGER_MCP,0.5856108,0.61997306,-0.028302893,0.009284727,0.008634556,-0.00061526895,0.9992416501045227
64,5333,left,14,RING_FINGER_PIP,0.5621163,0.6334992,-0.033918202,-0.0072295647,0.027684046,0.0008558631,0.9992416501045227
64,5333,left,15,RING_FINGER_DIP,0.5501292,0.64079636,-0.031836364,-0.01743196,0.04447236,0.019634228,0.9992416501045227
64,5333,left,16,RING_FINGER_TIP,0.54327846,0.6452055,-0.029845133,-0.027195722,0.05577487,0.046331618,0.9992416501045227
64,5333,left,17,PINKY_MCP,0.594775,0.62493473,-0.028264007,0.024591936,0.020041246,0.012507755,0.9992416501045227
64,5333,left,18,PINKY_PIP,0.5734192,0.6351995,-0.031959463,0.007239351,0.031026,0.012589943,0.9992416501045227
64,5333,left,19,PINKY_DIP,0.5627744,0.6400484,-0.029855173,-0.0038558058,0.04483477,0.025905058,0.9992416501045227
64,5333,left,20,PINKY_TIP,0.557378,0.643643,-0.02765636,-0.010128878,0.050790027,0.04596527,0.9992416501045227
64,5333,right,0,WRIST,0.5354881,0.40258327,1.4949231e-07,-0.05343258,0.058474988,0.04783597,0.9783433079719543
64,5333,right,1,THUMB_CMC,0.54455096,0.39002955,0.0011144246,-0.038626794,0.027201248,0.051254302,0.9783433079719543
64,5333,right,2,THUMB_MCP,0.561603,0.37885252,-0.002506365,-0.014414737,0.0045832032,0.052509785,0.9783433079719543
64,5333,right,3,THUMB_IP,0.57960814,0.37345302,-0.0074363276,0.005023218,-0.009539651,0.039124124,0.9783433079719543
64,5333,right,4,THUMB_TIP,0.59588385,0.37197596,-0.012388204,0.02297274,-0.015942564,0.023719236,0.9783433079719543
64,5333,right,5,INDEX_FINGER_MCP,0.5672585,0.3702588,-0.009354863,-0.0057286276,-0.021311013,0.014204964,0.9783433079719543
64,5333,right,6,INDEX_FINGER_PIP,0.59694916,0.36298692,-0.018778998,0.02576306,-0.028187055,0.01178503,0.9783433079719543
64,5333,right,7,INDEX_FINGER_DIP,0.6164005,0.36236656,-0.02438941,0.047334418,-0.030629322,0.01870345,0.9783433079719543
64,5333,right,8,INDEX_FINGER_TIP,0.6307466,0.3633136,-0.027564378,0.07211814,-0.02939169,0.020235717,0.9783433079719543
64,5333,right,9,MIDDLE_FINGER_MCP,0.56953084,0.37518525,-0.015233679,-0.0012570876,-0.006690508,0.0015956201,0.9783433079719543
64,5333,right,10,MIDDLE_FINGER_PIP,0.60328233,0.36940393,-0.022813907,0.034193326,-0.01669899,-0.004384637,0.9783433079719543
64,5333,right,11,MIDDLE_FINGER_DIP,0.62355465,0.3700903,-0.026192272,0.055543575,-0.016177977,0.0044203103,0.9783433079719543
64,5333,right,12,MIDDLE_FINGER_TIP,0.63875866,0.37216225,-0.02829698,0.0773189,-0.015413001,0.021580637,0.9783433079719543
64,5333,right,13,RING_FINGER_MCP,0.57243526,0.38255748,-0.020969177,0.0035687494,0.013499381,-0.009270616,0.9783433079719543
64,5333,right,14,RING_FINGER_PIP,0.60430723,0.3782367,-0.026759543,0.036647078,0.00463783,-0.011466488,0.9783433079719543
64,5333,right,15,RING_FINGER_DIP,0.62395835,0.3791185,-0.027838744,0.057797685,0.004063297,-0.0038813278,0.9783433079719543
64,5333,right,16,RING_FINGER_TIP,0.63894224,0.38107142,-0.028512059,0.07900272,0.0066362433,0.0106593445,0.9783433079719543
64,5333,right,17,PINKY_MCP,0.5751403,0.39161798,-0.026709553,0.00096270256,0.035211295,-0.010606881,0.9783433079719543
64,5333,right,18,PINKY_PIP,0.59968376,0.38969305,-0.029950399,0.025817087,0.030026939,-0.008088417,0.9783433079719543
64,5333,right,19,PINKY_DIP,0.6157821,0.39037868,-0.029155387,0.047999695,0.030506559,-0.0031655282,0.9783433079719543
64,5333,right,20,PINKY_TIP,0.6288393,0.3918187,-0.028290715,0.06482543,0.031228475,0.005410433,0.9783433079719543
65,5417,left,0,WRIST,0.590603,0.60823894,1.2995724e-07,0.03528577,-0.0148181915,0.08938219,0.9993040561676025
65,5417,left,1,THUMB_CMC,0.5695422,0.6080545,-0.0043250863,0.00475178,-0.014787862,0.06628159,0.9993040561676025
65,5417,left,2,THUMB_MCP,0.5484184,0.61468273,-0.010622417,-0.014456859,-0.0047386275,0.04265909,0.9993040561676025
65,5417,left,3,THUMB_IP,0.5338079,0.6230069,-0.015189227,-0.023994299,0.010558583,0.0109677985,0.9993040561676025
65,5417,left,4,THUMB_TIP,0.52557087,0.6311119,-0.020552335,-0.037550006,0.027003141,-0.015384436,0.9993040561676025
65,5417,left,5,INDEX_FINGER_MCP,0.55723405,0.6108622,-0.027335111,-0.011626093,-0.010670161,-0.0018511266,0.9993040561676025
65,5417,left,6,INDEX_FINGER_PIP,0.5366373,0.62495345,-0.037030358,-0.03131181,0.008963897,-0.009682909,0.9993040561676025
65,5417,left,7,INDEX_FINGER_DIP,0.5270486,0.63338333,-0.040274017,-0.0425423,0.025935235,0.0090691745,0.9993040561676025
65,5417,left,8,INDEX_FINGER_TIP,0.5220616,0.6388477,-0.04082257,-0.0425285,0.040151093,0.032860987,0.9993040561676025
65,5417,left,9,MIDDLE_FINGER_MCP,0.5725671,0.61521715,-0.028523354,-0.0014353106,-0.0018729233,-0.0020743236,0.9993040561676025
65,5417,left,10,MIDDLE_FINGER_PIP,0.5487911,0.63013124,-0.037051864,-0.022641392,0.020377679,-0.0076346844,0.9993040561676025
65,5417,left,11,MIDDLE_FINGER_DIP,0.537414,0.6386757,-0.037543494,-0.0297416,0.04238587,0.0095099285,0.9993040561676025
65,5417,left,12,MIDDLE_FINGER_TIP,0.53151685,0.64365876,-0.037373144,-0.037170116,0.05578909,0.038685463,0.9993040561676025
65,5417,left,13,RING_FINGER_MCP,0.58501166,0.6203919,-0.028659526,0.007919193,0.008127172,-0.00043044984,0.9993040561676025
65,5417,left,14,RING_FINGER_PIP,0.56107503,0.6335574,-0.034469847,-0.008364756,0.025850499,-9.7982585e-05,0.9993040561676025
65,5417,left,15,RING_FINGER_DIP,0.54905814,0.64078647,-0.03256751,-0.019217566,0.043562513,0.01802396,0.9993040561676025
65,5417,left,16,RING_FINGER_TIP,0.5425308,0.64527684,-0.03075023,-0.027569335,0.05538106,0.045365945,0.9993040561676025
65,5417,left,17,PINKY_MCP,0.5943096,0.6253765,-0.028554207,0.02190616,0.019779768,0.012869796,0.9993040561676025
65,5417,left,18,PINKY_PIP,0.5723871,0.6351363,-0.032687306,0.0050911615,0.028897092,0.013035305,0.9993040561676025
65,5417,left,19,PINKY_DIP,0.56178755,0.63976085,-0.030762065,-0.0058240388,0.04222849,0.02471418,0.9993040561676025
65,5417,left,20,PINKY_TIP,0.55671746,0.6433458,-0.028675871,-0.0114625,0.048715755,0.045147166,0.9993040561676025
65,5417,right,0,WRIST,0.55694675,0.41882575,1.4511262e-07,-0.05463118,0.05495323,0.05114449,0.926569938659668
65,5417,right,1,THUMB_CMC,0.5681756,0.40569368,0.0018885733,-0.037645116,0.023511315,0.05369708,0.926569938659668
65,5417,right,2,THUMB_MCP,0.58619004,0.395516,-0.001098355,-0.012564281,0.0039356146,0.05132307,0.926569938659668
65,5417,right,3,THUMB_IP,0.6044906,0.39093876,-0.0056693223,0.008099687,-0.0076189917,0.033719353,0.926569938659668
65,5417,right,4,THUMB_TIP,0.6204582,0.3901539,-0.010474501,0.025699764,-0.011669897,0.017831266,0.926569938659668
65,5417,right,5,INDEX_FINGER_MCP,0.5914516,0.38708863,-0.0068044737,-0.0033426983,-0.019185424,0.013188764,0.926569938659668
65,5417,right,6,INDEX_FINGER_PIP,0.6203817,0.38069296,-0.016045032,0.02684215,-0.025795404,0.01059702,0.926569938659668
65,5417,right,7,INDEX_FINGER_DIP,0.64027727,0.38000357,-0.022147384,0.049198575,-0.028766882,0.015841126,0.926569938659668
65,5417,right,8,INDEX_FINGER_TIP,0.6551917,0.3811071,-0.025643999,0.07253012,-0.028041512,0.024206176,0.926569938659668
65,5417,right,9,MIDDLE_FINGER_MCP,0.59295917,0.39230722,-0.012460123,-0.0009900336,-0.0052509233,2.8461218e-05,0.926569938659668
65,5417,right,10,MIDDLE_FINGER_PIP,0.6252377,0.38716674,-0.01954361,0.03243041,-0.015548213,-0.002125509,0.926569938659668
65,5417,right,11,MIDDLE_FINGER_DIP,0.6448356,0.38792655,-0.022800475,0.05467595,-0.013454415,0.006583348,0.926569938659668
65,5417,right,12,MIDDLE_FINGER_TIP,0.6599864,0.39039832,-0.024902184,0.07329984,-0.013769574,0.025844365,0.926569938659668
65,5417,right,13,RING_FINGER_MCP,0.5954179,0.39950842,-0.018038195,0.002629436,0.012293009,-0.00871104,0.926569938659668
65,5417,right,14,RING_FINGER_PIP,0.62633175,0.39610797,-0.023300687,0.035925835,0.004430889,-0.010711968,0.926569938659668
65,5417,right,15,RING_FINGER_DIP,0.64493734,0.39698344,-0.023738287,0.056731313,0.0074861962,-0.0004919991,0.926569938659668
65,5417,right,16,RING_FINGER_TIP,0.6590994,0.39919668,-0.023916373,0.07509662,0.00776569,0.012264356,0.926569938659668
65,5417,right,17,PINKY_MCP,0.5974685,0.40813705,-0.023689521,-0.0016303314,0.032345172,-0.008097451,0.926569938659668
65,5417,right,18,PINKY_PIP,0.6210056,0.40761873,-0.026056277,0.023297984,0.030797921,-0.006284289,0.926569938659668
65,5417,right,19,PINKY_DIP,0.63659793,0.40863252,-0.024590218,0.04361723,0.031235142,-0.00048741698,0.926569938659668
65,5417,right,20,PINKY_TIP,0.64914435,0.41029224,-0.023216013,0.05873917,0.030626645,0.007472217,0.926569938659668
66,5500,left,0,WRIST,0.589802,0.60848904,1.16562454e-07,0.03595631,-0.0146880485,0.08735953,0.9991927742958069
66,5500,left,1,THUMB_CMC,0.5691198,0.6084017,-0.004136689,0.0055529536,-0.014391039,0.06572476,0.9991927742958069
66,5500,left,2,THUMB_MCP,0.5481906,0.61504304,-0.010200581,-0.0136195365,-0.0038527036,0.04279209,0.9991927742958069
66,5500,left,3,THUMB_IP,0.5331626,0.6233872,-0.014608751,-0.023454193,0.011138122,0.011558987,0.9991927742958069
66,5500,left,4,THUMB_TIP,0.5240344,0.63128495,-0.019789947,-0.03823324,0.026477378,-0.013173297,0.9991927742958069
66,5500,left,5,INDEX_FINGER_MCP,0.55559504,0.6112868,-0.026150208,-0.010874298,-0.010351743,-0.0018169358,0.9991927742958069
66,5500,left,6,INDEX_FINGER_PIP,0.5358843,0.62524194,-0.035362963,-0.029935885,0.008712684,-0.0090705305,0.9991927742958069
66,5500,left,7,INDEX_FINGER_DIP,0.5269048,0.6333627,-0.0384585,-0.041553687,0.025480019,0.008959815,0.9991927742958069
66,5500,left,8,INDEX_FINGER_TIP,0.5221913,0.63859665,-0.039017253,-0.0414564,0.03937094,0.032935325,0.9991927742958069
66,5500,left,9,MIDDLE_FINGER_MCP,0.57045287,0.61546254,-0.027333353,-0.0015430753,-0.0017023851,-0.0019287616,0.9991927742958069
66,5500,left,10,MIDDLE_FINGER_PIP,0.54757535,0.6303104,-0.035214186,-0.02234541,0.019366384,-0.0073557906,0.9991927742958069
66,5500,left,11,MIDDLE_FINGER_DIP,0.5367803,0.63859934,-0.03553658,-0.029850353,0.04191592,0.010158807,0.9991927742958069
66,5500,left,12,MIDDLE_FINGER_TIP,0.53125685,0.64329886,-0.03537154,-0.03675679,0.054120824,0.03784154,0.9991927742958069
66,5500,left,13,RING_FINGER_MCP,0.582805,0.62048894,-0.027508808,0.007458131,0.007821183,-0.0005212724,0.9991927742958069
66,5500,left,14,RING_FINGER_PIP,0.55989033,0.63352257,-0.032754887,-0.008446992,0.025293473,0.00017863512,0.9991927742958069
66,5500,left,15,RING_FINGER_DIP,0.54845667,0.6405156,-0.030558052,-0.018858107,0.042624436,0.018879116,0.9991927742958069
66,5500,left,16,RING_FINGER_TIP,0.542118,0.6447359,-0.028687557,-0.027276242,0.053375803,0.045494106,0.9991927742958069
66,5500,left,17,PINKY_MCP,0.5924068,0.6253842,-0.027468659,0.02179043,0.019423082,0.01224353,0.9991927742958069
66,5500,left,18,PINKY_PIP,0.5714848,0.63503504,-0.031205093,0.0044834083,0.028335236,0.012230005,0.9991927742958069
66,5500,left,19,PINKY_DIP,0.561516,0.6395665,-0.02902925,-0.004616551,0.04142826,0.023373455,0.9991927742958069
66,5500,left,20,PINKY_TIP,0.5567035,0.6430472,-0.026835393,-0.011034528,0.04789521,0.044077978,0.9991927742958069
67,5583,left,0,WRIST,0.5906026,0.6081792,1.13419084e-07,0.036638647,-0.014779987,0.08583498,0.9994946718215942
67,5583,left,1,THUMB_CMC,0.5698835,0.60820097,-0.003695953,0.0059555653,-0.01337151,0.067735955,0.9994946718215942
67,5583,left,2,THUMB_MCP,0.54916704,0.614601,-0.010138473,-0.011518268,-0.0017943964,0.042638555,0.9994946718215942
67,5583,left,3,THUMB_IP,0.53481156,0.6225653,-0.014956003,-0.020612538,0.010063664,0.010795623,0.9994946718215942
67,5583,left,4,THUMB_TIP,0.52682185,0.6305358,-0.020511685,-0.03395257,0.024265038,-0.017165601,0.9994946718215942
67,5583,left,5,INDEX_FINGER_MCP,0.5553055,0.61080575,-0.027114036,-0.0100464905,-0.00994601,-0.0022322014,0.9994946718215942
67,5583,left,6,INDEX_FINGER_PIP,0.5350567,0.62472975,-0.036289282,-0.02878552,0.009255057,-0.009016752,0.9994946718215942
67,5583,left,7,INDEX_FINGER_DIP,0.52591205,0.63282233,-0.03907174,-0.04012251,0.023678668,0.0099255,0.9994946718215942
67,5583,left,8,INDEX_FINGER_TIP,0.5211115,0.6380124,-0.03940292,-0.04095668,0.03962952,0.035667248,0.9994946718215942
67,5583,left,9,MIDDLE_FINGER_MCP,0.57045954,0.6150858,-0.028585833,-0.0010665912,-0.0023309565,-0.0017940179,0.9994946718215942
67,5583,left,10,MIDDLE_FINGER_PIP,0.54728657,0.6299771,-0.036653757,-0.021492397,0.01827446,-0.0074293837,0.9994946718215942
67,5583,left,11,MIDDLE_FINGER_DIP,0.53657675,0.6380058,-0.036498517,-0.028785804,0.04151135,0.012457088,0.9994946718215942
67,5583,left,12,MIDDLE_FINGER_TIP,0.5311587,0.6423665,-0.035934582,-0.034610655,0.05379547,0.04045941,0.9994946718215942
67,5583,left,13,RING_FINGER_MCP,0.5829077,0.620279,-0.028949121,0.0072555537,0.0079699345,-0.0005391091,0.9994946718215942
67,5583,left,14,RING_FINGER_PIP,0.5591523,0.6333825,-0.034127373,-0.008777574,0.024188317,0.0009837449,0.9994946718215942
67,5583,left,15,RING_FINGER_DIP,0.54786813,0.63989556,-0.031344134,-0.01887012,0.04290279,0.021193966,0.9994946718215942
67,5583,left,16,RING_FINGER_TIP,0.5419438,0.6434676,-0.02902668,-0.027350944,0.0522852,0.047959097,0.9994946718215942
67,5583,left,17,PINKY_MCP,0.592296,0.6253144,-0.029084047,0.020358467,0.019941954,0.013096569,0.9994946718215942
67,5583,left,18,PINKY_PIP,0.57048553,0.6349424,-0.032571565,0.0022249734,0.027953278,0.012099564,0.9994946718215942
67,5583,left,19,PINKY_DIP,0.56017715,0.6391248,-0.03004026,-0.0073084943,0.04098415,0.025179043,0.9994946718215942
67,5583,left,20,PINKY_TIP,0.5552558,0.64210075,-0.027589705,-0.013199348,0.049544144,0.046430707,0.9994946718215942
68,5667,left,0,WRIST,0.59033275,0.60806346,1.1776747e-07,0.03970766,-0.0165544,0.08908358,0.9990188479423523
68,5667,left,1,THUMB_CMC,0.569185,0.6080385,-0.0040256483,0.006675765,-0.016663605,0.06879634,0.9990188479423523
68,5667,left,2,THUMB_MCP,0.54867464,0.6145839,-0.0105856,-0.01284393,-0.0062580467,0.043605343,0.9990188479423523
68,5667,left,3,THUMB_IP,0.5346769,0.62278086,-0.0154276155,-0.02270417,0.008679209,0.0109564215,0.9990188479423523
68,5667,left,4,THUMB_TIP,0.52669704,0.63066006,-0.020977909,-0.036157068,0.023580324,-0.017601117,0.9990188479423523
68,5667,left,5,INDEX_FINGER_MCP,0.5549367,0.61074877,-0.027673904,-0.011801988,-0.012367295,-0.0026371405,0.9990188479423523
68,5667,left,6,INDEX_FINGER_PIP,0.5344243,0.6247338,-0.037202384,-0.032324437,0.0084376,-0.009395212,0.9990188479423523
68,5667,left,7,INDEX_FINGER_DIP,0.52472615,0.6326495,-0.04010614,-0.04366429,0.02504382,0.008420616,0.9990188479423523
68,5667,left,8,INDEX_FINGER_TIP,0.5194977,0.63776815,-0.040413205,-0.044578295,0.03922484,0.034628846,0.9990188479423523
68,5667,left,9,MIDDLE_FINGER_MCP,0.56969965,0.6152088,-0.028943898,-0.0008995489,-0.0018788172,-0.0027057342,0.9990188479423523
68,5667,left,10,MIDDLE_FINGER_PIP,0.54577094,0.63028914,-0.037326112,-0.024175828,0.02050533,-0.008027792,0.9990188479423523
68,5667,left,11,MIDDLE_FINGER_DIP,0.5347135,0.6383921,-0.03723269,-0.033227973,0.042410742,0.011510029,0.9990188479423523
68,5667,left,12,MIDDLE_FINGER_TIP,0.52937007,0.64276266,-0.036545195,-0.03860505,0.055308513,0.03984531,0.9990188479423523
68,5667,left,13,RING_FINGER_MCP,0.5819685,0.6205257,-0.029129226,0.008559579,0.009411839,-0.00062572956,0.9990188479423523
68,5667,left,14,RING_FINGER_PIP,0.55771345,0.63373387,-0.03461115,-0.010193515,0.028365208,0.00039694458,0.9990188479423523
68,5667,left,15,RING_FINGER_DIP,0.5458644,0.6405623,-0.032178905,-0.02199944,0.045700625,0.020152241,0.9990188479423523
68,5667,left,16,RING_FINGER_TIP,0.5396782,0.6443742,-0.029948631,-0.029925946,0.054591473,0.047233254,0.9990188479423523
68,5667,left,17,PINKY_MCP,0.59136266,0.6256037,-0.029082458,0.021985356,0.022122413,0.013805125,0.9990188479423523
68,5667,left,18,PINKY_PIP,0.56898266,0.6352577,-0.032835003,0.0032699015,0.030497914,0.0129575655,0.9990188479423523
68,5667,left,19,PINKY_DIP,0.5581944,0.63960993,-0.030644791,-0.008357583,0.043300714,0.025305837,0.9990188479423523
68,5667,left,20,PINKY_TIP,0.55281115,0.6427611,-0.028339298,-0.01489337,0.05038914,0.045405492,0.9990188479423523
69,5750,left,0,WRIST,0.5914832,0.6076772,1.17843676e-07,0.042055547,-0.020360101,0.08858733,0.9992052912712097
69,5750,left,1,THUMB_CMC,0.5703999,0.6076876,-0.0034629172,0.00656837,-0.02077895,0.06989461,0.9992052912712097
69,5750,left,2,THUMB_MCP,0.5499751,0.61413884,-0.009604088,-0.014256684,-0.009332448,0.04478717,0.9992052912712097
69,5750,left,3,THUMB_IP,0.5362619,0.62228423,-0.014234185,-0.025807325,0.008160492,0.011866998,0.9992052912712097
69,5750,left,4,THUMB_TIP,0.52834123,0.6301958,-0.019466754,-0.03914177,0.024273584,-0.018249258,0.9992052912712097
69,5750,left,5,INDEX_FINGER_MCP,0.55666983,0.6108291,-0.025785165,-0.015028009,-0.012941476,-0.0022151545,0.9992052912712097
69,5750,left,6,INDEX_FINGER_PIP,0.53521955,0.62426764,-0.03485127,-0.037187967,0.010193249,-0.008505821,0.9992052912712097
69,5750,left,7,INDEX_FINGER_DIP,0.52548796,0.6319011,-0.03749743,-0.047525123,0.025651505,0.010142617,0.9992052912712097
69,5750,left,8,INDEX_FINGER_TIP,0.52002853,0.63708353,-0.037724733,-0.04904083,0.04117183,0.03737078,0.9992052912712097
69,5750,left,9,MIDDLE_FINGER_MCP,0.5713409,0.61510867,-0.027279468,-0.0014254504,-0.0024115504,-0.003689669,0.9992052912712097
69,5750,left,10,MIDDLE_FINGER_PIP,0.5465282,0.6299887,-0.03546248,-0.026128976,0.024025142,-0.0061724707,0.9992052912712097
69,5750,left,11,MIDDLE_FINGER_DIP,0.535236,0.6377586,-0.035527162,-0.035806976,0.045049075,0.013798699,0.9992052912712097
69,5750,left,12,MIDDLE_FINGER_TIP,0.5291863,0.6421588,-0.034948494,-0.041969102,0.057604123,0.0432044,0.9992052912712097
69,5750,left,13,RING_FINGER_MCP,0.58318955,0.6203542,-0.027724113,0.011075182,0.010148246,-0.001022391,0.9992052912712097
69,5750,left,14,RING_FINGER_PIP,0.5581711,0.63346034,-0.033116028,-0.009965104,0.03262799,0.0016431361,0.9992052912712097
69,5750,left,15,RING_FINGER_DIP,0.54647315,0.64004296,-0.030856654,-0.021598656,0.04866669,0.022085872,0.9992052912712097
69,5750,left,16,RING_FINGER_TIP,0.539969,0.6440238,-0.028710453,-0.030056864,0.057350717,0.050267115,0.9992052912712097
69,5750,left,17,PINKY_MCP,0.59218085,0.62545437,-0.027917687,0.026006429,0.023485266,0.013518956,0.9992052912712097
69,5750,left,18,PINKY_PIP,0.5691951,0.6349676,-0.031318154,0.005201472,0.03270988,0.013405647,0.9992052912712097
69,5750,left,19,PINKY_DIP,0.5587418,0.6390023,-0.029062152,-0.007227104,0.04576041,0.027561024,0.9992052912712097
69,5750,left,20,PINKY_TIP,0.5535685,0.64215684,-0.02678157,-0.013438694,0.052715246,0.047858685,0.9992052912712097
69,5750,right,0,WRIST,0.7144908,0.5320652,-1.7525629e-07,-0.07674256,-0.008998251,0.05348514,0.6962682008743286
69,5750,right,1,THUMB_CMC,0.7260233,0.5321962,-0.0076382314,-0.06272653,-0.0021117413,0.03170529,0.6962682008743286
69,5750,right,2,THUMB_MCP,0.73994875,0.53153783,-0.014578056,-0.05116569,-0.0019660117,0.011744261,0.6962682008743286
69,5750,right,3,THUMB_IP,0.7497228,0.52860314,-0.022089146,-0.037986834,-0.008688244,-0.013033621,0.6962682008743286
69,5750,right,4,THUMB_TIP,0.756456,0.526398,-0.02865732,-0.024428235,-0.013574539,-0.033695295,0.6962682008743286
69,5750,right,5,INDEX_FINGER_MCP,0.7837199,0.54066354,-0.0010999202,-0.002452251,0.008207792,-0.0034624636,0.6962682008743286
69,5750,right,6,INDEX_FINGER_PIP,0.7885817,0.5331206,-0.013114823,0.002779577,0.0005749394,-0.023866042,0.6962682008743286
69,5750,right,7,INDEX_FINGER_DIP,0.77559835,0.5281888,-0.023549182,-0.006605453,-0.008651097,-0.024944626,0.6962682008743286
69,5750,right,8,INDEX_FINGER_TIP,0.76354617,0.52773774,-0.029439323,-0.024503198,-0.01454141,-0.026835859,0.6962682008743286
69,5750,right,9,MIDDLE_FINGER_MCP,0.7864729,0.53567713,-0.002851551,0.0034568298,0.0007304526,0.002364032,0.6962682008743286
69,5750,right,10,MIDDLE_FINGER_PIP,0.78988296,0.52729577,-0.015000357,0.01048512,-0.010821238,-0.024641916,0.6962682008743286
69,5750,right,11,MIDDLE_FINGER_DIP,0.7724189,0.5238402,-0.021504851,-0.011752101,-0.023118738,-0.026898876,0.6962682008743286
69,5750,right,12,MIDDLE_FINGER_TIP,0.75716335,0.5241374,-0.023149393,-0.028550962,-0.020128205,-0.010024965,0.6962682008743286
69,5750,right,13,RING_FINGER_MCP,0.7846235,0.5305141,-0.0063825715,0.0034030257,-0.0062064896,0.0012138113,0.6962682008743286
69,5750,right,14,RING_FINGER_PIP,0.7876692,0.52240837,-0.017014263,0.0017866748,-0.01955546,-0.019637533,0.6962682008743286
69,5750,right,15,RING_FINGER_DIP,0.77125084,0.5209404,-0.017434897,-0.018662272,-0.028831167,-0.019365177,0.6962682008743286
69,5750,right,16,RING_FINGER_TIP,0.7572957,0.5218758,-0.014752608,-0.036161248,-0.023077592,-0.004585564,0.6962682008743286
69,5750,right,17,PINKY_MCP,0.7786398,0.52644813,-0.010891182,-0.009099088,-0.019714227,0.0063702017,0.6962682008743286
69,5750,right,18,PINKY_PIP,0.7803884,0.5191787,-0.018060049,-0.0061456766,-0.028976299,-0.009464532,0.6962682008743286
69,5750,right,19,PINKY_DIP,0.7676512,0.5183934,-0.016472738,-0.020753017,-0.033112865,-0.015980244,0.6962682008743286
69,5750,right,20,PINKY_TIP,0.7567271,0.51991314,-0.012506384,-0.035179246,-0.028765868,-0.008836478,0.6962682008743286
70,5833,left,0,WRIST,0.59357107,0.6083734,1.286011e-07,0.04224601,-0.01863793,0.08822408,0.999376118183136
70,5833,left,1,THUMB_CMC,0.5722954,0.60794127,-0.0038299586,0.0067107477,-0.020131018,0.07035957,0.999376118183136
70,5833,left,2,THUMB_MCP,0.5515246,0.6136874,-0.010240215,-0.014647979,-0.009306612,0.04504694,0.999376118183136
70,5833,left,3,THUMB_IP,0.53712344,0.621302,-0.015073561,-0.028175913,0.0071453284,0.0118237175,0.999376118183136
70,5833,left,4,THUMB_TIP,0.52899146,0.62920725,-0.020561578,-0.041131046,0.024103723,-0.018256918,0.999376118183136
70,5833,left,5,INDEX_FINGER_MCP,0.5591756,0.6105502,-0.026719548,-0.015499524,-0.012825359,-0.0022294149,0.999376118183136
70,5833,left,6,INDEX_FINGER_PIP,0.53727883,0.6240576,-0.0361228,-0.03787874,0.010485713,-0.008375406,0.999376118183136
70,5833,left,7,INDEX_FINGER_DIP,0.5268705,0.631574,-0.038854767,-0.048320085,0.025370553,0.009919703,0.999376118183136
70,5833,left,8,INDEX_FINGER_TIP,0.5209452,0.6367269,-0.0390677,-0.050273985,0.041292664,0.036210008,0.999376118183136
70,5833,left,9,MIDDLE_FINGER_MCP,0.57386076,0.61492634,-0.028172858,-0.0015081003,-0.0031050304,-0.0037829764,0.999376118183136
70,5833,left,10,MIDDLE_FINGER_PIP,0.5486723,0.62970495,-0.036841396,-0.025697643,0.02458372,-0.0060047954,0.999376118183136
70,5833,left,11,MIDDLE_FINGER_DIP,0.5368702,0.6374744,-0.037069753,-0.03572299,0.045435578,0.013712622,0.999376118183136
70,5833,left,12,MIDDLE_FINGER_TIP,0.5306179,0.64184666,-0.036527738,-0.042374928,0.057234306,0.04284352,0.999376118183136
70,5833,left,13,RING_FINGER_MCP,0.5855598,0.6202836,-0.028600784,0.010884021,0.009613925,-0.0010243207,0.999376118183136
70,5833,left,14,RING_FINGER_PIP,0.56032985,0.63338107,-0.034357022,-0.009968896,0.033523623,0.0011700839,0.999376118183136
70,5833,left,15,RING_FINGER_DIP,0.54795104,0.6400321,-0.032431893,-0.021296298,0.04874483,0.021897707,0.999376118183136
70,5833,left,16,RING_FINGER_TIP,0.54086137,0.6439606,-0.030470457,-0.03064439,0.057515033,0.049239963,0.999376118183136
70,5833,left,17,PINKY_MCP,0.5943359,0.625606,-0.028797448,0.026994262,0.023906376,0.013002448,0.999376118183136
70,5833,left,18,PINKY_PIP,0.57104576,0.63524085,-0.03249594,0.00579423,0.033774592,0.013556089,0.999376118183136
70,5833,left,19,PINKY_DIP,0.5600138,0.63927865,-0.030585375,-0.0073940177,0.0477871,0.026869185,0.999376118183136
70,5833,left,20,PINKY_TIP,0.5542139,0.64231515,-0.02854226,-0.014180277,0.053199686,0.047436908,0.999376118183136
71,5917,left,0,WRIST,0.59564066,0.60882545,1.2670934e-07,0.04180041,-0.016461989,0.086835176,0.9991990327835083
71,5917,left,1,THUMB_CMC,0.574395,0.6082792,-0.0042686844,0.007333429,-0.019325009,0.06857759,0.9991990327835083
71,5917,left,2,THUMB_MCP,0.5539001,0.61405694,-0.011173742,-0.013228307,-0.008486492,0.043492623,0.9991990327835083
71,5917,left,3,THUMB_IP,0.53970975,0.6214473,-0.016402718,-0.026040807,0.006723824,0.009982765,0.9991990327835083
71,5917,left,4,THUMB_TIP,0.5311115,0.6289733,-0.022261964,-0.04046992,0.023351712,-0.020054683,0.9991990327835083
71,5917,left,5,INDEX_FINGER_MCP,0.5617162,0.6102788,-0.028184252,-0.014736457,-0.013687453,-0.002120927,0.9991990327835083
71,5917,left,6,INDEX_FINGER_PIP,0.53925574,0.62351686,-0.037938528,-0.03730248,0.008810865,-0.008671805,0.9991990327835083
71,5917,left,7,INDEX_FINGER_DIP,0.5287075,0.6312687,-0.040739242,-0.047980364,0.024569917,0.010333687,0.9991990327835083
71,5917,left,8,INDEX_FINGER_TIP,0.5226606,0.63665193,-0.04097771,-0.05063952,0.040220175,0.036718592,0.9991990327835083
71,5917,left,9,MIDDLE_FINGER_MCP,0.5764884,0.6149725,-0.029517293,-0.001683091,-0.0024549544,-0.002934225,0.9991990327835083
71,5917,left,10,MIDDLE_FINGER_PIP,0.55034953,0.62937295,-0.038448762,-0.026186684,0.023357738,-0.006670408,0.9991990327835083
71,5917,left,11,MIDDLE_FINGER_DIP,0.53838706,0.6369384,-0.038335517,-0.036057103,0.043735735,0.014297932,0.9991990327835083
71,5917,left,12,MIDDLE_FINGER_TIP,0.5320696,0.64103425,-0.0375245,-0.043068413,0.055244878,0.04384787,0.9991990327835083
71,5917,left,13,RING_FINGER_MCP,0.58794934,0.62055546,-0.029832743,0.010426304,0.0103578055,-0.0011755228,0.9991990327835083
71,5917,left,14,RING_FINGER_PIP,0.56171227,0.6333506,-0.035814736,-0.010956249,0.0321657,0.000712201,0.9991990327835083
71,5917,left,15,RING_FINGER_DIP,0.54915315,0.63969827,-0.033605147,-0.022961497,0.04836651,0.021019083,0.9991990327835083
71,5917,left,16,RING_FINGER_TIP,0.5422064,0.6431557,-0.031398572,-0.03128156,0.056163277,0.04905619,0.9991990327835083
71,5917,left,17,PINKY_MCP,0.5961426,0.6259585,-0.029963814,0.025709048,0.024894232,0.013197426,0.9991990327835083
71,5917,left,18,PINKY_PIP,0.57224905,0.635329,-0.033866465,0.005036139,0.033593036,0.013049886,0.9991990327835083
71,5917,left,19,PINKY_DIP,0.5608882,0.63913655,-0.031949293,-0.009590728,0.047375217,0.026212275,0.9991990327835083
71,5917,left,20,PINKY_TIP,0.5548013,0.6417644,-0.029875621,-0.016308347,0.051516805,0.0474748,0.9991990327835083
71,5917,right,0,WRIST,0.73821384,0.58747315,-2.7812598e-08,-0.05712393,-0.00095888413,0.07242307,0.9087799787521362
71,5917,right,1,THUMB_CMC,0.757215,0.58006066,-0.003687581,-0.03493866,-0.015526272,0.05952318,0.9087799787521362
71,5917,right,2,THUMB_MCP,0.7804996,0.577769,-0.00950856,-0.008252109,-0.011014253,0.051316082,0.9087799787521362
71,5917,right,3,THUMB_IP,0.7979973,0.58113337,-0.014992097,0.012784179,-0.005955508,0.027425475,0.9087799787521362
71,5917,right,4,THUMB_TIP,0.80843276,0.5862714,-0.020495238,0.024230916,0.0029194723,0.008216232,0.9087799787521362
71,5917,right,5,INDEX_FINGER_MCP,0.7856718,0.5753136,-0.01819329,0.0058679767,-0.016534507,0.0029011369,0.9087799787521362
71,5917,right,6,INDEX_FINGER_PIP,0.8182425,0.57726485,-0.027624223,0.032154135,-0.013703399,-0.001732558,0.9087799787521362
71,5917,right,7,INDEX_FINGER_DIP,0.83419216,0.5797133,-0.031327423,0.048640713,-0.008925533,0.0059788674,0.9087799787521362
71,5917,right,8,INDEX_FINGER_TIP,0.8461059,0.58274746,-0.032783795,0.06471379,-0.005177006,0.015894905,0.9087799787521362
71,5917,right,9,MIDDLE_FINGER_MCP,0.78260404,0.5829497,-0.020945968,0.0022837247,-0.0033355178,-0.0027563833,0.9087799787521362
71,5917,right,10,MIDDLE_FINGER_PIP,0.81936467,0.58781534,-0.029392226,0.037453324,0.006243348,-0.008365229,0.9087799787521362
71,5917,right,11,MIDDLE_FINGER_DIP,0.8378321,0.5917966,-0.031994566,0.060189106,0.009182809,-0.0017107725,0.9087799787521362
71,5917,right,12,MIDDLE_FINGER_TIP,0.8498011,0.5956464,-0.033380054,0.07570765,0.013647368,0.012963332,0.9087799787521362
71,5917,right,13,RING_FINGER_MCP,0.7784234,0.5914702,-0.023494264,-0.0020345238,0.009834153,-0.0035618022,0.9087799787521362
71,5917,right,14,RING_FINGER_PIP,0.81322837,0.59709454,-0.031245334,0.027356066,0.018882709,-0.007115066,0.9087799787521362
71,5917,right,15,RING_FINGER_DIP,0.83317584,0.6005829,-0.0342174,0.050790835,0.024432054,-0.00023757294,0.9087799787521362
71,5917,right,16,RING_FINGER_TIP,0.8475193,0.6032685,-0.03543352,0.06640649,0.028996645,0.015747964,0.9087799787521362
71,5917,right,17,PINKY_MCP,0.77420145,0.59996814,-0.025808778,-0.012319915,0.022015937,0.006957993,0.9087799787521362
71,5917,right,18,PINKY_PIP,0.80273795,0.60427094,-0.030853378,0.011921193,0.031001322,0.003857389,0.9087799787521362
71,5917,right,19,PINKY_DIP,0.81924874,0.60690975,-0.0316511,0.035507765,0.036458604,0.008177653,0.9087799787521362
71,5917,right,20,PINKY_TIP,0.83250195,0.6091892,-0.031731676,0.050910883,0.038814776,0.016462699,0.9087799787521362
72,6000,left,0,WRIST,0.59800375,0.6086427,1.2892463e-07,0.042359583,-0.016922526,0.08510363,0.9993148446083069
72,6000,left,1,THUMB_CMC,0.57713073,0.60762036,-0.0044244835,0.008462841,-0.020479102,0.06770198,0.9993148446083069
72,6000,left,2,THUMB_MCP,0.55621135,0.6129474,-0.011450078,-0.012354014,-0.00986865,0.04241024,0.9993148446083069
72,6000,left,3,THUMB_IP,0.5421503,0.6198478,-0.016790565,-0.026170898,0.0052236835,0.00950817,0.9993148446083069
72,6000,left,4,THUMB_TIP,0.53433,0.6273159,-0.022802666,-0.039709322,0.022471154,-0.019840375,0.9993148446083069
72,6000,left,5,INDEX_FINGER_MCP,0.56390566,0.60987246,-0.02844169,-0.014947506,-0.014060469,-0.0019696206,0.9993148446083069
72,6000,left,6,INDEX_FINGER_PIP,0.54133594,0.6228326,-0.03847259,-0.03713052,0.008678905,-0.008931041,0.9993148446083069
72,6000,left,7,INDEX_FINGER_DIP,0.5303971,0.6305721,-0.041651227,-0.048285197,0.023161838,0.010137647,0.9993148446083069
72,6000,left,8,INDEX_FINGER_TIP,0.52406293,0.63613105,-0.042184237,-0.051403992,0.040655635,0.03528493,0.9993148446083069
72,6000,left,9,MIDDLE_FINGER_MCP,0.57850665,0.61489314,-0.029862897,-0.0017728329,-0.0028660968,-0.0022319183,0.9993148446083069
72,6000,left,10,MIDDLE_FINGER_PIP,0.5523071,0.62880546,-0.03910268,-0.027504383,0.023614066,-0.0064842887,0.9993148446083069
72,6000,left,11,MIDDLE_FINGER_DIP,0.5398655,0.63643,-0.039438352,-0.03677877,0.044146538,0.01270593,0.9993148446083069
72,6000,left,12,MIDDLE_FINGER_TIP,0.5331762,0.6407806,-0.03894102,-0.04511812,0.055281967,0.04205955,0.9993148446083069
72,6000,left,13,RING_FINGER_MCP,0.58975405,0.62062544,-0.030251872,0.010071356,0.010867443,-0.0010399371,0.9993148446083069
72,6000,left,14,RING_FINGER_PIP,0.563447,0.6328677,-0.036457647,-0.011948773,0.03190971,-0.00042232126,0.9993148446083069
72,6000,left,15,RING_FINGER_DIP,0.55061316,0.6392258,-0.03452998,-0.023739085,0.048248343,0.020607643,0.9993148446083069
72,6000,left,16,RING_FINGER_TIP,0.543417,0.6428446,-0.0325025,-0.033424705,0.055981487,0.047856618,0.9993148446083069
72,6000,left,17,PINKY_MCP,0.597712,0.6260807,-0.030466272,0.025634382,0.025610343,0.012583831,0.9993148446083069
72,6000,left,18,PINKY_PIP,0.57379454,0.6350452,-0.034479246,0.0041571613,0.033971623,0.0129611865,0.9993148446083069
72,6000,left,19,PINKY_DIP,0.5624144,0.6388248,-0.032620385,-0.010711275,0.047690906,0.02523633,0.9993148446083069
72,6000,left,20,PINKY_TIP,0.55618364,0.64152193,-0.03057893,-0.017994115,0.051780544,0.04534851,0.9993148446083069
72,6000,right,0,WRIST,0.74907476,0.60353076,2.3929957e-07,-0.063145295,0.007990446,0.07347138,0.9932024478912354
72,6000,right,1,THUMB_CMC,0.77083135,0.5974678,-0.0016351056,-0.031325966,-0.009887757,0.06801611,0.9932024478912354
72,6000,right,2,THUMB_MCP,0.7961453,0.5959661,-0.007948861,-0.000802345,-0.007830058,0.05673285,0.9932024478912354
72,6000,right,3,THUMB_IP,0.81567127,0.60024035,-0.014377644,0.020842196,-0.0041890806,0.029767692,0.9932024478912354
72,6000,right,4,THUMB_TIP,0.8288485,0.60541916,-0.021075638,0.030607348,0.008461293,0.0062505156,0.9932024478912354
72,6000,right,5,INDEX_FINGER_MCP,0.7988107,0.59044385,-0.021482756,0.007898607,-0.024277413,0.00872729,0.9932024478912354
72,6000,right,6,INDEX_FINGER_PIP,0.8314398,0.5920168,-0.03341179,0.039110538,-0.01794283,0.005972594,0.9932024478912354
72,6000,right,7,INDEX_FINGER_DIP,0.84962475,0.5969281,-0.03939782,0.05907144,-0.009510685,0.014708288,0.9932024478912354
72,6000,right,8,INDEX_FINGER_TIP,0.863227,0.60205466,-0.04215689,0.07341061,-0.0005853325,0.026635434,0.9932024478912354
72,6000,right,9,MIDDLE_FINGER_MCP,0.7937028,0.5972781,-0.02624614,0.0017201649,-0.0056259613,-0.0020778626,0.9932024478912354
72,6000,right,10,MIDDLE_FINGER_PIP,0.82997835,0.60311645,-0.036726482,0.03764902,0.0025202069,-0.005481437,0.9932024478912354
72,6000,right,11,MIDDLE_FINGER_DIP,0.85053957,0.6095828,-0.04070069,0.058306318,0.012770057,0.007259436,0.9932024478912354
72,6000,right,12,MIDDLE_FINGER_TIP,0.8647576,0.61543834,-0.04302589,0.07741812,0.019438112,0.029556498,0.9932024478912354
72,6000,right,13,RING_FINGER_MCP,0.78886056,0.60609764,-0.03038193,-0.0064697796,0.015943486,-0.006967619,0.9932024478912354
72,6000,right,14,RING_FINGER_PIP,0.8225256,0.6135955,-0.03773135,0.026029669,0.025650037,-0.0061440542,0.9932024478912354
72,6000,right,15,RING_FINGER_DIP,0.84176624,0.61982965,-0.039922748,0.045587413,0.035530277,0.0070044026,0.9932024478912354
72,6000,right,16,RING_FINGER_TIP,0.85441333,0.6248913,-0.041031957,0.06177657,0.045113485,0.021806339,0.9932024478912354
72,6000,right,17,PINKY_MCP,0.78503895,0.6156867,-0.03448644,-0.017663801,0.033034682,0.0006993599,0.9932024478912354
72,6000,right,18,PINKY_PIP,0.8128106,0.6201735,-0.038372505,0.008419165,0.03646324,0.0045628846,0.9932024478912354
72,6000,right,19,PINKY_DIP,0.8292545,0.62380636,-0.03851768,0.028274529,0.04500071,0.009305581,0.9932024478912354
72,6000,right,20,PINKY_TIP,0.84164953,0.6273933,-0.03839472,0.045453817,0.049499907,0.020684823,0.9932024478912354
73,6083,left,0,WRIST,0.60014147,0.6087551,1.2643098e-07,0.04087184,-0.014759368,0.08600557,0.99919593334198
73,6083,left,1,THUMB_CMC,0.5791281,0.6073012,-0.0041829734,0.0075174468,-0.018740749,0.06830925,0.99919593334198
73,6083,left,2,THUMB_MCP,0.5584102,0.61215585,-0.011036756,-0.012108071,-0.009185533,0.042911395,0.99919593334198
73,6083,left,3,THUMB_IP,0.5444341,0.6186879,-0.016319346,-0.023270957,0.003552368,0.009004399,0.99919593334198
73,6083,left,4,THUMB_TIP,0.5369788,0.62606555,-0.022261648,-0.035652727,0.018447278,-0.021517858,0.99919593334198
73,6083,left,5,INDEX_FINGER_MCP,0.5652477,0.6099121,-0.027279673,-0.013394361,-0.012559651,-0.0022350848,0.99919593334198
73,6083,left,6,INDEX_FINGER_PIP,0.5428096,0.62276095,-0.037150245,-0.03473943,0.007815878,-0.008970916,0.99919593334198
73,6083,left,7,INDEX_FINGER_DIP,0.53192663,0.63037115,-0.040461406,-0.0464515,0.022338757,0.010414772,0.99919593334198
73,6083,left,8,INDEX_FINGER_TIP,0.5259797,0.63576514,-0.041077822,-0.04950874,0.03961101,0.03519058,0.99919593334198
73,6083,left,9,MIDDLE_FINGER_MCP,0.5793861,0.6150377,-0.028710032,-0.0011855074,-0.0025050512,-0.0024233088,0.99919593334198
73,6083,left,10,MIDDLE_FINGER_PIP,0.5540688,0.62845737,-0.03778649,-0.024539836,0.02119017,-0.006627783,0.99919593334198
73,6083,left,11,MIDDLE_FINGER_DIP,0.5418554,0.63593113,-0.038217627,-0.03446336,0.042230073,0.012171611,0.99919593334198
73,6083,left,12,MIDDLE_FINGER_TIP,0.5357044,0.6400765,-0.037781864,-0.04311703,0.05281966,0.0425129,0.99919593334198
73,6083,left,13,RING_FINGER_MCP,0.59055704,0.62078804,-0.029194437,0.008963877,0.010344375,-0.0013038665,0.99919593334198
73,6083,left,14,RING_FINGER_PIP,0.5652207,0.63260406,-0.03507866,-0.010774995,0.029172849,-0.00044173002,0.99919593334198
73,6083,left,15,RING_FINGER_DIP,0.55241823,0.6388873,-0.03334247,-0.022012278,0.045580193,0.020266134,0.99919593334198
73,6083,left,16,RING_FINGER_TIP,0.5453345,0.64227784,-0.031528994,-0.032416113,0.053414084,0.04776536,0.99919593334198
73,6083,left,17,PINKY_MCP,0.59863913,0.62621826,-0.029535715,0.023598632,0.024136372,0.012984926,0.99919593334198
73,6083,left,18,PINKY_PIP,0.5756412,0.6348936,-0.03341113,0.0045297146,0.031312328,0.01288433,0.99919593334198
73,6083,left,19,PINKY_DIP,0.5642592,0.63870776,-0.03183293,-0.010046342,0.04578919,0.024762899,0.99919593334198
73,6083,left,20,PINKY_TIP,0.55792934,0.64132476,-0.03002914,-0.018124096,0.050175123,0.046104133,0.99919593334198
73,6083,right,0,WRIST,0.76182747,0.61485875,2.6089322e-07,-0.062639475,0.0018988578,0.07516727,0.994488000869751
73,6083,right,1,THUMB_CMC,0.78486854,0.6084755,-0.0014994579,-0.031041037,-0.014880383,0.06445408,0.994488000869751
73,6083,right,2,THUMB_MCP,0.81001055,0.60796887,-0.007922975,-0.0026681358,-0.0098756915,0.054187253,0.994488000869751
73,6083,right,3,THUMB_IP,0.829138,0.61307997,-0.01431324,0.018576214,-0.0037021213,0.027464539,0.994488000869751
73,6083,right,4,THUMB_TIP,0.84183544,0.6190501,-0.020890877,0.028142538,0.011690404,0.0046076775,0.994488000869751
73,6083,right,5,INDEX_FINGER_MCP,0.8130304,0.6029719,-0.021157244,0.009316757,-0.025759783,0.008132391,0.994488000869751
73,6083,right,6,INDEX_FINGER_PIP,0.8472625,0.6062863,-0.031878553,0.03921353,-0.015018964,0.006057352,0.994488000869751
73,6083,right,7,INDEX_FINGER_DIP,0.8644633,0.61200583,-0.036901373,0.058011066,-0.007349261,0.016597584,0.994488000869751
73,6083,right,8,INDEX_FINGER_TIP,0.8769576,0.61752385,-0.03908741,0.069596544,0.0036850544,0.03256555,0.994488000869751
73,6083,right,9,MIDDLE_FINGER_MCP,0.8071721,0.610823,-0.025587697,0.0021421355,-0.0060673696,-0.0018778667,0.994488000869751
73,6083,right,10,MIDDLE_FINGER_PIP,0.8454876,0.61847055,-0.034849502,0.03617897,0.007062443,-0.004333824,0.994488000869751
73,6083,right,11,MIDDLE_FINGER_DIP,0.86553377,0.6250721,-0.037820708,0.056933496,0.016960125,0.01024203,0.994488000869751
73,6083,right,12,MIDDLE_FINGER_TIP,0.87936324,0.6305651,-0.039548792,0.07571545,0.023150194,0.0334996,0.994488000869751
73,6083,right,13,RING_FINGER_MCP,0.8019266,0.62013876,-0.029305596,-0.0075588534,0.01558599,-0.0060711503,0.994488000869751
73,6083,right,14,RING_FINGER_PIP,0.8376067,0.6286816,-0.035457652,0.025374351,0.029707665,-0.004577622,0.994488000869751
73,6083,right,15,RING_FINGER_DIP,0.85709196,0.63459903,-0.03670253,0.0445298,0.03889245,0.008615471,0.994488000869751
73,6083,right,16,RING_FINGER_TIP,0.8701104,0.6390126,-0.037316505,0.060777705,0.04658489,0.022414893,0.994488000869751
73,6083,right,17,PINKY_MCP,0.7980862,0.62973547,-0.032958742,-0.019735472,0.033430427,0.0014260896,0.994488000869751
73,6083,right,18,PINKY_PIP,0.8268976,0.6346319,-0.03553227,0.0061639566,0.037990484,0.005830586,0.994488000869751
73,6083,right,19,PINKY_DIP,0.843578,0.6382248,-0.034587763,0.025608217,0.047373675,0.012777537,0.994488000869751
73,6083,right,20,PINKY_TIP,0.8563452,0.64146614,-0.03379816,0.04470326,0.050534297,0.02478838,0.994488000869751
74,6167,left,0,WRIST,0.6014372,0.609088,1.2269456e-07,0.0404718,-0.014006367,0.086389825,0.9990188479423523
74,6167,left,1,THUMB_CMC,0.58028007,0.60759175,-0.0039072935,0.006454625,-0.018776823,0.0684267,0.9990188479423523
74,6167,left,2,THUMB_MCP,0.5595899,0.6119649,-0.010733102,-0.012999969,-0.010476002,0.043683186,0.9990188479423523
74,6167,left,3,THUMB_IP,0.54580224,0.6181847,-0.016147919,-0.02458932,0.0019645263,0.010074154,0.9990188479423523
74,6167,left,4,THUMB_TIP,0.53836846,0.6254801,-0.022262843,-0.036336325,0.01686255,-0.020608366,0.9990188479423523
74,6167,left,5,INDEX_FINGER_MCP,0.56703264,0.61010563,-0.026755206,-0.013621669,-0.012569742,-0.0017210171,0.9990188479423523
74,6167,left,6,INDEX_FINGER_PIP,0.5443694,0.62264323,-0.036756713,-0.035325944,0.0069967946,-0.008713067,0.9990188479423523
74,6167,left,7,INDEX_FINGER_DIP,0.53348124,0.62999034,-0.04023671,-0.046898942,0.021328712,0.011612952,0.9990188479423523
74,6167,left,8,INDEX_FINGER_TIP,0.5274291,0.6353111,-0.040945742,-0.050307997,0.039564908,0.037573397,0.9990188479423523
74,6167,left,9,MIDDLE_FINGER_MCP,0.5812102,0.61512357,-0.028416473,-0.0009600137,-0.0028627426,-0.002434004,0.9990188479423523
74,6167,left,10,MIDDLE_FINGER_PIP,0.55548865,0.6284244,-0.037625756,-0.02543233,0.021024363,-0.006970063,0.9990188479423523
74,6167,left,11,MIDDLE_FINGER_DIP,0.5431739,0.6356768,-0.038201097,-0.035217687,0.042061795,0.01344604,0.9990188479423523
74,6167,left,12,MIDDLE_FINGER_TIP,0.5368321,0.6397233,-0.037864137,-0.044038247,0.05252673,0.044024713,0.9990188479423523
74,6167,left,13,RING_FINGER_MCP,0.5922365,0.62084895,-0.029147446,0.00882992,0.011401771,-0.0016557649,0.9990188479423523
74,6167,left,14,RING_FINGER_PIP,0.5662901,0.6325287,-0.03527858,-0.010321552,0.029279998,-0.00013960898,0.9990188479423523
74,6167,left,15,RING_FINGER_DIP,0.5534867,0.638727,-0.033462368,-0.021934863,0.04604233,0.02083154,0.9990188479423523
74,6167,left,16,RING_FINGER_TIP,0.5465723,0.6421163,-0.031476237,-0.03219727,0.05313226,0.049315512,0.9990188479423523
74,6167,left,17,PINKY_MCP,0.60004646,0.6263345,-0.029722359,0.02310112,0.024836514,0.012220053,0.9990188479423523
74,6167,left,18,PINKY_PIP,0.5761905,0.63486,-0.03368705,0.004220606,0.03136099,0.012040786,0.9990188479423523
74,6167,left,19,PINKY_DIP,0.56449354,0.6386509,-0.03199123,-0.011440838,0.0467539,0.025337636,0.9990188479423523
74,6167,left,20,PINKY_TIP,0.558263,0.6412971,-0.030048277,-0.018360604,0.050657637,0.047029912,0.9990188479423523
74,6167,right,0,WRIST,0.7746368,0.6228717,2.5732191e-07,-0.060121752,0.0010637208,0.07478291,0.9874235987663269
74,6167,right,1,THUMB_CMC,0.7971909,0.61692476,-0.0029831217,-0.028279377,-0.014427324,0.06547746,0.9874235987663269
74,6167,right,2,THUMB_MCP,0.8226374,0.61688346,-0.009838291,-1.4571706e-05,-0.011802439,0.05287692,0.9874235987663269
74,6167,right,3,THUMB_IP,0.8427356,0.62201583,-0.016368328,0.021489756,-0.004279471,0.029520229,0.9874235987663269
74,6167,right,4,THUMB_TIP,0.8556967,0.6280927,-0.023058893,0.034026485,0.007017389,0.0029396713,0.9874235987663269
74,6167,right,5,INDEX_FINGER_MCP,0.8241712,0.6120649,-0.022144472,0.010318813,-0.023931675,0.0061532333,0.9874235987663269
74,6167,right,6,INDEX_FINGER_PIP,0.85725784,0.6156621,-0.033554886,0.037414428,-0.014921753,0.0046308637,0.9874235987663269
74,6167,right,7,INDEX_FINGER_DIP,0.874811,0.6211805,-0.039063714,0.057596408,-0.004132316,0.016442046,0.9874235987663269
74,6167,right,8,INDEX_FINGER_TIP,0.887324,0.62677085,-0.04157316,0.07050893,0.0035551526,0.03391923,0.9874235987663269
74,6167,right,9,MIDDLE_FINGER_MCP,0.8177923,0.6198614,-0.02618372,0.0020245381,-0.005207413,-0.0016902089,0.9874235987663269
74,6167,right,10,MIDDLE_FINGER_PIP,0.85415965,0.62705845,-0.0362442,0.03573778,0.0070338873,-0.0019714981,0.9874235987663269
74,6167,right,11,MIDDLE_FINGER_DIP,0.8751698,0.63331217,-0.039886903,0.057248972,0.014366329,0.011634693,0.9874235987663269
74,6167,right,12,MIDDLE_FINGER_TIP,0.8897409,0.6388883,-0.042151846,0.07801464,0.021604802,0.034274668,0.9874235987663269
74,6167,right,13,RING_FINGER_MCP,0.81206185,0.62898695,-0.029727371,-0.005677552,0.0145697165,-0.005151108,0.9874235987663269
74,6167,right,14,RING_FINGER_PIP,0.84682894,0.6366991,-0.037048236,0.024024421,0.027238028,-0.0038729757,0.9874235987663269
74,6167,right,15,RING_FINGER_DIP,0.86767465,0.64240175,-0.03907982,0.046980865,0.035759244,0.010171011,0.9874235987663269
74,6167,right,16,RING_FINGER_TIP,0.8822974,0.6469318,-0.040225353,0.065427706,0.042243607,0.025846455,0.9874235987663269
74,6167,right,17,PINKY_MCP,0.8079856,0.6381035,-0.03330002,-0.018595027,0.030181192,0.0026958585,0.9874235987663269
74,6167,right,18,PINKY_PIP,0.8364124,0.6432399,-0.0373897,0.0061985366,0.038427435,0.006902814,0.9874235987663269
74,6167,right,19,PINKY_DIP,0.85324323,0.64646673,-0.03759507,0.028798234,0.044832446,0.01409784,0.9874235987663269
74,6167,right,20,PINKY_TIP,0.86658525,0.6494153,-0.037640817,0.04620631,0.04571421,0.023871243,0.9874235987663269
75,6250,left,0,WRIST,0.6027252,0.60915416,1.2939518e-07,0.041483074,-0.014834238,0.086703,0.9990960359573364
75,6250,left,1,THUMB_CMC,0.58151615,0.6073817,-0.0038225462,0.0068439213,-0.019269358,0.06815742,0.9990960359573364
75,6250,left,2,THUMB_MCP,0.5610951,0.61149645,-0.010585506,-0.01282772,-0.011575562,0.043601505,0.9990960359573364
75,6250,left,3,THUMB_IP,0.54760116,0.6174832,-0.015968304,-0.024720602,0.00076590665,0.009591699,0.9990960359573364
75,6250,left,4,THUMB_TIP,0.54028475,0.6246531,-0.022039758,-0.036783192,0.015572988,-0.020871088,0.9990960359573364
75,6250,left,5,INDEX_FINGER_MCP,0.56888497,0.61019033,-0.026664915,-0.014360144,-0.01288761,-0.001876995,0.9990960359573364
75,6250,left,6,INDEX_FINGER_PIP,0.5461386,0.62281835,-0.036670376,-0.035784535,0.008131793,-0.009255528,0.9990960359573364
75,6250,left,7,INDEX_FINGER_DIP,0.5348191,0.6299606,-0.040153198,-0.048081663,0.021925308,0.011362642,0.9990960359573364
75,6250,left,8,INDEX_FINGER_TIP,0.5283877,0.63496673,-0.040827036,-0.05138464,0.03937957,0.0367478,0.9990960359573364
75,6250,left,9,MIDDLE_FINGER_MCP,0.58289707,0.61531955,-0.02830351,-0.0012620974,-0.0028856324,-0.0026266128,0.9990960359573364
75,6250,left,10,MIDDLE_FINGER_PIP,0.5571618,0.62858194,-0.03756668,-0.025892437,0.021682866,-0.006678559,0.9990960359573364
75,6250,left,11,MIDDLE_FINGER_DIP,0.54443914,0.63568574,-0.038213972,-0.035892736,0.04267793,0.01245445,0.9990960359573364
75,6250,left,12,MIDDLE_FINGER_TIP,0.53786623,0.63955605,-0.037879653,-0.04571718,0.052578524,0.043521583,0.9990960359573364
75,6250,left,13,RING_FINGER_MCP,0.59373903,0.6210269,-0.028989049,0.008523265,0.011039957,-0.00096154213,0.9990960359573364
75,6250,left,14,RING_FINGER_PIP,0.5680677,0.63252497,-0.0351474,-0.011278661,0.030446995,-0.00039384514,0.9990960359573364
75,6250,left,15,RING_FINGER_DIP,0.55522305,0.6386338,-0.03338918,-0.022259396,0.0466591,0.021037322,0.9990960359573364
75,6250,left,16,RING_FINGER_TIP,0.5484368,0.64186656,-0.03139617,-0.031949323,0.05391147,0.049022578,0.9990960359573364
75,6250,left,17,PINKY_MCP,0.6014178,0.626418,-0.029513154,0.023686126,0.024906462,0.013068963,0.9990960359573364
75,6250,left,18,PINKY_PIP,0.5779101,0.6348458,-0.03339066,0.004337729,0.032771222,0.013220426,0.9990960359573364
75,6250,left,19,PINKY_DIP,0.5666065,0.6385141,-0.03159458,-0.010932442,0.04689929,0.025399894,0.9990960359573364
75,6250,left,20,PINKY_TIP,0.5609164,0.64100045,-0.029545119,-0.01723313,0.049711425,0.047260597,0.9990960359573364
75,6250,right,0,WRIST,0.7835491,0.6282945,2.5508407e-07,-0.060221817,0.0010036025,0.07409912,0.9899476170539856
75,6250,right,1,THUMB_CMC,0.8053065,0.6223302,-0.0027427291,-0.029304724,-0.015198295,0.06464058,0.9899476170539856
75,6250,right,2,THUMB_MCP,0.83004236,0.6218967,-0.009611198,-0.0009033224,-0.012935906,0.053085253,0.9899476170539856
75,6250,right,3,THUMB_IP,0.8495568,0.6264713,-0.015898392,0.021898713,-0.007495558,0.027511336,0.9899476170539856
75,6250,right,4,THUMB_TIP,0.862034,0.6313424,-0.02246707,0.03418376,0.0032259088,0.0008918345,0.9899476170539856
75,6250,right,5,INDEX_FINGER_MCP,0.83087444,0.6172342,-0.024306953,0.009179674,-0.024873585,0.0058462396,0.9899476170539856
75,6250,right,6,INDEX_FINGER_PIP,0.8633127,0.6214434,-0.035732135,0.039280023,-0.01557642,0.0031109601,0.9899476170539856
75,6250,right,7,INDEX_FINGER_DIP,0.88066113,0.62698126,-0.04103433,0.05809429,-0.0041637355,0.015857428,0.9899476170539856
75,6250,right,8,INDEX_FINGER_TIP,0.8936285,0.63244736,-0.04345269,0.072418064,0.002561829,0.034336984,0.9899476170539856
75,6250,right,9,MIDDLE_FINGER_MCP,0.82441247,0.6251499,-0.028132247,0.0017795183,-0.0047843563,-0.0025020689,0.9899476170539856
75,6250,right,10,MIDDLE_FINGER_PIP,0.8611179,0.6331051,-0.03847086,0.03712557,0.0074989707,-0.0022149608,0.9899476170539856
75,6250,right,11,MIDDLE_FINGER_DIP,0.88200986,0.6395072,-0.04213686,0.05918254,0.01539675,0.011401795,0.9899476170539856
75,6250,right,12,MIDDLE_FINGER_TIP,0.8965369,0.64494616,-0.044469677,0.07733731,0.022864034,0.03444943,0.9899476170539856
75,6250,right,13,RING_FINGER_MCP,0.8190121,0.6343297,-0.031183304,-0.0057408013,0.015134741,-0.0044653937,0.9899476170539856
75,6250,right,14,RING_FINGER_PIP,0.8536798,0.6429487,-0.038685437,0.024999425,0.02836983,-0.003124334,0.9899476170539856
75,6250,right,15,RING_FINGER_DIP,0.87467563,0.64885694,-0.04113147,0.047230925,0.036199782,0.009919561,0.9899476170539856
75,6250,right,16,RING_FINGER_TIP,0.88950175,0.6533556,-0.04260432,0.0655453,0.044781018,0.027715396,0.9899476170539856
75,6250,right,17,PINKY_MCP,0.81549853,0.64350057,-0.034113795,-0.017885868,0.030644236,0.0044364966,0.9899476170539856
75,6250,right,18,PINKY_PIP,0.8443761,0.64927125,-0.03843097,0.0073005334,0.038937666,0.009313464,0.9899476170539856
75,6250,right,19,PINKY_DIP,0.8607678,0.6526247,-0.03908946,0.029722877,0.044887185,0.015640348,0.9899476170539856
75,6250,right,20,PINKY_TIP,0.87359065,0.6555432,-0.039551962,0.0466818,0.04743536,0.026624814,0.9899476170539856
76,6333,left,0,WRIST,0.60346377,0.60936517,1.3732266e-07,0.041619882,-0.014902014,0.08729039,0.9992903470993042
76,6333,left,1,THUMB_CMC,0.58206254,0.60758793,-0.0038057715,0.007750184,-0.019818094,0.067696795,0.9992903470993042
76,6333,left,2,THUMB_MCP,0.5612087,0.6115921,-0.010507981,-0.013012588,-0.011676279,0.04334753,0.9992903470993042
76,6333,left,3,THUMB_IP,0.54735076,0.61756533,-0.015804313,-0.026136095,0.00051509775,0.009065613,0.9992903470993042
76,6333,left,4,THUMB_TIP,0.5404098,0.6250062,-0.0217556,-0.03779249,0.016652659,-0.021169841,0.9992903470993042
76,6333,left,5,INDEX_FINGER_MCP,0.5704576,0.6101618,-0.026646318,-0.014698162,-0.012631634,-0.0021275282,0.9992903470993042
76,6333,left,6,INDEX_FINGER_PIP,0.54750067,0.62290025,-0.036661763,-0.036745805,0.0085377,-0.009495422,0.9992903470993042
76,6333,left,7,INDEX_FINGER_DIP,0.53596467,0.6300427,-0.04001003,-0.04826229,0.022454884,0.011763871,0.9992903470993042
76,6333,left,8,INDEX_FINGER_TIP,0.52967566,0.634763,-0.040469717,-0.05057338,0.039109986,0.036597915,0.9992903470993042
76,6333,left,9,MIDDLE_FINGER_MCP,0.5846251,0.6152926,-0.02817216,-0.001398862,-0.0029802315,-0.0026239343,0.9992903470993042
76,6333,left,10,MIDDLE_FINGER_PIP,0.5586738,0.62862706,-0.03734154,-0.026593877,0.022180181,-0.007048033,0.9992903470993042
76,6333,left,11,MIDDLE_FINGER_DIP,0.54568315,0.63572365,-0.037695862,-0.03626368,0.043397978,0.012597844,0.9992903470993042
76,6333,left,12,MIDDLE_FINGER_TIP,0.53901345,0.6393792,-0.03711535,-0.04486265,0.052224673,0.04405114,0.9992903470993042
76,6333,left,13,RING_FINGER_MCP,0.5954027,0.62097365,-0.028753549,0.008816847,0.010912627,-0.0011778027,0.9992903470993042
76,6333,left,14,RING_FINGER_PIP,0.5692895,0.6325323,-0.03477068,-0.012037141,0.030921502,-0.0005399436,0.9992903470993042
76,6333,left,15,RING_FINGER_DIP,0.5561013,0.6386904,-0.0327014,-0.022438552,0.046603184,0.02092598,0.9992903470993042
76,6333,left,16,RING_FINGER_TIP,0.5492106,0.6418005,-0.030459298,-0.031622805,0.053230464,0.05025661,0.9992903470993042
76,6333,left,17,PINKY_MCP,0.6028384,0.6263662,-0.029181713,0.023979612,0.024788607,0.012652801,0.9992903470993042
76,6333,left,18,PINKY_PIP,0.57904917,0.6348477,-0.032895446,0.0036964482,0.033571288,0.012684062,0.9992903470993042
76,6333,left,19,PINKY_DIP,0.5672134,0.6386334,-0.030957708,-0.011975989,0.047921523,0.025856994,0.9992903470993042
76,6333,left,20,PINKY_TIP,0.5612433,0.641108,-0.028784027,-0.017403862,0.050218284,0.048160613,0.9992903470993042
76,6333,right,0,WRIST,0.7892863,0.6313874,2.65613e-07,-0.056635104,0.0008305749,0.075196564,0.9929609894752502
76,6333,right,1,THUMB_CMC,0.81075984,0.6255784,-0.0024181395,-0.027379507,-0.014648039,0.06679632,0.9929609894752502
76,6333,right,2,THUMB_MCP,0.83550787,0.625605,-0.0090969745,-0.00022325921,-0.011636717,0.05430153,0.9929609894752502
76,6333,right,3,THUMB_IP,0.8546975,0.6308453,-0.015143255,0.021812445,-0.004942169,0.028305247,0.9929609894752502
76,6333,right,4,THUMB_TIP,0.86679333,0.6362917,-0.021447925,0.0327372,0.008804733,0.0011573732,0.9929609894752502
76,6333,right,5,INDEX_FINGER_MCP,0.83575433,0.6210061,-0.024300259,0.009496552,-0.024247969,0.0062030256,0.9929609894752502
76,6333,right,6,INDEX_FINGER_PIP,0.8679015,0.6250483,-0.036156435,0.038861066,-0.015116522,0.0020986497,0.9929609894752502
76,6333,right,7,INDEX_FINGER_DIP,0.88553584,0.63090634,-0.042026155,0.056888465,-0.0042881006,0.011405267,0.9929609894752502
76,6333,right,8,INDEX_FINGER_TIP,0.8985541,0.63669354,-0.0448144,0.07026556,0.004245015,0.027679605,0.9929609894752502
76,6333,right,9,MIDDLE_FINGER_MCP,0.82924914,0.62894094,-0.028211517,0.0016790936,-0.005044086,-0.0023867525,0.9929609894752502
76,6333,right,10,MIDDLE_FINGER_PIP,0.8657216,0.6371406,-0.038956776,0.0353834,0.00924783,-0.0027491525,0.9929609894752502
76,6333,right,11,MIDDLE_FINGER_DIP,0.8867711,0.64384496,-0.043155137,0.059194807,0.017615441,0.009530649,0.9929609894752502
76,6333,right,12,MIDDLE_FINGER_TIP,0.9013839,0.6495047,-0.045841817,0.07684249,0.025490344,0.03097783,0.9929609894752502
76,6333,right,13,RING_FINGER_MCP,0.8237484,0.63796,-0.031282544,-0.006378742,0.014464149,-0.0045984834,0.9929609894752502
76,6333,right,14,RING_FINGER_PIP,0.85817814,0.64673185,-0.039144166,0.023851167,0.027870042,-0.0032837316,0.9929609894752502
76,6333,right,15,RING_FINGER_DIP,0.87911147,0.6530738,-0.0419428,0.0458847,0.03889227,0.008071668,0.9929609894752502
76,6333,right,16,RING_FINGER_TIP,0.89384276,0.6579532,-0.04355793,0.06469036,0.047916625,0.024920147,0.9929609894752502
76,6333,right,17,PINKY_MCP,0.8202451,0.64687186,-0.034163624,-0.017885657,0.029609483,0.0038121492,0.9929609894752502
76,6333,right,18,PINKY_PIP,0.84898984,0.65302867,-0.03865686,0.006311845,0.038651355,0.007842287,0.9929609894752502
76,6333,right,19,PINKY_DIP,0.8653516,0.65657794,-0.039408594,0.027515657,0.045764204,0.014264971,0.9929609894752502
76,6333,right,20,PINKY_TIP,0.8783365,0.65963644,-0.039891478,0.046575196,0.048392206,0.025491789,0.9929609894752502
77,6417,left,0,WRIST,0.60437363,0.6094401,1.4233778e-07,0.04197314,-0.014414556,0.0875005,0.9993809461593628
77,6417,left,1,THUMB_CMC,0.5835287,0.60756993,-0.0043942025,0.008093867,-0.019506223,0.067903936,0.9993809461593628
77,6417,left,2,THUMB_MCP,0.5626012,0.611714,-0.011445945,-0.011892682,-0.011689241,0.042639777,0.9993809461593628
77,6417,left,3,THUMB_IP,0.5484186,0.6177477,-0.016903728,-0.025042754,-0.00055255834,0.0087552965,0.9993809461593628
77,6417,left,4,THUMB_TIP,0.5409,0.6252091,-0.02297429,-0.03713602,0.015604879,-0.022029966,0.9993809461593628
77,6417,left,5,INDEX_FINGER_MCP,0.57117325,0.61009634,-0.028058363,-0.013752331,-0.013406391,-0.0021288618,0.9993809461593628
77,6417,left,6,INDEX_FINGER_PIP,0.5482819,0.623132,-0.03843367,-0.03545475,0.008219372,-0.009292498,0.9993809461593628
77,6417,left,7,INDEX_FINGER_DIP,0.53656775,0.63042307,-0.041853614,-0.047610912,0.022352647,0.010200538,0.9993809461593628
77,6417,left,8,INDEX_FINGER_TIP,0.5301099,0.6351709,-0.042297356,-0.05036406,0.038829155,0.03565295,0.9993809461593628
77,6417,left,9,MIDDLE_FINGER_MCP,0.58528477,0.61528516,-0.029324463,-0.0011028094,-0.0030344597,-0.0028008,0.9993809461593628
77,6417,left,10,MIDDLE_FINGER_PIP,0.5594662,0.62887424,-0.038880847,-0.026107483,0.021158064,-0.0070172213,0.9993809461593628
77,6417,left,11,MIDDLE_FINGER_DIP,0.54639393,0.63598907,-0.039099906,-0.03573179,0.042833813,0.011752471,0.9993809461593628
77,6417,left,12,MIDDLE_FINGER_TIP,0.5397186,0.63952804,-0.038309734,-0.04437722,0.052067846,0.04300134,0.9993809461593628
77,6417,left,13,RING_FINGER_MCP,0.59608257,0.62095106,-0.029645,0.008229241,0.011110729,-0.00097095966,0.9993809461593628
77,6417,left,14,RING_FINGER_PIP,0.5701174,0.63264996,-0.035913642,-0.01146161,0.030670486,-0.0006913766,0.9993809461593628
77,6417,left,15,RING_FINGER_DIP,0.55679005,0.6387478,-0.033647705,-0.022560846,0.046058953,0.020529024,0.9993809461593628
77,6417,left,16,RING_FINGER_TIP,0.5497805,0.6416472,-0.031159386,-0.032038108,0.052303597,0.04884608,0.9993809461593628
77,6417,left,17,PINKY_MCP,0.6035011,0.62624717,-0.029851831,0.023365878,0.025513863,0.012770046,0.9993809461593628
77,6417,left,18,PINKY_PIP,0.5797633,0.6347957,-0.033724822,0.0032829428,0.03350726,0.012929335,0.9993809461593628
77,6417,left,19,PINKY_DIP,0.56783694,0.6385574,-0.03171943,-0.012041779,0.047254063,0.026196085,0.9993809461593628
77,6417,left,20,PINKY_TIP,0.56177354,0.6408554,-0.029396687,-0.017596455,0.05015937,0.04766731,0.9993809461593628
77,6417,right,0,WRIST,0.7928049,0.63375694,2.6994135e-07,-0.05632341,0.00035416195,0.07634488,0.9950370192527771
77,6417,right,1,THUMB_CMC,0.8143339,0.6279668,-0.0030809408,-0.026969342,-0.015058745,0.06803435,0.9950370192527771
77,6417,right,2,THUMB_MCP,0.83889157,0.62848353,-0.009922031,-0.00016013143,-0.011635966,0.053656578,0.9950370192527771
77,6417,right,3,THUMB_IP,0.8574795,0.6341704,-0.015931142,0.021349126,-0.002994306,0.026589327,0.9950370192527771
77,6417,right,4,THUMB_TIP,0.8695377,0.639702,-0.022173742,0.03215474,0.008663323,-1.6540289e-05,0.9950370192527771
77,6417,right,5,INDEX_FINGER_MCP,0.83898705,0.62359375,-0.024434898,0.010256115,-0.023639593,0.0049958974,0.9950370192527771
77,6417,right,6,INDEX_FINGER_PIP,0.8710682,0.6283713,-0.035974495,0.03918795,-0.013795614,0.0020862073,0.9950370192527771
77,6417,right,7,INDEX_FINGER_DIP,0.8884717,0.63423055,-0.041489366,0.056677643,-0.0039285384,0.012594894,0.9950370192527771
77,6417,right,8,INDEX_FINGER_TIP,0.90143967,0.6400457,-0.04401336,0.07192138,0.004460806,0.030273585,0.9950370192527771
77,6417,right,9,MIDDLE_FINGER_MCP,0.8319494,0.6320428,-0.027937336,0.001757287,-0.004731815,-0.0028136,0.9950370192527771
77,6417,right,10,MIDDLE_FINGER_PIP,0.86837757,0.64032924,-0.038630754,0.034885373,0.009146812,-0.003863804,0.9950370192527771
77,6417,right,11,MIDDLE_FINGER_DIP,0.8891199,0.6469419,-0.04267047,0.05928914,0.018144492,0.010395594,0.9950370192527771
77,6417,right,12,MIDDLE_FINGER_TIP,0.9040267,0.6525205,-0.045133397,0.077219,0.0256911,0.032144383,0.9950370192527771
77,6417,right,13,RING_FINGER_MCP,0.82606107,0.6412139,-0.030646084,-0.006329254,0.013685808,-0.00400839,0.9950370192527771
77,6417,right,14,RING_FINGER_PIP,0.8607641,0.6498287,-0.038677435,0.023196375,0.02802129,-0.002426505,0.9950370192527771
77,6417,right,15,RING_FINGER_DIP,0.8813104,0.6561954,-0.041322604,0.04540772,0.03815307,0.008682594,0.9950370192527771
77,6417,right,16,RING_FINGER_TIP,0.8958665,0.66100276,-0.042654574,0.06398489,0.04845087,0.026733767,0.9950370192527771
77,6417,right,17,PINKY_MCP,0.82254404,0.64992565,-0.03318392,-0.0183256,0.02881201,0.00597243,0.9950370192527771
77,6417,right,18,PINKY_PIP,0.8514124,0.655971,-0.03782512,0.005420386,0.037825447,0.008882716,0.9950370192527771
77,6417,right,19,PINKY_DIP,0.8677397,0.65967274,-0.038513195,0.027564421,0.045085005,0.014388025,0.9950370192527771
77,6417,right,20,PINKY_TIP,0.8807094,0.662797,-0.038837105,0.04586888,0.048188835,0.027251735,0.9950370192527771
78,6500,left,0,WRIST,0.6048365,0.60964334,1.3792665e-07,0.04111881,-0.013213655,0.0871129,0.9994946718215942
78,6500,left,1,THUMB_CMC,0.58356595,0.6077779,-0.0041619097,0.007256181,-0.019303067,0.06757642,0.9994946718215942
78,6500,left,2,THUMB_MCP,0.56239724,0.61199975,-0.011064396,-0.013336808,-0.010719362,0.042611882,0.9994946718215942
78,6500,left,3,THUMB_IP,0.5481376,0.6183291,-0.01643399,-0.026297793,0.0010630377,0.008963093,0.9994946718215942
78,6500,left,4,THUMB_TIP,0.540762,0.6260407,-0.022444751,-0.038655788,0.017367603,-0.021098658,0.9994946718215942
78,6500,left,5,INDEX_FINGER_MCP,0.57176954,0.610089,-0.027615184,-0.013834787,-0.013540146,-0.0025285557,0.9994946718215942
78,6500,left,6,INDEX_FINGER_PIP,0.5490297,0.6230369,-0.037808515,-0.035539784,0.0079294555,-0.009639621,0.9994946718215942
78,6500,left,7,INDEX_FINGER_DIP,0.5374078,0.63023436,-0.041078188,-0.047634352,0.021866791,0.010761015,0.9994946718215942
78,6500,left,8,INDEX_FINGER_TIP,0.5308839,0.6349758,-0.04145652,-0.05078443,0.038748436,0.03671524,0.9994946718215942
78,6500,left,9,MIDDLE_FINGER_MCP,0.5859797,0.61529857,-0.028964672,-0.0011411891,-0.003139984,-0.0029415265,0.9994946718215942
78,6500,left,10,MIDDLE_FINGER_PIP,0.5601428,0.6287893,-0.038339477,-0.026350835,0.021294814,-0.0073189586,0.9994946718215942
78,6500,left,11,MIDDLE_FINGER_DIP,0.54712784,0.63578415,-0.038418896,-0.03587193,0.04318782,0.011977881,0.9994946718215942
78,6500,left,12,MIDDLE_FINGER_TIP,0.5405115,0.6392547,-0.037571047,-0.044139016,0.05163952,0.043745756,0.9994946718215942
78,6500,left,13,RING_FINGER_MCP,0.59673196,0.6210447,-0.029369466,0.008537964,0.011728948,-0.0011662096,0.9994946718215942
78,6500,left,14,RING_FINGER_PIP,0.57060015,0.6326337,-0.03551079,-0.011510598,0.030976962,-0.0003450662,0.9994946718215942
78,6500,left,15,RING_FINGER_DIP,0.55729145,0.6385913,-0.033100158,-0.022211574,0.045997836,0.02086353,0.9994946718215942
78,6500,left,16,RING_FINGER_TIP,0.55025387,0.64139706,-0.030540898,-0.031942166,0.051752366,0.049733184,0.9994946718215942
78,6500,left,17,PINKY_MCP,0.6040545,0.6264326,-0.029651653,0.0230829,0.026276534,0.013060605,0.9994946718215942
78,6500,left,18,PINKY_PIP,0.5801814,0.6348677,-0.033396184,0.0032723323,0.03385441,0.012746289,0.9994946718215942
78,6500,left,19,PINKY_DIP,0.5681102,0.6385076,-0.031320635,-0.012087252,0.048186965,0.026535243,0.9994946718215942
78,6500,left,20,PINKY_TIP,0.56189585,0.6407136,-0.02899124,-0.017877389,0.050588164,0.04828112,0.9994946718215942
78,6500,right,0,WRIST,0.79457504,0.63491774,2.7745477e-07,-0.05777726,0.0013222299,0.075493515,0.9940889477729797
78,6500,right,1,THUMB_CMC,0.81578004,0.62920636,-0.0041461843,-0.029244669,-0.016026033,0.06983487,0.9940889477729797
78,6500,right,2,THUMB_MCP,0.8404561,0.62941235,-0.011776256,0.00015504728,-0.013355923,0.05266273,0.9940889477729797
78,6500,right,3,THUMB_IP,0.8588653,0.63476664,-0.018407004,0.022270871,-0.004466264,0.025504723,0.9940889477729797
78,6500,right,4,THUMB_TIP,0.8713415,0.6405592,-0.025249775,0.033624582,0.0058183502,-0.002648592,0.9940889477729797
78,6500,right,5,INDEX_FINGER_MCP,0.840708,0.6244798,-0.02591892,0.011077222,-0.024352128,0.004522085,0.9940889477729797
78,6500,right,6,INDEX_FINGER_PIP,0.8733178,0.6294553,-0.038208436,0.04201636,-0.014876893,0.0029592812,0.9940889477729797
78,6500,right,7,INDEX_FINGER_DIP,0.8911537,0.63519394,-0.043908786,0.058926936,-0.003078382,0.012450419,0.9940889477729797
78,6500,right,8,INDEX_FINGER_TIP,0.90443194,0.64091676,-0.04643823,0.07506958,0.0045728576,0.029811941,0.9940889477729797
78,6500,right,9,MIDDLE_FINGER_MCP,0.833195,0.6326881,-0.029284399,0.001741408,-0.0050387993,-0.0028193444,0.9940889477729797
78,6500,right,10,MIDDLE_FINGER_PIP,0.8702024,0.64131635,-0.041123383,0.037120417,0.009805887,-0.004425198,0.9940889477729797
78,6500,right,11,MIDDLE_FINGER_DIP,0.89115125,0.647666,-0.045271087,0.06117082,0.017313845,0.0113149285,0.9940889477729797
78,6500,right,12,MIDDLE_FINGER_TIP,0.9064463,0.6529084,-0.047504567,0.07918096,0.021783993,0.030159831,0.9940889477729797
78,6500,right,13,RING_FINGER_MCP,0.8270385,0.64190704,-0.03198043,-0.006653609,0.014986245,-0.004055232,0.9940889477729797
78,6500,right,14,RING_FINGER_PIP,0.86248183,0.65086925,-0.040806763,0.025106266,0.029223425,-0.00279589,0.9940889477729797
78,6500,right,15,RING_FINGER_DIP,0.88383794,0.6567765,-0.043332487,0.04904437,0.03632276,0.008489728,0.9940889477729797
78,6500,right,16,RING_FINGER_TIP,0.8994101,0.66112906,-0.044385705,0.06866527,0.045484662,0.02534701,0.9940889477729797
78,6500,right,17,PINKY_MCP,0.8233491,0.6508694,-0.034593783,-0.01930819,0.029892944,0.0066034794,0.9940889477729797
78,6500,right,18,PINKY_PIP,0.8527282,0.65717435,-0.039726686,0.006981552,0.03944158,0.009797521,0.9940889477729797
78,6500,right,19,PINKY_DIP,0.8698429,0.6609208,-0.040500678,0.0291639,0.045802593,0.015307516,0.9940889477729797
78,6500,right,20,PINKY_TIP,0.8834575,0.66408926,-0.040778793,0.047812194,0.048565347,0.029057205,0.9940889477729797
79,6583,left,0,WRIST,0.6047835,0.6099469,1.4041538e-07,0.041026488,-0.012015716,0.08795622,0.9994363188743591
79,6583,left,1,THUMB_CMC,0.58363134,0.60797644,-0.004443302,0.007065585,-0.018268706,0.06785889,0.9994363188743591
79,6583,left,2,THUMB_MCP,0.5626031,0.61201173,-0.011649899,-0.012496008,-0.011046357,0.04258117,0.9994363188743591
79,6583,left,3,THUMB_IP,0.54841727,0.61803234,-0.01719824,-0.025271872,-4.0966086e-05,0.008823819,0.9994363188743591
79,6583,left,4,THUMB_TIP,0.5409817,0.62547135,-0.023412677,-0.037811384,0.015817069,-0.021833718,0.9994363188743591
79,6583,left,5,INDEX_FINGER_MCP,0.5719173,0.6100806,-0.028901644,-0.013263186,-0.013570004,-0.0026029944,0.9994363188743591
79,6583,left,6,INDEX_FINGER_PIP,0.5490528,0.6230036,-0.039315164,-0.035181317,0.0074861553,-0.00989145,0.9994363188743591
79,6583,left,7,INDEX_FINGER_DIP,0.5372743,0.6303623,-0.042593826,-0.04763086,0.021724217,0.010018632,0.9994363188743591
79,6583,left,8,INDEX_FINGER_TIP,0.5306405,0.63525707,-0.042954452,-0.050382357,0.03830289,0.036807276,0.9994363188743591
79,6583,left,9,MIDDLE_FINGER_MCP,0.5861778,0.61539364,-0.030174255,-0.00070556364,-0.0030109673,-0.0028735325,0.9994363188743591
79,6583,left,10,MIDDLE_FINGER_PIP,0.56023896,0.6289104,-0.03990177,-0.02605284,0.0208346,-0.0075485557,0.9994363188743591
79,6583,left,11,MIDDLE_FINGER_DIP,0.5471736,0.6359324,-0.03991549,-0.035897594,0.042571522,0.011925243,0.9994363188743591
79,6583,left,12,MIDDLE_FINGER_TIP,0.5407685,0.6393791,-0.038932722,-0.043421194,0.05160704,0.04387718,0.9994363188743591
79,6583,left,13,RING_FINGER_MCP,0.59699684,0.6211723,-0.030448798,0.00816174,0.011745805,-0.0009263903,0.9994363188743591
79,6583,left,14,RING_FINGER_PIP,0.5708416,0.6328106,-0.036823694,-0.011412997,0.030512657,-0.0005959049,0.9994363188743591
79,6583,left,15,RING_FINGER_DIP,0.5573529,0.6387821,-0.034355734,-0.022977361,0.046143748,0.020897754,0.9994363188743591
79,6583,left,16,RING_FINGER_TIP,0.5504403,0.6415319,-0.031669363,-0.031789627,0.05174081,0.049688216,0.9994363188743591
79,6583,left,17,PINKY_MCP,0.6043364,0.62652075,-0.030595118,0.022194598,0.02626618,0.013664311,0.9994363188743591
79,6583,left,18,PINKY_PIP,0.58028805,0.63507235,-0.03445946,0.002920296,0.033273768,0.0130269565,0.9994363188743591
79,6583,left,19,PINKY_DIP,0.5681207,0.6387355,-0.03233484,-0.012535691,0.04763029,0.026903935,0.9994363188743591
79,6583,left,20,PINKY_TIP,0.5619746,0.6408848,-0.029912166,-0.01783803,0.050065905,0.048422843,0.9994363188743591
79,6583,right,0,WRIST,0.79468715,0.6345737,2.7599435e-07,-0.056450855,0.0014984873,0.076826245,0.9965969920158386
79,6583,right,1,THUMB_CMC,0.81600153,0.628729,-0.003974367,-0.028911877,-0.015725426,0.0690382,0.9965969920158386
79,6583,right,2,THUMB_MCP,0.84112287,0.62936544,-0.011202945,0.0011514811,-0.011606419,0.05287473,0.9965969920158386
79,6583,right,3,THUMB_IP,0.8602737,0.6350144,-0.017371241,0.021854961,-0.0033802157,0.026594222,0.9965969920158386
79,6583,right,4,THUMB_TIP,0.8731964,0.64078504,-0.023661887,0.03300199,0.008168966,-0.0029310435,0.9965969920158386
79,6583,right,5,INDEX_FINGER_MCP,0.8408872,0.6242574,-0.02567369,0.010336871,-0.025292598,0.0043544024,0.9965969920158386
79,6583,right,6,INDEX_FINGER_PIP,0.873728,0.6294575,-0.037440665,0.040915817,-0.013991581,0.0025218576,0.9965969920158386
79,6583,right,7,INDEX_FINGER_DIP,0.89167553,0.6353225,-0.04257267,0.058043275,-0.003724128,0.013170391,0.9965969920158386
79,6583,right,8,INDEX_FINGER_TIP,0.9048294,0.6409414,-0.04466418,0.07308798,0.0048622712,0.03124825,0.9965969920158386
79,6583,right,9,MIDDLE_FINGER_MCP,0.8330848,0.6325805,-0.028915731,0.0012625844,-0.0054741027,-0.0031177998,0.9965969920158386
79,6583,right,10,MIDDLE_FINGER_PIP,0.87067354,0.6415562,-0.040384613,0.036491,0.010136836,-0.0039375722,0.9965969920158386
79,6583,right,11,MIDDLE_FINGER_DIP,0.89166206,0.64815015,-0.04399952,0.06034865,0.019145608,0.01249446,0.9965969920158386
79,6583,right,12,MIDDLE_FINGER_TIP,0.906709,0.65330803,-0.045761216,0.078565285,0.02296469,0.033716112,0.9965969920158386
79,6583,right,13,RING_FINGER_MCP,0.82687163,0.64194506,-0.031453636,-0.006358675,0.015207655,-0.0034473315,0.9965969920158386
79,6583,right,14,RING_FINGER_PIP,0.8628435,0.65105265,-0.04005409,0.0255511,0.03015164,-0.0017663985,0.9965969920158386
79,6583,right,15,RING_FINGER_DIP,0.8844466,0.65705186,-0.04221401,0.049910646,0.038214497,0.008497074,0.9965969920158386
79,6583,right,16,RING_FINGER_TIP,0.90010154,0.66132534,-0.042910054,0.0685572,0.046934083,0.026655138,0.9965969920158386
79,6583,right,17,PINKY_MCP,0.82347006,0.65093046,-0.033890374,-0.017840559,0.030734709,0.0075791776,0.9965969920158386
79,6583,right,18,PINKY_PIP,0.85340255,0.6573265,-0.038734864,0.00798117,0.03948137,0.011715271,0.9965969920158386
79,6583,right,19,PINKY_DIP,0.8708242,0.6611383,-0.03923453,0.030694313,0.04631822,0.017970279,0.9965969920158386
79,6583,right,20,PINKY_TIP,0.88468707,0.6643221,-0.039249763,0.048428465,0.05000374,0.03085795,0.9965969920158386
80,6667,left,0,WRIST,0.60467625,0.61019915,1.4301573e-07,0.041918736,-0.012617085,0.08719677,0.9994867444038391
80,6667,left,1,THUMB_CMC,0.5833421,0.60816073,-0.004588876,0.0076249805,-0.01907947,0.066704184,0.9994867444038391
80,6667,left,2,THUMB_MCP,0.56262255,0.6119894,-0.012008458,-0.012475846,-0.011525314,0.04186342,0.9994867444038391
80,6667,left,3,THUMB_IP,0.5489121,0.6177857,-0.017754426,-0.024497066,-0.0005119266,0.007979482,0.9994867444038391
80,6667,left,4,THUMB_TIP,0.5420647,0.6251051,-0.024163906,-0.037056997,0.015464067,-0.02298373,0.9994867444038391
80,6667,left,5,INDEX_FINGER_MCP,0.5719949,0.61017394,-0.029105963,-0.0137375835,-0.013560081,-0.0029859394,0.9994867444038391
80,6667,left,6,INDEX_FINGER_PIP,0.5492112,0.6230494,-0.039754096,-0.035679806,0.007637363,-0.0105775595,0.9994867444038391
80,6667,left,7,INDEX_FINGER_DIP,0.5372248,0.63041973,-0.043242548,-0.048003074,0.0220345,0.010499857,0.9994867444038391
80,6667,left,8,INDEX_FINGER_TIP,0.53057253,0.6352477,-0.043676782,-0.050126676,0.03903409,0.036975276,0.9994867444038391
80,6667,left,9,MIDDLE_FINGER_MCP,0.5862153,0.61545664,-0.030352246,-0.00095158594,-0.0031979326,-0.0029430874,0.9994867444038391
80,6667,left,10,MIDDLE_FINGER_PIP,0.56039834,0.6290173,-0.04020239,-0.026515504,0.02150035,-0.007265039,0.9994867444038391
80,6667,left,11,MIDDLE_FINGER_DIP,0.5470785,0.63603514,-0.04028052,-0.035947893,0.043328192,0.011940926,0.9994867444038391
80,6667,left,12,MIDDLE_FINGER_TIP,0.5404901,0.63938534,-0.039275862,-0.043939393,0.051619418,0.044813536,0.9994867444038391
80,6667,left,13,RING_FINGER_MCP,0.596939,0.6212088,-0.030605137,0.0082495,0.012089728,-0.0006828308,0.9994867444038391
80,6667,left,14,RING_FINGER_PIP,0.5710035,0.6329077,-0.037086952,-0.011591095,0.031415068,-0.00023138523,0.9994867444038391
80,6667,left,15,RING_FINGER_DIP,0.55734795,0.63883686,-0.034529526,-0.02263226,0.046532176,0.021308381,0.9994867444038391
80,6667,left,16,RING_FINGER_TIP,0.5503622,0.64147264,-0.03169359,-0.03183517,0.05209091,0.0507603,0.9994867444038391
80,6667,left,17,PINKY_MCP,0.6042102,0.6265338,-0.03074594,0.022466663,0.026737045,0.013909683,0.9994867444038391
80,6667,left,18,PINKY_PIP,0.5803236,0.63512516,-0.034622237,0.0035197064,0.03381008,0.013372131,0.9994867444038391
80,6667,left,19,PINKY_DIP,0.56814593,0.6387719,-0.03231568,-0.012819653,0.048405852,0.027441725,0.9994867444038391
80,6667,left,20,PINKY_TIP,0.5619869,0.64084774,-0.029693225,-0.018104712,0.050209954,0.048902288,0.9994867444038391
80,6667,right,0,WRIST,0.7945231,0.6335884,2.7520574e-07,-0.056613017,-0.00057448447,0.07752219,0.9966625571250916
80,6667,right,1,THUMB_CMC,0.8162659,0.6280719,-0.0040826835,-0.028516436,-0.017108778,0.06860553,0.9966625571250916
80,6667,right,2,THUMB_MCP,0.8412044,0.6291738,-0.011382678,0.0016356283,-0.012043906,0.052733436,0.9966625571250916
80,6667,right,3,THUMB_IP,0.860033,0.635162,-0.017525775,0.02109846,-0.003192165,0.026647791,0.9966625571250916
80,6667,right,4,THUMB_TIP,0.87230456,0.6412674,-0.023840806,0.03236195,0.008728258,-0.002204761,0.9966625571250916
80,6667,right,5,INDEX_FINGER_MCP,0.84077704,0.6242349,-0.026368316,0.010428695,-0.024516195,0.003680393,0.9966625571250916
80,6667,right,6,INDEX_FINGER_PIP,0.8735416,0.6297337,-0.038194727,0.040583637,-0.013206698,0.0019027144,0.9966625571250916
80,6667,right,7,INDEX_FINGER_DIP,0.8912865,0.6357495,-0.043357756,0.057758275,-0.003287794,0.012749158,0.9966625571250916
80,6667,right,8,INDEX_FINGER_TIP,0.90433127,0.6414783,-0.04548401,0.07283176,0.00598544,0.031014286,0.9966625571250916
80,6667,right,9,MIDDLE_FINGER_MCP,0.8330087,0.6327804,-0.029483017,0.0013825429,-0.005485941,-0.003271807,0.9966625571250916
80,6667,right,10,MIDDLE_FINGER_PIP,0.87043417,0.64183235,-0.040875122,0.036222827,0.01023176,-0.0041383207,0.9966625571250916
80,6667,right,11,MIDDLE_FINGER_DIP,0.8914023,0.64855623,-0.04456658,0.059785098,0.019657977,0.011101499,0.9966625571250916
80,6667,right,12,MIDDLE_FINGER_TIP,0.9064899,0.6538793,-0.046465896,0.07910314,0.024873668,0.033577174,0.9966625571250916
80,6667,right,13,RING_FINGER_MCP,0.82677335,0.64210826,-0.03181474,-0.006371353,0.01512243,-0.0029922575,0.9966625571250916
80,6667,right,14,RING_FINGER_PIP,0.8625951,0.651261,-0.040397678,0.02522001,0.030497402,-0.0016828775,0.9966625571250916
80,6667,right,15,RING_FINGER_DIP,0.88402766,0.65737796,-0.04267972,0.04935733,0.038763117,0.00838802,0.9966625571250916
80,6667,right,16,RING_FINGER_TIP,0.89952654,0.6618513,-0.043513414,0.068177596,0.04815553,0.026757535,0.9966625571250916
80,6667,right,17,PINKY_MCP,0.8232903,0.6508557,-0.034030367,-0.017446643,0.030154256,0.008745998,0.9966625571250916
80,6667,right,18,PINKY_PIP,0.852784,0.65737426,-0.038903292,0.0069949124,0.038738813,0.01250327,0.9966625571250916
80,6667,right,19,PINKY_DIP,0.8698016,0.6612179,-0.039433967,0.029814241,0.046613418,0.018354714,0.9966625571250916
80,6667,right,20,PINKY_TIP,0.8832954,0.66447765,-0.0395019,0.04737852,0.050131056,0.030616492,0.9966625571250916
81,6750,left,0,WRIST,0.6035065,0.6101032,1.382639e-07,0.040905662,-0.013252841,0.08739787,0.9993563294410706
81,6750,left,1,THUMB_CMC,0.5823622,0.60826653,-0.004560816,0.0066151135,-0.019328315,0.066967815,0.9993563294410706
81,6750,left,2,THUMB_MCP,0.5618273,0.6123208,-0.011908775,-0.013516756,-0.011106439,0.04226671,0.9993563294410706
81,6750,left,3,THUMB_IP,0.5481923,0.61828387,-0.017563429,-0.025244202,4.5568682e-05,0.00859531,0.9993563294410706
81,6750,left,4,THUMB_TIP,0.5415937,0.6256311,-0.023884658,-0.037858993,0.01612999,-0.022863239,0.9993563294410706
81,6750,left,5,INDEX_FINGER_MCP,0.571436,0.6104734,-0.028702058,-0.013810383,-0.013405427,-0.0033158958,0.9993563294410706
81,6750,left,6,INDEX_FINGER_PIP,0.54908544,0.6233473,-0.03890225,-0.035352275,0.0075780656,-0.010807589,0.9993563294410706
81,6750,left,7,INDEX_FINGER_DIP,0.5373695,0.63066024,-0.042174563,-0.047624614,0.021769812,0.0106787905,0.9993563294410706
81,6750,left,8,INDEX_FINGER_TIP,0.5306833,0.63546336,-0.04260776,-0.04977415,0.039501905,0.037065346,0.9993563294410706
81,6750,left,9,MIDDLE_FINGER_MCP,0.585694,0.61568797,-0.02985475,-0.00060264475,-0.003263587,-0.0029094815,0.9993563294410706
81,6750,left,10,MIDDLE_FINGER_PIP,0.5603802,0.6293686,-0.039209437,-0.026256837,0.02158453,-0.006923467,0.9993563294410706
81,6750,left,11,MIDDLE_FINGER_DIP,0.54740316,0.6360668,-0.039112974,-0.035144653,0.04321158,0.012313135,0.9993563294410706
81,6750,left,12,MIDDLE_FINGER_TIP,0.5407704,0.6392304,-0.038181458,-0.04394643,0.051625542,0.045005076,0.9993563294410706
81,6750,left,13,RING_FINGER_MCP,0.5964514,0.62137586,-0.030001175,0.008213513,0.01189021,-0.00024484098,0.9993563294410706
81,6750,left,14,RING_FINGER_PIP,0.5706459,0.63305247,-0.036167447,-0.011768228,0.031007785,-3.733486e-05,0.9993563294410706
81,6750,left,15,RING_FINGER_DIP,0.5574992,0.6387084,-0.033445317,-0.022613078,0.046199813,0.021965817,0.9993563294410706
81,6750,left,16,RING_FINGER_TIP,0.5507705,0.6413331,-0.03068694,-0.031837102,0.05253515,0.051472533,0.9993563294410706
81,6750,left,17,PINKY_MCP,0.60380197,0.6266232,-0.030037155,0.02206245,0.026926693,0.014177404,0.9993563294410706
81,6750,left,18,PINKY_PIP,0.58010745,0.6351208,-0.033722762,0.0034329453,0.033411343,0.013450392,0.9993563294410706
81,6750,left,19,PINKY_DIP,0.56851614,0.6385484,-0.031251013,-0.0124253705,0.047692027,0.028028622,0.9993563294410706
81,6750,left,20,PINKY_TIP,0.56283593,0.640678,-0.028657492,-0.017203623,0.04996989,0.049523354,0.9993563294410706
81,6750,right,0,WRIST,0.7925098,0.6301574,2.6733179e-07,-0.058077797,-0.00778234,0.07411958,0.9929336309432983
81,6750,right,1,THUMB_CMC,0.8150117,0.6260578,-0.0037393253,-0.02813861,-0.021243382,0.063858345,0.9929336309432983
81,6750,right,2,THUMB_MCP,0.8396368,0.62817144,-0.010430877,0.0023546643,-0.013696347,0.053005964,0.9929336309432983
81,6750,right,3,THUMB_IP,0.8576526,0.6342176,-0.016253438,0.021776585,-0.003142705,0.025559664,0.9929336309432983
81,6750,right,4,THUMB_TIP,0.8683057,0.6402748,-0.022429407,0.030606348,0.0104657905,0.00041553378,0.9929336309432983
81,6750,right,5,INDEX_FINGER_MCP,0.84012365,0.62435365,-0.023623427,0.010922266,-0.023267193,0.0034961626,0.9929336309432983
81,6750,right,6,INDEX_FINGER_PIP,0.8710283,0.6310034,-0.03452843,0.039255444,-0.010164375,0.0017673522,0.9929336309432983
81,6750,right,7,INDEX_FINGER_DIP,0.8876302,0.6374072,-0.03951795,0.058004107,0.00096632726,0.012112483,0.9929336309432983
81,6750,right,8,INDEX_FINGER_TIP,0.90017736,0.643356,-0.04177512,0.070693545,0.011564542,0.028105006,0.9929336309432983
81,6750,right,9,MIDDLE_FINGER_MCP,0.832414,0.63246745,-0.026994195,0.0020776372,-0.0050675375,-0.0026137605,0.9929336309432983
81,6750,right,10,MIDDLE_FINGER_PIP,0.86830807,0.64235467,-0.037084732,0.03606558,0.012474386,-0.0036218464,0.9929336309432983
81,6750,right,11,MIDDLE_FINGER_DIP,0.8888429,0.6496102,-0.04097174,0.059019428,0.023864483,0.009017304,0.9929336309432983
81,6750,right,12,MIDDLE_FINGER_TIP,0.9040385,0.65555763,-0.043258786,0.07903566,0.032785073,0.02973175,0.9929336309432983
81,6750,right,13,RING_FINGER_MCP,0.8251778,0.64116776,-0.029685512,-0.007087295,0.015671657,-0.0026746988,0.9929336309432983
81,6750,right,14,RING_FINGER_PIP,0.85921603,0.6513568,-0.037780482,0.023845768,0.032967895,-0.00264813,0.9929336309432983
81,6750,right,15,RING_FINGER_DIP,0.8797576,0.6582162,-0.04087388,0.046482977,0.043527517,0.0062887035,0.9929336309432983
81,6750,right,16,RING_FINGER_TIP,0.8946904,0.66335154,-0.04241399,0.064765066,0.054311823,0.022354737,0.9929336309432983
81,6750,right,17,PINKY_MCP,0.81969035,0.6493866,-0.032230698,-0.019624634,0.029131059,0.0074631386,0.9929336309432983
81,6750,right,18,PINKY_PIP,0.8471491,0.657147,-0.037217695,0.004242522,0.03990644,0.01160042,0.9929336309432983
81,6750,right,19,PINKY_DIP,0.8633784,0.66160893,-0.038286246,0.025538117,0.050697602,0.016262248,0.9929336309432983
81,6750,right,20,PINKY_TIP,0.8764425,0.66523874,-0.038825136,0.04338816,0.055752512,0.026574165,0.9929336309432983
82,6833,left,0,WRIST,0.60180736,0.61046916,1.4713571e-07,0.038807858,-0.011463627,0.08881818,0.9995083212852478
82,6833,left,1,THUMB_CMC,0.58103603,0.60853744,-0.0050024297,0.0058807945,-0.017355468,0.06615947,0.9995083212852478
82,6833,left,2,THUMB_MCP,0.560317,0.61248887,-0.01243885,-0.013426228,-0.0101845255,0.042692617,0.9995083212852478
82,6833,left,3,THUMB_IP,0.5468126,0.6185779,-0.018025564,-0.025288032,0.00026317686,0.008189008,0.9995083212852478
82,6833,left,4,THUMB_TIP,0.5408716,0.62615174,-0.024287904,-0.03769242,0.016467396,-0.022729427,0.9995083212852478
82,6833,left,5,INDEX_FINGER_MCP,0.5712194,0.61054724,-0.029649474,-0.012486078,-0.013188127,-0.0024058372,0.9995083212852478
82,6833,left,6,INDEX_FINGER_PIP,0.5487836,0.62358385,-0.04009461,-0.034618385,0.0068836743,-0.0109324455,0.9995083212852478
82,6833,left,7,INDEX_FINGER_DIP,0.536874,0.63102686,-0.043418452,-0.047468375,0.022373676,0.010011539,0.9995083212852478
82,6833,left,8,INDEX_FINGER_TIP,0.5300577,0.63585496,-0.04381807,-0.04943146,0.03849711,0.036306467,0.9995083212852478
82,6833,left,9,MIDDLE_FINGER_MCP,0.5856393,0.61574584,-0.030560588,-0.0006065719,-0.0031054954,-0.0024998486,0.9995083212852478
82,6833,left,10,MIDDLE_FINGER_PIP,0.5601436,0.6296998,-0.040225726,-0.025605343,0.021665212,-0.007750932,0.9995083212852478
82,6833,left,11,MIDDLE_FINGER_DIP,0.54694134,0.63685095,-0.040352143,-0.03419466,0.043199543,0.010104671,0.9995083212852478
82,6833,left,12,MIDDLE_FINGER_TIP,0.5403467,0.6403327,-0.03952053,-0.042958524,0.052909262,0.043288425,0.9995083212852478
82,6833,left,13,RING_FINGER_MCP,0.5963602,0.6213938,-0.030432923,0.007731544,0.011391447,-0.00041492283,0.9995083212852478
82,6833,left,14,RING_FINGER_PIP,0.57079905,0.6334486,-0.036888666,-0.011787187,0.029715627,-0.0012227893,0.9995083212852478
82,6833,left,15,RING_FINGER_DIP,0.55734515,0.6395665,-0.03457147,-0.021918513,0.045791447,0.020580187,0.9995083212852478
82,6833,left,16,RING_FINGER_TIP,0.55044407,0.6424821,-0.03201923,-0.031020693,0.05326901,0.049186017,0.9995083212852478
82,6833,left,17,PINKY_MCP,0.6034906,0.626659,-0.030180076,0.021298762,0.025590198,0.013413575,0.9995083212852478
82,6833,left,18,PINKY_PIP,0.57995963,0.63561076,-0.034159902,0.0035744114,0.032890882,0.012686085,0.9995083212852478
82,6833,left,19,PINKY_DIP,0.56833,0.6392889,-0.031996895,-0.012128415,0.047234744,0.026459202,0.9995083212852478
82,6833,left,20,PINKY_TIP,0.56271553,0.6414885,-0.029583583,-0.016292185,0.04936464,0.04917988,0.9995083212852478
82,6833,right,0,WRIST,0.78206164,0.6258388,2.1828343e-07,-0.06131163,-0.019040179,0.0693284,0.9932024478912354
82,6833,right,1,THUMB_CMC,0.80628467,0.620946,-0.002555412,-0.027968893,-0.031053236,0.059775665,0.9932024478912354
82,6833,right,2,THUMB_MCP,0.8310293,0.62339985,-0.007866342,0.0006838789,-0.02407454,0.049318686,0.9932024478912354
82,6833,right,3,THUMB_IP,0.8485381,0.62996584,-0.012570269,0.021969901,-0.009598115,0.026310556,0.9932024478912354
82,6833,right,4,THUMB_TIP,0.8573553,0.63663507,-0.017587813,0.031718086,0.0046325373,0.0011131018,0.9932024478912354
82,6833,right,5,INDEX_FINGER_MCP,0.8326146,0.62286675,-0.018480657,0.011759259,-0.023815196,0.0019711703,0.9932024478912354
82,6833,right,6,INDEX_FINGER_PIP,0.8607699,0.6311484,-0.0269808,0.038784526,-0.008554131,0.00053441525,0.9932024478912354
82,6833,right,7,INDEX_FINGER_DIP,0.87576795,0.6375936,-0.030937674,0.055686586,0.0057105306,0.0105004385,0.9932024478912354
82,6833,right,8,INDEX_FINGER_TIP,0.8870938,0.6434927,-0.03280514,0.06660005,0.014103144,0.026207276,0.9932024478912354
82,6833,right,9,MIDDLE_FINGER_MCP,0.8252406,0.63162583,-0.021906696,0.0016377071,-0.004207593,-0.0022810027,0.9932024478912354
82,6833,right,10,MIDDLE_FINGER_PIP,0.85830885,0.6423204,-0.029208189,0.03654782,0.016676648,-0.005467754,0.9932024478912354
82,6833,right,11,MIDDLE_FINGER_DIP,0.877774,0.64930147,-0.032431547,0.058197837,0.025830459,0.005094573,0.9932024478912354
82,6833,right,12,MIDDLE_FINGER_TIP,0.8921318,0.6550132,-0.034600288,0.07757008,0.03568352,0.024152234,0.9932024478912354
82,6833,right,13,RING_FINGER_MCP,0.8174212,0.640211,-0.024690267,-0.0063097044,0.015232273,-0.0024842843,0.9932024478912354
82,6833,right,14,RING_FINGER_PIP,0.8485955,0.65109015,-0.030718144,0.02098624,0.034786843,-0.0016389862,0.9932024478912354
82,6833,right,15,RING_FINGER_DIP,0.8677509,0.6579552,-0.033615865,0.046210073,0.045669813,0.0034645125,0.9932024478912354
82,6833,right,16,RING_FINGER_TIP,0.88162273,0.6628707,-0.03536689,0.062680334,0.056881893,0.017180096,0.9932024478912354
82,6833,right,17,PINKY_MCP,0.8102961,0.64758587,-0.027258461,-0.019984322,0.028567864,0.009196229,0.9932024478912354
82,6833,right,18,PINKY_PIP,0.83519846,0.65606123,-0.03107895,0.0023738001,0.042589437,0.010056086,0.9932024478912354
82,6833,right,19,PINKY_DIP,0.8498129,0.6609279,-0.03175562,0.022359358,0.053100955,0.013977453,0.9932024478912354
82,6833,right,20,PINKY_TIP,0.8615116,0.664755,-0.032108985,0.03861913,0.059427932,0.019180328,0.9932024478912354
83,6917,left,0,WRIST,0.6005202,0.6094161,1.3617164e-07,0.03867853,-0.014298843,0.08724362,0.999541699886322
83,6917,left,1,THUMB_CMC,0.58088386,0.6080434,-0.0047099157,0.005859558,-0.017563587,0.066275716,0.999541699886322
83,6917,left,2,THUMB_MCP,0.5601909,0.6131576,-0.011309988,-0.011419043,-0.008894976,0.04309047,0.999541699886322
83,6917,left,3,THUMB_IP,0.5463688,0.6199724,-0.016054219,-0.022848908,0.0022451188,0.009491876,0.999541699886322
83,6917,left,4,THUMB_TIP,0.5388812,0.62748617,-0.021325922,-0.0369521,0.018286407,-0.019390091,0.999541699886322
83,6917,left,5,INDEX_FINGER_MCP,0.5705341,0.6108357,-0.02824664,-0.01087839,-0.012138502,-0.0017156303,0.999541699886322
83,6917,left,6,INDEX_FINGER_PIP,0.54829365,0.62411803,-0.038058504,-0.03298587,0.007172662,-0.0098698735,0.999541699886322
83,6917,left,7,INDEX_FINGER_DIP,0.53708553,0.63163465,-0.04093761,-0.047279034,0.02203495,0.011400297,0.999541699886322
83,6917,left,8,INDEX_FINGER_TIP,0.5310136,0.6363029,-0.041081477,-0.047732912,0.038192347,0.035901256,0.999541699886322
83,6917,left,9,MIDDLE_FINGER_MCP,0.58448064,0.6161111,-0.028968705,-0.0006012184,-0.0033204863,-0.0023671798,0.999541699886322
83,6917,left,10,MIDDLE_FINGER_PIP,0.559428,0.63007426,-0.037905354,-0.026319351,0.019814122,-0.0075446144,0.999541699886322
83,6917,left,11,MIDDLE_FINGER_DIP,0.5472059,0.63706833,-0.037665166,-0.03284308,0.04211062,0.010058843,0.999541699886322
83,6917,left,12,MIDDLE_FINGER_TIP,0.5413706,0.6403239,-0.0366374,-0.04253222,0.050503954,0.042799443,0.999541699886322
83,6917,left,13,RING_FINGER_MCP,0.5950234,0.62163997,-0.028698362,0.006534226,0.011110841,-0.000802964,0.999541699886322
83,6917,left,14,RING_FINGER_PIP,0.57016134,0.63367325,-0.034611475,-0.0119228,0.026926382,-0.00083040446,0.999541699886322
83,6917,left,15,RING_FINGER_DIP,0.5578523,0.6394634,-0.032101475,-0.02112592,0.04366467,0.020250719,0.999541699886322
83,6917,left,16,RING_FINGER_TIP,0.5518839,0.6421381,-0.029533071,-0.030504115,0.050923288,0.04850345,0.999541699886322
83,6917,left,17,PINKY_MCP,0.6022803,0.62658983,-0.0282999,0.020012023,0.023829397,0.012468433,0.999541699886322
83,6917,left,18,PINKY_PIP,0.5796955,0.6355577,-0.03209251,0.003226637,0.030592756,0.012366325,0.999541699886322
83,6917,left,19,PINKY_DIP,0.5692409,0.6391527,-0.029898519,-0.010584211,0.04422515,0.026003495,0.999541699886322
83,6917,left,20,PINKY_TIP,0.5646808,0.64127696,-0.027487926,-0.013838578,0.046752438,0.047742873,0.999541699886322
83,6917,right,0,WRIST,0.7649593,0.6221914,1.4091209e-07,-0.053161215,-0.012577507,0.072853655,0.9747251272201538
83,6917,right,1,THUMB_CMC,0.78754663,0.6186338,-0.00490969,-0.024171636,-0.019826109,0.05840653,0.9747251272201538
83,6917,right,2,THUMB_MCP,0.8151703,0.61990887,-0.010126464,0.0042396924,-0.012763315,0.04727906,0.9747251272201538
83,6917,right,3,THUMB_IP,0.83740765,0.62318915,-0.014367149,0.030229472,-0.008253252,0.024879567,0.9747251272201538
83,6917,right,4,THUMB_TIP,0.8542617,0.62554437,-0.018868053,0.052207272,-0.004404298,0.007611856,0.9747251272201538
83,6917,right,5,INDEX_FINGER_MCP,0.81360006,0.61974907,-0.019630512,0.01222012,-0.016843801,0.0013268739,0.9747251272201538
83,6917,right,6,INDEX_FINGER_PIP,0.8377161,0.626922,-0.029252764,0.031034458,-0.0042292485,-0.003930226,0.9747251272201538
83,6917,right,7,INDEX_FINGER_DIP,0.85116976,0.63327146,-0.033738658,0.04656972,0.009207873,0.00426846,0.9747251272201538
83,6917,right,8,INDEX_FINGER_TIP,0.8618477,0.6390395,-0.036164615,0.061014596,0.01930596,0.013944432,0.9747251272201538
83,6917,right,9,MIDDLE_FINGER_MCP,0.8060065,0.6269233,-0.022137182,0.0029531545,-0.004036365,-0.001465492,0.9747251272201538
83,6917,right,10,MIDDLE_FINGER_PIP,0.8335517,0.6369081,-0.030296339,0.030904273,0.015581768,-0.008355759,0.9747251272201538
83,6917,right,11,MIDDLE_FINGER_DIP,0.85007817,0.6436935,-0.033296928,0.049828496,0.030176794,-0.004794657,0.9747251272201538
83,6917,right,12,MIDDLE_FINGER_TIP,0.8628561,0.6494175,-0.03561019,0.06627702,0.039955735,0.013562247,0.9747251272201538
83,6917,right,13,RING_FINGER_MCP,0.7963287,0.63421386,-0.024468774,-0.006117089,0.010009706,-0.0021325946,0.9747251272201538
83,6917,right,14,RING_FINGER_PIP,0.8226237,0.64469576,-0.03221846,0.01567437,0.027787948,-0.0068297684,0.9747251272201538
83,6917,right,15,RING_FINGER_DIP,0.8385613,0.6514487,-0.034281164,0.034214944,0.043436136,-0.0041495934,0.9747251272201538
83,6917,right,16,RING_FINGER_TIP,0.85075825,0.65660685,-0.03548665,0.047635496,0.05407467,0.011190876,0.9747251272201538
83,6917,right,17,PINKY_MCP,0.785718,0.6409703,-0.02674846,-0.020464513,0.021767855,0.009650074,0.9747251272201538
83,6917,right,18,PINKY_PIP,0.80661035,0.6494305,-0.03286526,-0.0044383816,0.036162164,0.0047739744,0.9747251272201538
83,6917,right,19,PINKY_DIP,0.8199191,0.6547703,-0.034128807,0.013727816,0.049394853,0.0059990287,0.9747251272201538
83,6917,right,20,PINKY_TIP,0.831221,0.6592988,-0.03484293,0.026025414,0.05567423,0.010596365,0.9747251272201538
84,7000,left,0,WRIST,0.6033676,0.61138815,1.4123434e-07,0.026905727,0.0018128986,0.082888395,0.9985392689704895
84,7000,left,1,THUMB_CMC,0.5835005,0.608457,-0.005322322,0.0007099978,-0.00038527237,0.06369592,0.9985392689704895
84,7000,left,2,THUMB_MCP,0.56223947,0.61245185,-0.011819403,-0.006716446,0.003978185,0.040193863,0.9985392689704895
84,7000,left,3,THUMB_IP,0.54822147,0.6194436,-0.016326288,-0.009262061,0.006188151,0.0069863126,0.9985392689704895
84,7000,left,4,THUMB_TIP,0.54027134,0.6268303,-0.021425437,-0.018409487,0.01455293,-0.020263568,0.9985392689704895
84,7000,left,5,INDEX_FINGER_MCP,0.56909436,0.61105454,-0.028112391,0.00042538013,-0.0022379258,-0.00042504072,0.9985392689704895
84,7000,left,6,INDEX_FINGER_PIP,0.5481509,0.62416744,-0.037722602,-0.012850929,0.004861948,-0.008556679,0.9985392689704895
84,7000,left,7,INDEX_FINGER_DIP,0.5375942,0.6319757,-0.040622897,-0.029375006,0.017537484,0.009274989,0.9985392689704895
84,7000,left,8,INDEX_FINGER_TIP,0.5317743,0.63693607,-0.040921547,-0.032294363,0.033264514,0.031303365,0.9985392689704895
84,7000,left,9,MIDDLE_FINGER_MCP,0.582689,0.6163729,-0.0284349,0.0014374102,-0.00186942,-0.0013005137,0.9985392689704895
84,7000,left,10,MIDDLE_FINGER_PIP,0.5588946,0.62976927,-0.037369326,-0.010313157,0.0074570877,-0.008646518,0.9985392689704895
84,7000,left,11,MIDDLE_FINGER_DIP,0.5474861,0.63737833,-0.037757326,-0.018784737,0.031216837,0.0059281215,0.9985392689704895
84,7000,left,12,MIDDLE_FINGER_TIP,0.5416475,0.64122635,-0.037206873,-0.03200243,0.04518159,0.03516957,0.9985392689704895
84,7000,left,13,RING_FINGER_MCP,0.59371287,0.6219848,-0.027804945,-0.0004598255,0.0033003397,-0.0012505129,0.9985392689704895
84,7000,left,14,RING_FINGER_PIP,0.57015646,0.63365775,-0.033671066,-0.00609075,0.008801927,-0.0026279017,0.9985392689704895
84,7000,left,15,RING_FINGER_DIP,0.55860114,0.64008284,-0.03207103,-0.0149538815,0.029122692,0.015288178,0.9985392689704895
84,7000,left,16,RING_FINGER_TIP,0.5527656,0.6431993,-0.030227797,-0.026694357,0.042318575,0.040353097,0.9985392689704895
84,7000,left,17,PINKY_MCP,0.6020917,0.6269615,-0.02705029,0.006463991,0.010899274,0.010012507,0.9985392689704895
84,7000,left,18,PINKY_PIP,0.5814058,0.6357718,-0.030838229,-0.0011837939,0.013209909,0.008182764,0.9985392689704895
84,7000,left,19,PINKY_DIP,0.5715651,0.63994926,-0.02934318,-0.008937161,0.028938092,0.019233927,0.9985392689704895
84,7000,left,20,PINKY_TIP,0.56696236,0.64237535,-0.027505642,-0.015031909,0.03715799,0.039964467,0.9985392689704895
85,7083,left,0,WRIST,0.6084776,0.6218252,6.670056e-08,0.032123797,0.017406167,0.075856626,0.9983124732971191
85,7083,left,1,THUMB_CMC,0.5883,0.6164665,-0.0027945435,0.007820343,0.012870318,0.061657876,0.9983124732971191
85,7083,left,2,THUMB_MCP,0.5648295,0.6168288,-0.008402919,-0.005289701,0.010040773,0.04117842,0.9983124732971191
85,7083,left,3,THUMB_IP,0.54714966,0.62146664,-0.012702758,-0.004718708,0.008652447,0.012628637,0.9983124732971191
85,7083,left,4,THUMB_TIP,0.5366103,0.6283901,-0.017569413,-0.014248919,0.0154096745,-0.009774871,0.9983124732971191
85,7083,left,5,INDEX_FINGER_MCP,0.5663643,0.6128214,-0.023334129,0.0039248993,0.0011793855,0.0029581264,0.9983124732971191
85,7083,left,6,INDEX_FINGER_PIP,0.54409295,0.6235627,-0.031831972,-0.008213932,0.0025358505,-0.004343927,0.9983124732971191
85,7083,left,7,INDEX_FINGER_DIP,0.5349747,0.6307458,-0.033980194,-0.02382086,0.014733907,0.013765626,0.9983124732971191
85,7083,left,8,INDEX_FINGER_TIP,0.53227997,0.63484716,-0.033721976,-0.026922932,0.030414023,0.03490325,0.9983124732971191
85,7083,left,9,MIDDLE_FINGER_MCP,0.57769424,0.6179579,-0.024938283,0.0014430333,-0.0006501019,-0.0019170865,0.9983124732971191
85,7083,left,10,MIDDLE_FINGER_PIP,0.55416864,0.63037014,-0.03257499,-0.0066250204,0.0015330918,-0.008642867,0.9983124732971191
85,7083,left,11,MIDDLE_FINGER_DIP,0.5436818,0.63703996,-0.03223861,-0.01916849,0.023612292,0.008772343,0.9983124732971191
85,7083,left,12,MIDDLE_FINGER_TIP,0.539908,0.6397543,-0.03142486,-0.029177606,0.035112724,0.03452625,0.9983124732971191
85,7083,left,13,RING_FINGER_MCP,0.5873477,0.6239012,-0.025720786,-0.0028965047,0.0015619943,-0.003977455,0.9983124732971191
85,7083,left,14,RING_FINGER_PIP,0.5636131,0.63448924,-0.0313816,-0.005640614,0.0038535688,-0.006666705,0.9983124732971191
85,7083,left,15,RING_FINGER_DIP,0.5528806,0.64025843,-0.028751826,-0.015367287,0.023677627,0.009165611,0.9983124732971191
85,7083,left,16,RING_FINGER_TIP,0.5487995,0.6427282,-0.026065264,-0.026124459,0.03358658,0.035867214,0.9983124732971191
85,7083,left,17,PINKY_MCP,0.5947234,0.62967163,-0.026139302,0.0011047279,0.008294879,0.0029354617,0.9983124732971191
85,7083,left,18,PINKY_PIP,0.5737057,0.63764846,-0.030380225,-0.005880488,0.010783199,0.0003239885,0.9983124732971191
85,7083,left,19,PINKY_DIP,0.5635229,0.6417149,-0.028552605,-0.013733402,0.028266342,0.011094838,0.9983124732971191
85,7083,left,20,PINKY_TIP,0.5590538,0.64406615,-0.026192231,-0.020848265,0.03800255,0.031237587,0.9983124732971191
85,7083,right,0,WRIST,0.65106046,0.6089418,-1.9140518e-07,-0.048575737,-0.028979298,0.04727973,0.9058233499526978
85,7083,right,1,THUMB_CMC,0.6720038,0.6043853,-0.0011977414,-0.029010188,-0.036332395,0.04240963,0.9058233499526978
85,7083,right,2,THUMB_MCP,0.6913091,0.6042383,-0.0048622317,-0.011942999,-0.028018637,0.043732584,0.9058233499526978
85,7083,right,3,THUMB_IP,0.70389324,0.6082152,-0.009025374,0.0037370818,-0.02055866,0.036800243,0.9058233499526978
85,7083,right,4,THUMB_TIP,0.7111611,0.61200166,-0.014227854,0.014943774,-0.0073602027,0.031052917,0.9058233499526978
85,7083,right,5,INDEX_FINGER_MCP,0.69893074,0.6107674,-0.01198149,0.0046147583,-0.012357233,0.0073162317,0.9058233499526978
85,7083,right,6,INDEX_FINGER_PIP,0.72649515,0.61536765,-0.02009491,0.029084992,-0.0034926767,0.0018692464,0.9058233499526978
85,7083,right,7,INDEX_FINGER_DIP,0.74250656,0.618835,-0.025304971,0.049613535,0.0018082876,0.011713587,0.9058233499526978
85,7083,right,8,INDEX_FINGER_TIP,0.754599,0.6228798,-0.028756132,0.0634186,0.0068263654,0.023825362,0.9058233499526978
85,7083,right,9,MIDDLE_FINGER_MCP,0.6930897,0.6191674,-0.015478514,0.003091783,-0.0016176297,-0.0010725185,0.9058233499526978
85,7083,right,10,MIDDLE_FINGER_PIP,0.7251548,0.62578404,-0.021844331,0.03237731,0.015027237,-0.00582771,0.9058233499526978
85,7083,right,11,MIDDLE_FINGER_DIP,0.7431534,0.6300656,-0.025046527,0.054708544,0.019425176,-0.00290519,0.9058233499526978
85,7083,right,12,MIDDLE_FINGER_TIP,0.7559829,0.63351977,-0.028071633,0.071527906,0.028546749,0.013365746,0.9058233499526978
85,7083,right,13,RING_FINGER_MCP,0.68680865,0.6262406,-0.01871097,-0.0008222754,0.007359934,-0.004656136,0.9058233499526978
85,7083,right,14,RING_FINGER_PIP,0.7176945,0.633492,-0.025691478,0.02175871,0.021617698,-0.008945271,0.9058233499526978
85,7083,right,15,RING_FINGER_DIP,0.73594576,0.6369852,-0.02824077,0.04166757,0.029786237,-0.0014657602,0.9058233499526978
85,7083,right,16,RING_FINGER_TIP,0.75025624,0.6392026,-0.029775577,0.060121544,0.03621732,0.012977704,0.9058233499526978
85,7083,right,17,PINKY_MCP,0.6794329,0.63175595,-0.021753935,-0.010584539,0.0133968685,-0.0010813251,0.9058233499526978
85,7083,right,18,PINKY_PIP,0.7043959,0.63808507,-0.02669241,0.0072941463,0.026710559,-0.0022874027,0.9058233499526978
85,7083,right,19,PINKY_DIP,0.7201206,0.6409356,-0.026639786,0.026431471,0.03835876,0.0025337338,0.9058233499526978
85,7083,right,20,PINKY_TIP,0.7330528,0.6427476,-0.026478238,0.041374113,0.040389836,0.00584054,0.9058233499526978
86,7167,left,0,WRIST,0.6059956,0.6175052,-6.087284e-08,0.053745702,-0.0038736202,0.0726015,0.9885361790657043
86,7167,left,1,THUMB_CMC,0.585301,0.61615056,-0.0005477217,0.022609968,-0.0048114206,0.058842793,0.9885361790657043
86,7167,left,2,THUMB_MCP,0.5633004,0.61811936,-0.004322035,-0.0035587011,-0.0033349483,0.04854089,0.9885361790657043
86,7167,left,3,THUMB_IP,0.5467122,0.62338376,-0.008136737,-0.024137396,0.010104068,0.024580661,0.9885361790657043
86,7167,left,4,THUMB_TIP,0.53567946,0.62900645,-0.013065138,-0.04172219,0.022823634,0.00480403,0.9885361790657043
86,7167,left,5,INDEX_FINGER_MCP,0.56269276,0.6152919,-0.012100585,-0.013872039,-0.008530796,0.008020699,0.9885361790657043
86,7167,left,6,INDEX_FINGER_PIP,0.54256916,0.6235111,-0.020206833,-0.031894635,0.0045018876,0.00044435263,0.9885361790657043
86,7167,left,7,INDEX_FINGER_DIP,0.5326008,0.63086885,-0.025680603,-0.048010994,0.021873455,0.011548944,0.9885361790657043
86,7167,left,8,INDEX_FINGER_TIP,0.52707213,0.63663816,-0.028742434,-0.054423645,0.040745858,0.02858758,0.9885361790657043
86,7167,left,9,MIDDLE_FINGER_MCP,0.57179344,0.6191392,-0.014991543,-0.0039501674,-0.0012109329,0.0007927604,0.9885361790657043
86,7167,left,10,MIDDLE_FINGER_PIP,0.5522587,0.62864375,-0.020943547,-0.026069682,0.016895555,-0.0072361603,0.9885361790657043
86,7167,left,11,MIDDLE_FINGER_DIP,0.54141855,0.6362694,-0.02340675,-0.036804266,0.0377099,0.0070340484,0.9885361790657043
86,7167,left,12,MIDDLE_FINGER_TIP,0.5349552,0.6416812,-0.025679622,-0.04750473,0.050426356,0.030981366,0.9885361790657043
86,7167,left,13,RING_FINGER_MCP,0.58124393,0.62362707,-0.017512409,0.00776554,0.008010434,-0.0069398507,0.9885361790657043
86,7167,left,14,RING_FINGER_PIP,0.562456,0.63279825,-0.022203384,-0.008351262,0.027411481,-0.007690668,0.9885361790657043
86,7167,left,15,RING_FINGER_DIP,0.55139905,0.63928,-0.021462545,-0.021698525,0.042152356,0.005494468,0.9885361790657043
86,7167,left,16,RING_FINGER_TIP,0.5445491,0.6433604,-0.021140808,-0.030278713,0.050246943,0.027495801,0.9885361790657043
86,7167,left,17,PINKY_MCP,0.5901061,0.62792796,-0.019801745,0.02360359,0.017384812,8.073449e-05,0.9885361790657043
86,7167,left,18,PINKY_PIP,0.57342935,0.63578933,-0.023915712,0.008003906,0.029775728,-0.0030483305,0.9885361790657043
86,7167,left,19,PINKY_DIP,0.5634147,0.6402955,-0.022928398,-0.009120413,0.045178175,0.0069280714,0.9885361790657043
86,7167,left,20,PINKY_TIP,0.55692583,0.6433209,-0.021762384,-0.015820697,0.050894525,0.02156058,0.9885361790657043
87,7250,right,0,WRIST,0.5351526,0.61234117,-2.845303e-07,-0.053808864,-0.0005821362,0.08322349,0.9010534286499023
87,7250,right,1,THUMB_CMC,0.5538953,0.6072454,-0.0089585325,-0.012192571,-0.009850033,0.0730239,0.9010534286499023
87,7250,right,2,THUMB_MCP,0.5787733,0.6088384,-0.023535721,0.0051620062,-0.0145385275,0.059614956,0.9010534286499023
87,7250,right,3,THUMB_IP,0.59847754,0.6133759,-0.037809234,0.029000843,-0.0010785175,0.043137066,0.9010534286499023
87,7250,right,4,THUMB_TIP,0.612099,0.6187552,-0.054255713,0.037676513,0.010965062,0.024367705,0.9010534286499023
87,7250,right,5,INDEX_FINGER_MCP,0.57913107,0.6062953,-0.039640844,0.015360871,-0.0126625085,0.0040736645,0.9010534286499023
87,7250,right,6,INDEX_FINGER_PIP,0.60651374,0.6126354,-0.058049858,0.039652463,-0.0039912625,-0.0008125007,0.9010534286499023
87,7250,right,7,INDEX_FINGER_DIP,0.6251576,0.6191959,-0.070778124,0.055113696,0.0132064875,0.009442996,0.9010534286499023
87,7250,right,8,INDEX_FINGER_TIP,0.6380845,0.6238432,-0.07776939,0.065706655,0.023023374,0.0148922205,0.9010534286499023
87,7250,right,9,MIDDLE_FINGER_MCP,0.5683911,0.61219627,-0.04127329,0.003414063,-0.0014487051,-0.0022683032,0.9010534286499023
87,7250,right,10,MIDDLE_FINGER_PIP,0.5981366,0.62163246,-0.05468817,0.020638952,0.011704199,-0.01088883,0.9010534286499023
87,7250,right,11,MIDDLE_FINGER_DIP,0.6194377,0.6280612,-0.059153497,0.043352585,0.03329525,-0.0043928623,0.9010534286499023
87,7250,right,12,MIDDLE_FINGER_TIP,0.63297206,0.6314616,-0.063373595,0.052640855,0.04080625,0.0093192905,0.9010534286499023
87,7250,right,13,RING_FINGER_MCP,0.5574125,0.6190142,-0.041580006,-0.008547258,0.011048096,-0.0042093694,0.9010534286499023
87,7250,right,14,RING_FINGER_PIP,0.5835997,0.62853104,-0.051682428,0.009148944,0.031169174,-0.012377799,0.9010534286499023
87,7250,right,15,RING_FINGER_DIP,0.6018329,0.63309836,-0.050733473,0.030777115,0.040997062,-0.0065461993,0.9010534286499023
87,7250,right,16,RING_FINGER_TIP,0.6148566,0.6352704,-0.05022698,0.040168718,0.045398068,0.010732189,0.9010534286499023
87,7250,right,17,PINKY_MCP,0.5464369,0.62622076,-0.042241186,-0.020248827,0.026924022,0.009171933,0.9010534286499023
87,7250,right,18,PINKY_PIP,0.56480783,0.63415575,-0.04705906,-0.010635819,0.036278497,0.0068647116,0.9010534286499023
87,7250,right,19,PINKY_DIP,0.5756851,0.63670164,-0.042799387,0.0033404136,0.04182634,0.007394612,0.9010534286499023
87,7250,right,20,PINKY_TIP,0.5842176,0.6375891,-0.039999675,0.010275619,0.0509225,0.018096164,0.9010534286499023
88,7333,right,0,WRIST,0.4935888,0.6070294,-1.5915889e-07,-0.03274612,-0.018700775,0.08387393,0.993636429309845
88,7333,right,1,THUMB_CMC,0.51650894,0.60204816,-0.008755445,-0.008450879,-0.028294448,0.058929294,0.993636429309845
88,7333,right,2,THUMB_MCP,0.5441656,0.6035592,-0.016335733,0.010339355,-0.019278187,0.044193894,0.993636429309845
88,7333,right,3,THUMB_IP,0.56592965,0.60981715,-0.021741584,0.030259116,-0.016038405,0.021274038,0.993636429309845
88,7333,right,4,THUMB_TIP,0.5825444,0.6147678,-0.026808787,0.050273146,-0.008535761,0.0017339736,0.993636429309845
88,7333,right,5,INDEX_FINGER_MCP,0.5322143,0.6093601,-0.027118944,0.004164192,-0.012435639,-0.0051308125,0.993636429309845
88,7333,right,6,INDEX_FINGER_PIP,0.5639571,0.62008494,-0.038411003,0.025926538,-0.0044783116,-0.011193976,0.993636429309845
88,7333,right,7,INDEX_FINGER_DIP,0.5797888,0.6231387,-0.042689316,0.044150304,0.0017608386,0.00839828,0.993636429309845
88,7333,right,8,INDEX_FINGER_TIP,0.5892324,0.6247665,-0.043948606,0.055250086,0.004410088,0.033357292,0.993636429309845
88,7333,right,9,MIDDLE_FINGER_MCP,0.5231427,0.6184695,-0.026081564,0.0001366731,-0.0027302513,-0.0052814186,0.993636429309845
88,7333,right,10,MIDDLE_FINGER_PIP,0.55940306,0.6298973,-0.034806345,0.025391402,0.011962654,-0.0071286596,0.993636429309845
88,7333,right,11,MIDDLE_FINGER_DIP,0.5767046,0.6318955,-0.034959067,0.04605464,0.017701574,0.009691447,0.993636429309845
88,7333,right,12,MIDDLE_FINGER_TIP,0.5859399,0.6318764,-0.034866832,0.061174527,0.021768859,0.03989601,0.993636429309845
88,7333,right,13,RING_FINGER_MCP,0.51864916,0.62625414,-0.024999104,-0.0006854327,0.007658156,0.0028206408,0.993636429309845
88,7333,right,14,RING_FINGER_PIP,0.55306226,0.6368791,-0.032617886,0.017742608,0.018284224,0.003347367,0.993636429309845
88,7333,right,15,RING_FINGER_DIP,0.5693236,0.63730675,-0.03106588,0.034226976,0.026072033,0.021174744,0.993636429309845
88,7333,right,16,RING_FINGER_TIP,0.5785683,0.6361281,-0.02913118,0.047098562,0.02798886,0.04516144,0.993636429309845
88,7333,right,17,PINKY_MCP,0.51770306,0.6321414,-0.024208248,-0.0047714254,0.016018754,0.021632217,0.993636429309845
88,7333,right,18,PINKY_PIP,0.5461557,0.64079607,-0.029287774,0.010656884,0.025441974,0.0190721,0.993636429309845
88,7333,right,19,PINKY_DIP,0.5590119,0.6411322,-0.02776219,0.02584108,0.03325203,0.032418147,0.993636429309845
88,7333,right,20,PINKY_TIP,0.56620455,0.6398288,-0.026052456,0.033654343,0.031889696,0.04754652,0.993636429309845
89,7417,right,0,WRIST,0.470901,0.6107278,7.7104175e-08,-0.045835964,-0.006993605,0.08104214,0.9951889514923096
89,7417,right,1,THUMB_CMC,0.4911361,0.605099,-0.0057921186,-0.01565639,-0.017085662,0.062428445,0.9951889514923096
89,7417,right,2,THUMB_MCP,0.52130353,0.6038722,-0.013947307,0.0043130694,-0.01257031,0.0476432,0.9951889514923096
89,7417,right,3,THUMB_IP,0.54417205,0.6057443,-0.020386891,0.028998144,-0.013664677,0.020197507,0.9951889514923096
89,7417,right,4,THUMB_TIP,0.5615792,0.6088247,-0.026328843,0.04761452,-0.010517536,-0.0073181987,0.9951889514923096
89,7417,right,5,INDEX_FINGER_MCP,0.51772285,0.6053551,-0.02906878,0.010265286,-0.014395907,0.0010784343,0.9951889514923096
89,7417,right,6,INDEX_FINGER_PIP,0.5504703,0.61814594,-0.040531423,0.03216068,0.002625566,0.0026021004,0.9951889514923096
89,7417,right,7,INDEX_FINGER_DIP,0.56470716,0.6250048,-0.043938942,0.044474058,0.015164996,0.016498052,0.9951889514923096
89,7417,right,8,INDEX_FINGER_TIP,0.57121444,0.6284347,-0.04364385,0.05241711,0.016644783,0.040855467,0.9951889514923096
89,7417,right,9,MIDDLE_FINGER_MCP,0.5061233,0.6127089,-0.029543972,0.0026976713,-0.0028380225,-0.0029769428,0.9951889514923096
89,7417,right,10,MIDDLE_FINGER_PIP,0.5409654,0.62663823,-0.03834224,0.026168536,0.017879557,-0.00410223,0.9951889514923096
89,7417,right,11,MIDDLE_FINGER_DIP,0.5571052,0.63245225,-0.03757631,0.043322884,0.025301896,0.0116187185,0.9951889514923096
89,7417,right,12,MIDDLE_FINGER_TIP,0.5659321,0.63433534,-0.035691943,0.055016916,0.03048194,0.042300195,0.9951889514923096
89,7417,right,13,RING_FINGER_MCP,0.49608317,0.6201912,-0.029117025,-0.0054223556,0.008841754,-0.0023192093,0.9951889514923096
89,7417,right,14,RING_FINGER_PIP,0.52910024,0.6327157,-0.034774136,0.016671339,0.02059404,-0.0018511862,0.9951889514923096
89,7417,right,15,RING_FINGER_DIP,0.5446181,0.63719875,-0.030480443,0.030893281,0.031445824,0.015696086,0.9951889514923096
89,7417,right,16,RING_FINGER_TIP,0.5535528,0.6381936,-0.026263077,0.039933115,0.036074456,0.042330436,0.9951889514923096
89,7417,right,17,PINKY_MCP,0.48843467,0.6271801,-0.028648913,-0.016410116,0.016158981,0.0091875605,0.9951889514923096
89,7417,right,18,PINKY_PIP,0.5178933,0.63593477,-0.032200858,0.0015279083,0.026635101,0.0077796504,0.9951889514923096
89,7417,right,19,PINKY_DIP,0.53241694,0.6396517,-0.028401101,0.018849447,0.03598304,0.023304999,0.9951889514923096
89,7417,right,20,PINKY_TIP,0.54231197,0.6403999,-0.024181558,0.03377443,0.03782695,0.04477285,0.9951889514923096
90,7500,right,0,WRIST,0.4361214,0.609281,3.8300165e-08,-0.050309293,-0.014417876,0.0635757,0.9856076240539551
90,7500,right,1,THUMB_CMC,0.46242437,0.6110149,-0.00398591,-0.025864776,-0.016399235,0.051732615,0.9856076240539551
90,7500,right,2,THUMB_MCP,0.48490682,0.6154512,-0.006946549,-0.004028372,-0.005140137,0.045812324,0.9856076240539551
90,7500,right,3,THUMB_IP,0.50246423,0.622372,-0.0094544245,0.015690528,0.005471242,0.025754463,0.9856076240539551
90,7500,right,4,THUMB_TIP,0.51633185,0.62798715,-0.011417784,0.035646852,0.015970672,0.00882256,0.9856076240539551
90,7500,right,5,INDEX_FINGER_MCP,0.48436907,0.6116566,-0.0125615215,0.008960019,-0.009416952,0.0027612746,0.9856076240539551
90,7500,right,6,INDEX_FINGER_PIP,0.5154147,0.6180731,-0.021146445,0.031216837,-0.00023858994,-0.004781373,0.9856076240539551
90,7500,right,7,INDEX_FINGER_DIP,0.53356874,0.62501174,-0.02446648,0.051074512,0.010849154,8.249283e-05,0.9856076240539551
90,7500,right,8,INDEX_FINGER_TIP,0.54547346,0.6311656,-0.02554288,0.06324892,0.021210663,0.00014938414,0.9856076240539551
90,7500,right,9,MIDDLE_FINGER_MCP,0.47675344,0.61705744,-0.014074255,0.0032621808,-0.0028443695,-0.0012650453,0.9856076240539551
90,7500,right,10,MIDDLE_FINGER_PIP,0.50910115,0.6249526,-0.022740124,0.03001883,0.011693793,-0.012594033,0.9856076240539551
90,7500,right,11,MIDDLE_FINGER_DIP,0.5303116,0.6325183,-0.025789198,0.053948835,0.024950692,-0.010535307,0.9856076240539551
90,7500,right,12,MIDDLE_FINGER_TIP,0.5450492,0.63883567,-0.026835592,0.0729138,0.04039894,-0.0039760554,0.9856076240539551
90,7500,right,13,RING_FINGER_MCP,0.46942973,0.623305,-0.015663447,-0.0034953558,0.0051389807,-0.003710501,0.9856076240539551
90,7500,right,14,RING_FINGER_PIP,0.50086886,0.6295865,-0.023387799,0.019177008,0.01626785,-0.010710135,0.9856076240539551
90,7500,right,15,RING_FINGER_DIP,0.5205899,0.6358921,-0.02531034,0.042809147,0.03108667,-0.008741334,0.9856076240539551
90,7500,right,16,RING_FINGER_TIP,0.5348937,0.6413442,-0.02504367,0.05967752,0.043596376,0.0033913702,0.9856076240539551
90,7500,right,17,PINKY_MCP,0.4619701,0.62935346,-0.017359009,-0.015709737,0.012280208,0.004911512,0.9856076240539551
90,7500,right,18,PINKY_PIP,0.48921165,0.63352114,-0.021927718,0.0040033953,0.019213233,-0.0017933398,0.9856076240539551
90,7500,right,19,PINKY_DIP,0.50690967,0.6374898,-0.022011073,0.026817318,0.0319887,-0.0005244985,0.9856076240539551
90,7500,right,20,PINKY_TIP,0.52053446,0.6415073,-0.021044586,0.042110547,0.041446507,0.0069234,0.9856076240539551
91,7583,right,0,WRIST,0.45289537,0.61765486,2.2243938e-07,-0.06467709,0.006692162,0.067873,0.98046875
91,7583,right,1,THUMB_CMC,0.47486007,0.61589223,-0.0017409172,-0.029465023,0.0012535413,0.058998197,0.98046875
91,7583,right,2,THUMB_MCP,0.4976268,0.6164511,-0.007372598,-0.0008015624,0.0056899325,0.049243584,0.98046875
91,7583,right,3,THUMB_IP,0.51422274,0.6202491,-0.013412603,0.021532502,0.009640802,0.02694209,0.98046875
91,7583,right,4,THUMB_TIP,0.5248968,0.62474495,-0.019583005,0.03608477,0.017674195,0.00033326447,0.98046875
91,7583,right,5,INDEX_FINGER_MCP,0.5027025,0.60848695,-0.014733564,0.012437955,-0.017917758,0.009911805,0.98046875
91,7583,right,6,INDEX_FINGER_PIP,0.52420753,0.61831266,-0.026213497,0.032639768,0.005607257,0.008899242,0.98046875
91,7583,right,7,INDEX_FINGER_DIP,0.5364343,0.6267228,-0.0335198,0.050722677,0.023802286,0.020638883,0.98046875
91,7583,right,8,INDEX_FINGER_TIP,0.5449387,0.63328254,-0.03745045,0.06204579,0.040195957,0.033787698,0.98046875
91,7583,right,9,MIDDLE_FINGER_MCP,0.49386078,0.6115213,-0.019240368,0.0020499444,-0.006671594,0.00082922727,0.98046875
91,7583,right,10,MIDDLE_FINGER_PIP,0.5189924,0.6227571,-0.029189873,0.030967277,0.015938956,-0.003868319,0.98046875
91,7583,right,11,MIDDLE_FINGER_DIP,0.5332481,0.63103944,-0.03298313,0.04746125,0.031324957,0.0062756985,0.98046875
91,7583,right,12,MIDDLE_FINGER_TIP,0.5431839,0.63732576,-0.035228405,0.06669478,0.04701518,0.026335567,0.98046875
91,7583,right,13,RING_FINGER_MCP,0.4851746,0.6169655,-0.023723783,-0.0064249234,0.010181798,-0.007539019,0.98046875
91,7583,right,14,RING_FINGER_PIP,0.50962895,0.6287437,-0.031737436,0.01609253,0.02701911,-0.007448539,0.98046875
91,7583,right,15,RING_FINGER_DIP,0.52405745,0.63614374,-0.03259207,0.034877587,0.043946624,-0.0011009723,0.98046875
91,7583,right,16,RING_FINGER_TIP,0.53419447,0.6413904,-0.032392155,0.050659873,0.057922166,0.013951477,0.98046875
91,7583,right,17,PINKY_MCP,0.47755432,0.62396103,-0.028386839,-0.023036849,0.02211672,-0.0044822097,0.98046875
91,7583,right,18,PINKY_PIP,0.49867758,0.63335323,-0.03277681,-0.0027747285,0.036611643,-0.002406165,0.98046875
91,7583,right,19,PINKY_DIP,0.5110038,0.6382195,-0.032241024,0.01651433,0.04903527,0.0045684427,0.98046875
91,7583,right,20,PINKY_TIP,0.5204671,0.6418329,-0.031377286,0.03037905,0.057620093,0.012068927,0.98046875
92,7667,right,0,WRIST,0.45060378,0.61741793,2.0345314e-07,-0.070456475,0.0013385862,0.066301525,0.9658352136611938
92,7667,right,1,THUMB_CMC,0.4706509,0.61512035,-0.0019318823,-0.032741696,-0.002324141,0.056471676,0.9658352136611938
92,7667,right,2,THUMB_MCP,0.4922705,0.6157968,-0.0070515606,-0.0036563906,0.0007439761,0.04835698,0.9658352136611938
92,7667,right,3,THUMB_IP,0.5085944,0.6194957,-0.0123016015,0.019578973,0.005423107,0.02558957,0.9658352136611938
92,7667,right,4,THUMB_TIP,0.51882744,0.62338185,-0.017636014,0.034410637,0.012025886,0.0011578053,0.9658352136611938
92,7667,right,5,INDEX_FINGER_MCP,0.49886674,0.60984313,-0.01280356,0.01303467,-0.017606601,0.0100824535,0.9658352136611938
92,7667,right,6,INDEX_FINGER_PIP,0.5191267,0.6206265,-0.022311646,0.031896535,0.008022871,0.009196863,0.9658352136611938
92,7667,right,7,INDEX_FINGER_DIP,0.53006864,0.6284764,-0.028230095,0.048293054,0.025741255,0.02087278,0.9658352136611938
92,7667,right,8,INDEX_FINGER_TIP,0.53721577,0.63442296,-0.031530682,0.058748294,0.042815335,0.03369938,0.9658352136611938
92,7667,right,9,MIDDLE_FINGER_MCP,0.49129206,0.6130603,-0.016461663,0.0018498125,-0.005894819,0.00014481321,0.9658352136611938
92,7667,right,10,MIDDLE_FINGER_PIP,0.5152032,0.6249321,-0.024008786,0.030769276,0.017922288,-0.0016192943,0.9658352136611938
92,7667,right,11,MIDDLE_FINGER_DIP,0.5269758,0.63256264,-0.026557378,0.0452497,0.03477255,0.0082530975,0.9658352136611938
92,7667,right,12,MIDDLE_FINGER_TIP,0.53507286,0.6378955,-0.02835869,0.062249854,0.0471937,0.027693808,0.9658352136611938
92,7667,right,13,RING_FINGER_MCP,0.4832019,0.61803764,-0.020151217,-0.0070515648,0.010201903,-0.006871693,0.9658352136611938
92,7667,right,14,RING_FINGER_PIP,0.5062325,0.6297795,-0.026340943,0.016395438,0.028766666,-0.0048591644,0.9658352136611938
92,7667,right,15,RING_FINGER_DIP,0.5174646,0.6364306,-0.026397638,0.033281643,0.04660388,0.002836153,0.9658352136611938
92,7667,right,16,RING_FINGER_TIP,0.52545637,0.6409373,-0.026149053,0.046153016,0.05739936,0.01601391,0.9658352136611938
92,7667,right,17,PINKY_MCP,0.47565365,0.6243418,-0.024007682,-0.023333473,0.021130357,-0.0048878416,0.9658352136611938
92,7667,right,18,PINKY_PIP,0.49440962,0.632969,-0.02711145,-0.0039665364,0.036527257,-0.0028969795,0.9658352136611938
92,7667,right,19,PINKY_DIP,0.50319123,0.6366598,-0.025946463,0.012623993,0.048251525,0.005463302,0.9658352136611938
92,7667,right,20,PINKY_TIP,0.51000065,0.63902545,-0.024977965,0.022207567,0.05132117,0.011511743,0.9658352136611938
93,7750,right,0,WRIST,0.4498739,0.617548,2.2114418e-07,-0.06752595,0.001558926,0.06554417,0.9730364680290222
93,7750,right,1,THUMB_CMC,0.46955803,0.61526126,-0.0023691175,-0.032338895,-0.0023772246,0.05663243,0.9730364680290222
93,7750,right,2,THUMB_MCP,0.49081346,0.6165027,-0.0077701015,-0.0033054552,0.0018646659,0.04791057,0.9730364680290222
93,7750,right,3,THUMB_IP,0.50638235,0.62151545,-0.0132658575,0.019827109,0.009628423,0.025901563,0.9730364680290222
93,7750,right,4,THUMB_TIP,0.51598686,0.6264885,-0.018907197,0.03287292,0.018072482,0.00089487433,0.9730364680290222
93,7750,right,5,INDEX_FINGER_MCP,0.49731457,0.61051464,-0.013563377,0.013872359,-0.016805083,0.009745106,0.9730364680290222
93,7750,right,6,INDEX_FINGER_PIP,0.51701033,0.62200886,-0.023407834,0.03169797,0.008411536,0.009009734,0.9730364680290222
93,7750,right,7,INDEX_FINGER_DIP,0.5272222,0.6300066,-0.029453987,0.0462479,0.028453842,0.019200824,0.9730364680290222
93,7750,right,8,INDEX_FINGER_TIP,0.5340737,0.6358155,-0.032831714,0.058392726,0.042423036,0.029310055,0.9730364680290222
93,7750,right,9,MIDDLE_FINGER_MCP,0.4894291,0.6135242,-0.017203521,0.0022487934,-0.0050759,0.00087266415,0.9730364680290222
93,7750,right,10,MIDDLE_FINGER_PIP,0.511774,0.625891,-0.025460845,0.029618815,0.01782786,-0.0019267946,0.9730364680290222
93,7750,right,11,MIDDLE_FINGER_DIP,0.5235861,0.63388747,-0.028379213,0.043997426,0.035656486,0.0072393566,0.9730364680290222
93,7750,right,12,MIDDLE_FINGER_TIP,0.5319126,0.6396529,-0.030269168,0.061172843,0.04870394,0.023988783,0.9730364680290222
93,7750,right,13,RING_FINGER_MCP,0.48086217,0.6183472,-0.02091246,-0.007372683,0.009118149,-0.0069903135,0.9730364680290222
93,7750,right,14,RING_FINGER_PIP,0.5025938,0.6298065,-0.02762531,0.014124386,0.027501756,-0.0056196824,0.9730364680290222
93,7750,right,15,RING_FINGER_DIP,0.5143816,0.63673055,-0.028123995,0.032032818,0.0439962,-0.0013560057,0.9730364680290222
93,7750,right,16,RING_FINGER_TIP,0.5231131,0.64168173,-0.028062757,0.046750855,0.057925183,0.011905786,0.9730364680290222
93,7750,right,17,PINKY_MCP,0.4727244,0.62444955,-0.024815327,-0.025030587,0.019239247,-0.004565146,0.9730364680290222
93,7750,right,18,PINKY_PIP,0.49004883,0.632681,-0.028695412,-0.006246791,0.034093797,-0.003858149,0.9730364680290222
93,7750,right,19,PINKY_DIP,0.49994025,0.6369256,-0.028207503,0.011120614,0.04503431,0.001617372,0.9730364680290222
93,7750,right,20,PINKY_TIP,0.50795287,0.64009756,-0.027581036,0.023056386,0.05182421,0.0077527165,0.9730364680290222
94,7833,left,0,WRIST,0.5671246,0.6068411,6.295398e-08,0.044159528,-0.032782935,0.074531406,0.9815950989723206
94,7833,left,1,THUMB_CMC,0.5405433,0.6089553,-0.000472906,0.0101317875,-0.027754135,0.05750075,0.9815950989723206
94,7833,left,2,THUMB_MCP,0.51738167,0.6149766,-0.0037202123,-0.015108889,-0.019665882,0.0453706,0.9815950989723206
94,7833,left,3,THUMB_IP,0.50120693,0.62110484,-0.0071393442,-0.029519841,-0.0025031734,0.02298402,0.9815950989723206
94,7833,left,4,THUMB_TIP,0.49106953,0.6265675,-0.011728329,-0.047129255,0.009636979,0.005304292,0.9815950989723206
94,7833,left,5,INDEX_FINGER_MCP,0.52106994,0.618348,-0.011188577,-0.0134805245,-0.010020452,0.00079422444,0.9815950989723206
94,7833,left,6,INDEX_FINGER_PIP,0.50394493,0.630017,-0.018271789,-0.029694337,0.008141346,-0.0029105246,0.9815950989723206
94,7833,left,7,INDEX_FINGER_DIP,0.49585187,0.6364819,-0.02268702,-0.04217034,0.02372652,0.014229201,0.9815950989723206
94,7833,left,8,INDEX_FINGER_TIP,0.4895879,0.6414246,-0.025258137,-0.044071466,0.0384456,0.032917954,0.9815950989723206
94,7833,left,9,MIDDLE_FINGER_MCP,0.5341179,0.6223482,-0.014751028,-0.0015884126,-0.0007871821,-0.0009818077,0.9815950989723206
94,7833,left,10,MIDDLE_FINGER_PIP,0.51523423,0.63399637,-0.020123541,-0.020582074,0.021120332,-0.0010846741,0.9815950989723206
94,7833,left,11,MIDDLE_FINGER_DIP,0.5061636,0.64042544,-0.02227398,-0.029518321,0.0365102,0.010173522,0.9815950989723206
94,7833,left,12,MIDDLE_FINGER_TIP,0.4991618,0.64498395,-0.024184126,-0.044578608,0.049272604,0.036382847,0.9815950989723206
94,7833,left,13,RING_FINGER_MCP,0.5473497,0.62621015,-0.017939638,0.008533012,0.008067663,-0.0013632029,0.9815950989723206
94,7833,left,14,RING_FINGER_PIP,0.52822095,0.63758117,-0.022806523,-0.0042403387,0.028215362,-0.0032614544,0.9815950989723206
94,7833,left,15,RING_FINGER_DIP,0.51940656,0.64391017,-0.021872845,-0.014768248,0.03856544,0.01185219,0.9815950989723206
94,7833,left,16,RING_FINGER_TIP,0.5124719,0.64789647,-0.02129209,-0.024560628,0.051586144,0.032263264,0.9815950989723206
94,7833,left,17,PINKY_MCP,0.559716,0.6300739,-0.020999027,0.024910828,0.01595054,0.008313116,0.9815950989723206
94,7833,left,18,PINKY_PIP,0.5416143,0.6397069,-0.025073793,0.01188826,0.027681012,0.007830754,0.9815950989723206
94,7833,left,19,PINKY_DIP,0.5330224,0.64421445,-0.02330619,-0.0005094819,0.04175637,0.013304189,0.9815950989723206
94,7833,left,20,PINKY_TIP,0.52740294,0.6472239,-0.021574138,-0.010409266,0.048589613,0.024117246,0.9815950989723206
94,7833,right,0,WRIST,0.4498773,0.61733276,2.2660662e-07,-0.067861676,-0.0005130563,0.06693399,0.9759923219680786
94,7833,right,1,THUMB_CMC,0.4690159,0.61519367,-0.0027425624,-0.030634739,-0.003112394,0.056886137,0.9759923219680786
94,7833,right,2,THUMB_MCP,0.4901464,0.61669683,-0.008187293,-0.003659186,0.001012522,0.047914594,0.9759923219680786
94,7833,right,3,THUMB_IP,0.50567245,0.6218696,-0.013547182,0.0216153,0.010251991,0.023789719,0.9759923219680786
94,7833,right,4,THUMB_TIP,0.5153914,0.6270724,-0.019035973,0.033717968,0.019678427,0.0013712347,0.9759923219680786
94,7833,right,5,INDEX_FINGER_MCP,0.49691164,0.6108623,-0.013986871,0.013929198,-0.016024455,0.0090351105,0.9759923219680786
94,7833,right,6,INDEX_FINGER_PIP,0.51609594,0.6225174,-0.023685863,0.03194669,0.008596237,0.0082271695,0.9759923219680786
94,7833,right,7,INDEX_FINGER_DIP,0.52628106,0.6307568,-0.02965185,0.046861555,0.029496329,0.01757554,0.9759923219680786
94,7833,right,8,INDEX_FINGER_TIP,0.5330884,0.6367878,-0.03297914,0.058005977,0.044024304,0.028095178,0.9759923219680786
94,7833,right,9,MIDDLE_FINGER_MCP,0.48889342,0.6138637,-0.017246522,0.0023080278,-0.0052003455,0.00046568364,0.9759923219680786
94,7833,right,10,MIDDLE_FINGER_PIP,0.5106544,0.62666416,-0.025471827,0.029980065,0.019657943,-0.0019229949,0.9759923219680786
94,7833,right,11,MIDDLE_FINGER_DIP,0.5221519,0.6348657,-0.028198749,0.043755665,0.03737035,0.007453218,0.9759923219680786
94,7833,right,12,MIDDLE_FINGER_TIP,0.5302856,0.64069134,-0.029935792,0.059841756,0.051996358,0.0263886,0.9759923219680786
94,7833,right,13,RING_FINGER_MCP,0.48029792,0.6186451,-0.020554807,-0.0071718097,0.008807979,-0.007071726,0.9759923219680786
94,7833,right,14,RING_FINGER_PIP,0.5016557,0.630163,-0.027044067,0.013259222,0.02710452,-0.005454704,0.9759923219680786
94,7833,right,15,RING_FINGER_DIP,0.513612,0.6371435,-0.02721765,0.031477116,0.045047436,-2.002716e-05,0.9759923219680786
94,7833,right,16,RING_FINGER_TIP,0.5222491,0.64217466,-0.026958039,0.04607525,0.059589777,0.013397716,0.9759923219680786
94,7833,right,17,PINKY_MCP,0.47213784,0.624649,-0.024096323,-0.025038816,0.019251049,-0.0038704686,0.9759923219680786
94,7833,right,18,PINKY_PIP,0.48964587,0.63277686,-0.02768908,-0.0057824636,0.03371446,-0.0034716204,0.9759923219680786
94,7833,right,19,PINKY_DIP,0.50002515,0.6371597,-0.026953679,0.011525355,0.044210978,0.0031142533,0.9759923219680786
94,7833,right,20,PINKY_TIP,0.5081761,0.6405373,-0.026155222,0.02390882,0.052776568,0.008584529,0.9759923219680786
95,7917,left,0,WRIST,0.5625094,0.6080417,9.209228e-08,0.04020715,-0.033649646,0.07496762,0.9707987308502197
95,7917,left,1,THUMB_CMC,0.53724045,0.60985136,-0.00094067253,0.007035734,-0.027849756,0.05851288,0.9707987308502197
95,7917,left,2,THUMB_MCP,0.5153937,0.61480474,-0.0034621123,-0.017799808,-0.020236697,0.045438334,0.9707987308502197
95,7917,left,3,THUMB_IP,0.50087565,0.6206642,-0.005765572,-0.0340418,-0.0044797556,0.021265194,0.9707987308502197
95,7917,left,4,THUMB_TIP,0.49233347,0.62620544,-0.008792433,-0.049464878,0.008999703,0.0011652559,0.9707987308502197
95,7917,left,5,INDEX_FINGER_MCP,0.52247214,0.6179187,-0.010767568,-0.013153613,-0.008652244,0.00064945966,0.9707987308502197
95,7917,left,6,INDEX_FINGER_PIP,0.50725937,0.6291631,-0.01656518,-0.031540565,0.008750618,-0.001985982,0.9707987308502197
95,7917,left,7,INDEX_FINGER_DIP,0.4988756,0.63520545,-0.019531744,-0.043149848,0.022059083,0.013945341,0.9707987308502197
95,7917,left,8,INDEX_FINGER_TIP,0.49292964,0.6398012,-0.020922301,-0.044144813,0.036565278,0.033974387,0.9707987308502197
95,7917,left,9,MIDDLE_FINGER_MCP,0.53483653,0.6217026,-0.013103011,-0.00094686425,-0.0015350684,-0.0011492819,0.9707987308502197
95,7917,left,10,MIDDLE_FINGER_PIP,0.5178924,0.6334074,-0.018078636,-0.021426117,0.022064213,-0.0029718652,0.9707987308502197
95,7917,left,11,MIDDLE_FINGER_DIP,0.50947815,0.6394343,-0.019680161,-0.028465867,0.03731065,0.011194877,0.9707987308502197
95,7917,left,12,MIDDLE_FINGER_TIP,0.50276464,0.6438419,-0.020637024,-0.03838678,0.05140193,0.037663847,0.9707987308502197
95,7917,left,13,RING_FINGER_MCP,0.5468594,0.62575936,-0.014934895,0.00960066,0.008374163,-0.0019260123,0.9707987308502197
95,7917,left,14,RING_FINGER_PIP,0.5303044,0.637398,-0.019273391,-0.0029186225,0.027424596,-0.0027372465,0.9707987308502197
95,7917,left,15,RING_FINGER_DIP,0.5224885,0.6439794,-0.018417528,-0.0132168485,0.041578762,0.011998996,0.9707987308502197
95,7917,left,16,RING_FINGER_TIP,0.51618236,0.6487495,-0.017522542,-0.021222292,0.055535577,0.034416273,0.9707987308502197
95,7917,left,17,PINKY_MCP,0.55805594,0.6298963,-0.01662338,0.02564894,0.015140947,0.009012766,0.9707987308502197
95,7917,left,18,PINKY_PIP,0.5424832,0.6399885,-0.019948503,0.010564927,0.027712319,0.007949635,0.9707987308502197
95,7917,left,19,PINKY_DIP,0.53503895,0.644861,-0.018275112,0.0015537776,0.044309612,0.017079234,0.9707987308502197
95,7917,left,20,PINKY_TIP,0.5298748,0.6483336,-0.016424626,-0.0075743217,0.05414389,0.029519945,0.9707987308502197
95,7917,right,0,WRIST,0.4507806,0.6171803,2.3593776e-07,-0.06611843,-0.000882905,0.06797609,0.9776712656021118
95,7917,right,1,THUMB_CMC,0.46959075,0.61526406,-0.0032080726,-0.029014252,-0.0032468992,0.057522804,0.9776712656021118
95,7917,right,2,THUMB_MCP,0.48998225,0.61684793,-0.009250176,-0.0029848097,0.0017151305,0.04690218,0.9776712656021118
95,7917,right,3,THUMB_IP,0.5049493,0.6219898,-0.015125903,0.021758309,0.010480001,0.02184663,0.9776712656021118
95,7917,right,4,THUMB_TIP,0.51426816,0.6269875,-0.021173226,0.03279175,0.020091921,-0.00014533103,0.9776712656021118
95,7917,right,5,INDEX_FINGER_MCP,0.49670613,0.61095667,-0.015716296,0.01488413,-0.016501568,0.009169325,0.9776712656021118
95,7917,right,6,INDEX_FINGER_PIP,0.51583993,0.6225812,-0.026037617,0.032341544,0.008631611,0.008834183,0.9776712656021118
95,7917,right,7,INDEX_FINGER_DIP,0.5256231,0.6310374,-0.03227176,0.04749248,0.029324628,0.018233314,0.9776712656021118
95,7917,right,8,INDEX_FINGER_TIP,0.53205895,0.63733655,-0.035664488,0.0577192,0.04457578,0.030194372,0.9776712656021118
95,7917,right,9,MIDDLE_FINGER_MCP,0.48822227,0.61389256,-0.018946955,0.0025754133,-0.0055177384,0.00051008165,0.9776712656021118
95,7917,right,10,MIDDLE_FINGER_PIP,0.5103356,0.6265286,-0.027970277,0.03050403,0.019178942,-0.002028577,0.9776712656021118
95,7917,right,11,MIDDLE_FINGER_DIP,0.52170056,0.6348696,-0.03085609,0.04441463,0.03656796,0.0081483275,0.9776712656021118
95,7917,right,12,MIDDLE_FINGER_TIP,0.5294638,0.64083356,-0.0325782,0.05976331,0.05236115,0.02697748,0.9776712656021118
95,7917,right,13,RING_FINGER_MCP,0.47946006,0.61859155,-0.022196244,-0.0077044386,0.009351747,-0.007471293,0.9776712656021118
95,7917,right,14,RING_FINGER_PIP,0.5009008,0.6303864,-0.029149301,0.013282241,0.026612634,-0.00461071,0.9776712656021118
95,7917,right,15,RING_FINGER_DIP,0.51273715,0.63732535,-0.029272968,0.03077782,0.045358244,0.0016159713,0.9776712656021118
95,7917,right,16,RING_FINGER_TIP,0.52111405,0.64217854,-0.02888043,0.04476116,0.05926581,0.014480382,0.9776712656021118
95,7917,right,17,PINKY_MCP,0.47136852,0.6245391,-0.0257026,-0.025872098,0.019554568,-0.0038594678,0.9776712656021118
95,7917,right,18,PINKY_PIP,0.4896536,0.6330237,-0.029378297,-0.0063219736,0.034355618,-0.002798453,0.9776712656021118
95,7917,right,19,PINKY_DIP,0.50019646,0.6373612,-0.028498836,0.011802019,0.044244252,0.004130438,0.9776712656021118
95,7917,right,20,PINKY_TIP,0.50820595,0.6405535,-0.027582904,0.02442842,0.052399457,0.010128081,0.9776712656021118
