frame,timestamp_ms,landmark_id,landmark_name,x,y,z,world_x,world_y,world_z,visibility,presence
0,0,0,NOSE,0.501771,0.33399823,-0.47708398,0.037266046,-0.60034084,-0.26416016,0.9999958,0.9999324
0,0,1,LEFT_EYE_INNER,0.5148323,0.32089862,-0.43844286,0.029264715,-0.6345771,-0.24072266,0.99999034,0.99983394
0,0,2,LEFT_EYE,0.52265126,0.32101038,-0.43844286,0.030217543,-0.63554704,-0.2401123,0.9999914,0.9998313
0,0,3,LEFT_EYE_OUTER,0.5300992,0.32138968,-0.43844286,0.030083619,-0.6360363,-0.24047852,0.99999166,0.9998273
0,0,4,RIGHT_EYE_INNER,0.48451015,0.32148302,-0.44839007,-7.961411e-06,-0.62501526,-0.24731445,0.99998903,0.99983776
0,0,5,RIGHT_EYE,0.47432107,0.322084,-0.44839007,0.0008937812,-0.6254972,-0.2475586,0.9999913,0.9998233
0,0,6,RIGHT_EYE_OUTER,0.46406823,0.32287788,-0.44839007,0.00046299258,-0.62745345,-0.24707031,0.9999912,0.99980134
0,0,7,LEFT_EAR,0.5375952,0.3282626,-0.23184675,0.05445405,-0.6099869,-0.1237793,0.99998224,0.9998634
0,0,8,RIGHT_EAR,0.4464073,0.3306173,-0.27660924,-0.08763993,-0.5792382,-0.16394043,0.9999788,0.9998148
0,0,9,MOUTH_LEFT,0.5188499,0.34927633,-0.39980173,0.057454024,-0.57627374,-0.22485352,0.9999969,0.9999497
0,0,10,MOUTH_RIGHT,0.47953588,0.34951344,-0.41242707,0.015537992,-0.56435853,-0.23449707,0.9999976,0.9999422
0,0,11,LEFT_SHOULDER,0.6085656,0.42292255,-0.10052431,0.1643031,-0.41927525,-0.036468506,0.999969,0.99985456
0,0,12,RIGHT_SHOULDER,0.3642853,0.42417842,-0.22323856,-0.16039014,-0.38735774,-0.14013672,0.999944,0.9994579
0,0,13,LEFT_ELBOW,0.6331598,0.5395098,-0.10119384,0.1442319,-0.16672345,-0.059570312,0.95695716,0.9994746
0,0,14,RIGHT_ELBOW,0.3461522,0.5505175,-0.2614971,-0.16260849,-0.10410214,-0.14941406,0.9888849,0.99852777
0,0,15,LEFT_WRIST,0.5716319,0.6049255,-0.29497334,0.08838965,-0.018747827,-0.1739502,0.88778967,0.9993563
0,0,16,RIGHT_WRIST,0.44358668,0.61115223,-0.4193136,-0.033089306,0.014204543,-0.24487305,0.93183565,0.99918646
0,0,17,LEFT_PINKY,0.5601188,0.62826854,-0.37435982,0.07939646,0.05429613,-0.21130371,0.83788544,0.99797314
0,0,18,RIGHT_PINKY,0.4812026,0.6289576,-0.5000391,0.0010338211,0.07306806,-0.27978516,0.8938666,0.9980354
0,0,19,LEFT_INDEX,0.53775567,0.6196467,-0.41051412,0.042835914,0.049860302,-0.23571777,0.8467045,0.9985506
0,0,20,RIGHT_INDEX,0.4973676,0.6210287,-0.51840323,0.032033276,0.045359857,-0.28222656,0.9019207,0.9986436
0,0,21,LEFT_THUMB,0.53759193,0.61180985,-0.31563294,0.07090189,-0.0055026864,-0.18603516,0.84156543,0.99910307
0,0,22,RIGHT_THUMB,0.48859447,0.613823,-0.42773047,-0.008693248,0.015778419,-0.24829102,0.89805347,0.9991239
0,0,23,LEFT_HIP,0.5550017,0.60790026,0.051075153,0.12938717,0.001506432,0.05255127,0.9996458,0.9998697
0,0,24,RIGHT_HIP,0.41711497,0.60798043,-0.050262153,-0.12852383,-0.0027745545,-0.048675537,0.99938333,0.9996125
0,0,25,LEFT_KNEE,0.6241711,0.6728153,-0.6890363,0.13893029,0.20861495,-0.29833984,0.9666631,0.9994319
0,0,26,RIGHT_KNEE,0.50727385,0.6743136,-0.72461665,0.073872685,0.17251612,-0.33862305,0.98197925,0.9995159
0,0,27,LEFT_ANKLE,0.54214823,0.84636706,-0.5138122,0.11182805,0.5066511,-0.25830078,0.93569994,0.9965166
0,0,28,RIGHT_ANKLE,0.51241475,0.85543424,-0.6438912,0.070531406,0.529313,-0.33276367,0.9513234,0.9893885
0,0,29,LEFT_HEEL,0.5164569,0.85966223,-0.5030998,0.10978923,0.54521203,-0.25732422,0.8292156,0.992961
0,0,30,RIGHT_HEEL,0.49428767,0.8728174,-0.63968277,0.068485565,0.57763976,-0.33325195,0.86993575,0.9786719
0,0,31,LEFT_FOOT_INDEX,0.5318083,0.91956127,-0.77205724,0.10848807,0.64432645,-0.37719727,0.9272316,0.9700135
0,0,32,RIGHT_FOOT_INDEX,0.542808,0.9316767,-0.9212656,0.07440021,0.66606206,-0.44555664,0.9439706,0.9326989
1,83,0,NOSE,0.501733,0.3349852,-0.4783492,0.036348183,-0.6000403,-0.26197746,0.9999958,0.99992275
1,83,1,LEFT_EYE_INNER,0.51481056,0.3219561,-0.4396726,0.028763853,-0.6342601,-0.23922001,0.9999902,0.99979335
1,83,2,LEFT_EYE,0.52266085,0.32203335,-0.43982977,0.02972184,-0.63523215,-0.23865797,0.9999913,0.99978346
1,83,3,LEFT_EYE_OUTER,0.5301154,0.32233173,-0.43982977,0.029582288,-0.6358155,-0.23902418,0.99999154,0.9997713
1,83,4,RIGHT_EYE_INNER,0.4845614,0.32224923,-0.44879684,-0.00056315644,-0.6248241,-0.24513176,0.9999889,0.9998134
1,83,5,RIGHT_EYE,0.474225,0.3227051,-0.44890004,0.0003429316,-0.6253077,-0.2453759,0.9999912,0.9997998
1,83,6,RIGHT_EYE_OUTER,0.46384874,0.32334986,-0.44890004,-9.85375e-05,-0.6272631,-0.24488762,0.9999911,0.99978
1,83,7,LEFT_EAR,0.5375854,0.32879528,-0.23108222,0.054736227,-0.6099363,-0.12277342,0.99998194,0.9998104
1,83,8,RIGHT_EAR,0.44613215,0.33082777,-0.2694629,-0.08763161,-0.5792392,-0.1595271,0.99997854,0.99980134
1,83,9,MOUTH_LEFT,0.5183571,0.3500393,-0.3998659,0.05708096,-0.57610196,-0.22272639,0.9999969,0.99994266
1,83,10,MOUTH_RIGHT,0.47905418,0.35002473,-0.4121619,0.015022114,-0.564194,-0.2312958,0.9999976,0.9999398
1,83,11,LEFT_SHOULDER,0.60859776,0.42311114,-0.100282,0.16555753,-0.4206463,-0.036286414,0.99996966,0.99984026
1,83,12,RIGHT_SHOULDER,0.36409646,0.42402965,-0.20236465,-0.16063026,-0.38862842,-0.13117391,0.99994487,0.9995141
1,83,13,LEFT_ELBOW,0.63354367,0.539442,-0.10727395,0.14529303,-0.17035058,-0.061121877,0.9579653,0.99946636
1,83,14,RIGHT_ELBOW,0.34563372,0.5497559,-0.24633013,-0.16266853,-0.105983794,-0.1432107,0.9888849,0.9986646
1,83,15,LEFT_WRIST,0.5716798,0.6049883,-0.32918012,0.088739075,-0.025211489,-0.18086806,0.8898563,0.99929583
1,83,16,RIGHT_WRIST,0.44346344,0.6111367,-0.41943306,-0.03253525,0.011424979,-0.2434664,0.9325434,0.9993013
1,83,17,LEFT_PINKY,0.5599922,0.628318,-0.4164184,0.08003078,0.04840669,-0.21945746,0.84043604,0.9978173
1,83,18,RIGHT_PINKY,0.48090315,0.62888634,-0.5016202,0.0023573237,0.070870034,-0.2780321,0.89479226,0.998319
1,83,19,LEFT_INDEX,0.53745115,0.6196662,-0.4532258,0.04330333,0.043139845,-0.24320571,0.8492252,0.99847525
1,83,20,RIGHT_INDEX,0.4967712,0.6208132,-0.52413595,0.03326233,0.04302571,-0.28138128,0.90287817,0.9988708
1,83,21,LEFT_THUMB,0.5371303,0.61181134,-0.35072917,0.071190804,-0.012173951,-0.19247429,0.84401083,0.99903023
1,83,22,RIGHT_THUMB,0.48770925,0.61359245,-0.42873675,-0.007971059,0.013074959,-0.24715744,0.89894646,0.9992792
1,83,23,LEFT_HIP,0.5549534,0.6098531,0.045636266,0.12988551,0.0014367184,0.051036444,0.9996505,0.99984765
1,83,24,RIGHT_HIP,0.41630396,0.6100591,-0.044801313,-0.12899488,-0.0027104104,-0.047148503,0.9993893,0.99956435
1,83,25,LEFT_KNEE,0.6218411,0.67263347,-0.7411145,0.13449264,0.2057499,-0.3099267,0.96698105,0.9995327
1,83,26,RIGHT_KNEE,0.5065047,0.6731068,-0.75945765,0.07123841,0.16128293,-0.34325004,0.9820304,0.99954873
1,83,27,LEFT_ANKLE,0.5421089,0.8464419,-0.55591077,0.11192955,0.50130993,-0.26916072,0.93632746,0.9967649
1,83,28,RIGHT_ANKLE,0.5124155,0.85473824,-0.65767,0.07104224,0.5203718,-0.3351737,0.95118594,0.99128854
1,83,29,LEFT_HEEL,0.51650965,0.85967076,-0.5446643,0.11015385,0.5395785,-0.2680041,0.8309264,0.9933589
1,83,30,RIGHT_HEEL,0.4943725,0.871785,-0.6519956,0.06964774,0.56905055,-0.33532405,0.8714657,0.9829547
1,83,31,LEFT_FOOT_INDEX,0.5297672,0.91946566,-0.83758485,0.10837325,0.6377773,-0.39373428,0.9283208,0.97389406
1,83,32,RIGHT_FOOT_INDEX,0.54168427,0.93103755,-0.9454873,0.074875526,0.65909594,-0.44832227,0.9441034,0.9437636
2,167,0,NOSE,0.50233406,0.33563694,-0.42648825,0.035831403,-0.60303414,-0.24713916,0.9999958,0.9999118
2,167,1,LEFT_EYE_INNER,0.515226,0.32287568,-0.39063665,0.028554011,-0.63693756,-0.22515507,0.9999901,0.9997603
2,167,2,LEFT_EYE,0.5235839,0.32304737,-0.39083472,0.029520763,-0.6379107,-0.22466333,0.9999911,0.99974483
2,167,3,LEFT_EYE_OUTER,0.53065324,0.3232317,-0.39083472,0.029375095,-0.63873965,-0.22513613,0.99999136,0.9997284
2,167,4,RIGHT_EYE_INNER,0.48568124,0.32275322,-0.39756244,-0.0008772048,-0.62735707,-0.23029345,0.9999889,0.99980444
2,167,5,RIGHT_EYE,0.474482,0.32304785,-0.39756888,3.6342997e-05,-0.6278418,-0.23043028,0.9999912,0.9997981
2,167,6,RIGHT_EYE_OUTER,0.46391696,0.32357118,-0.39756888,-0.00041716956,-0.63009477,-0.23004931,0.9999912,0.99978846
2,167,7,LEFT_EAR,0.5375653,0.32934994,-0.18867196,0.055583965,-0.6137459,-0.10992602,0.9999815,0.9997749
2,167,8,RIGHT_EAR,0.4458136,0.33086324,-0.21789525,-0.08756598,-0.5829382,-0.14323981,0.9999788,0.999826
2,167,9,MOUTH_LEFT,0.5180533,0.35141096,-0.35029456,0.056970228,-0.57937527,-0.20795366,0.9999969,0.99993396
2,167,10,MOUTH_RIGHT,0.4789494,0.35125917,-0.35863543,0.014751562,-0.5673555,-0.21550041,0.9999977,0.9999403
2,167,11,LEFT_SHOULDER,0.60897547,0.42310825,-0.07024265,0.16665259,-0.42659378,-0.026044618,0.99996907,0.99980444
2,167,12,RIGHT_SHOULDER,0.36408582,0.42288938,-0.1675645,-0.16060454,-0.39422,-0.119013876,0.99994683,0.9996673
2,167,13,LEFT_ELBOW,0.6335827,0.53903764,-0.08555266,0.14227127,-0.17616974,-0.053122036,0.9563342,0.99932015
2,167,14,RIGHT_ELBOW,0.3449432,0.54750484,-0.2177856,-0.16493037,-0.11372473,-0.13321538,0.9890405,0.99896777
2,167,15,LEFT_WRIST,0.5717459,0.60411274,-0.30249077,0.087887466,-0.036677983,-0.17573024,0.88647985,0.99900347
2,167,16,RIGHT_WRIST,0.44254616,0.61078227,-0.39664018,-0.036111716,0.0059788194,-0.23672861,0.9334437,0.9993563
2,167,17,LEFT_PINKY,0.5597953,0.62777156,-0.387405,0.0797783,0.035405435,-0.21463896,0.8376643,0.9971661
2,167,18,RIGHT_PINKY,0.48006824,0.62858284,-0.4785065,-0.0026490788,0.066319786,-0.27018374,0.895912,0.99835795
2,167,19,LEFT_INDEX,0.536321,0.6189598,-0.42118728,0.043436166,0.02981522,-0.2387141,0.84657866,0.9979888
2,167,20,RIGHT_INDEX,0.49611038,0.619902,-0.50085247,0.028683243,0.03938235,-0.2746542,0.9039734,0.998884
2,167,21,LEFT_THUMB,0.5361064,0.6110028,-0.32308343,0.070703946,-0.0242777,-0.18749021,0.8412943,0.99869555
2,167,22,RIGHT_THUMB,0.48644084,0.6124442,-0.4071316,-0.011749359,0.008064804,-0.2406189,0.9002013,0.9992986
2,167,23,LEFT_HIP,0.5548478,0.61190856,0.04313778,0.12990032,0.0012981689,0.050524615,0.9996453,0.99986017
2,167,24,RIGHT_HIP,0.41609436,0.61176413,-0.042324904,-0.12900303,-0.00258106,-0.046629537,0.9993927,0.99966466
2,167,25,LEFT_KNEE,0.617724,0.67192686,-0.7264553,0.13011089,0.2002802,-0.30920735,0.9671151,0.9994319
2,167,26,RIGHT_KNEE,0.5050489,0.6731268,-0.7519068,0.06605305,0.1594618,-0.34595764,0.98223674,0.9996288
2,167,27,LEFT_ANKLE,0.542015,0.8470392,-0.547047,0.11192633,0.5001394,-0.26931298,0.9368386,0.9959927
2,167,28,RIGHT_ANKLE,0.5125634,0.8555773,-0.65886754,0.07436381,0.51973325,-0.33762664,0.9514725,0.9904406
2,167,29,LEFT_HEEL,0.51651144,0.8601821,-0.53672445,0.11029054,0.538854,-0.26823103,0.83144915,0.99196917
2,167,30,RIGHT_HEEL,0.4948146,0.87284297,-0.6531724,0.07456521,0.5682722,-0.33750698,0.8733103,0.9801673
2,167,31,LEFT_FOOT_INDEX,0.52958703,0.91956174,-0.8179159,0.10874327,0.6357353,-0.3945624,0.92905873,0.96653706
2,167,32,RIGHT_FOOT_INDEX,0.5419964,0.93131113,-0.9406472,0.08611303,0.6578624,-0.45060995,0.9445468,0.9324533
3,250,0,NOSE,0.5083371,0.33870474,-0.47702345,0.048296906,-0.59403974,-0.25243083,0.99999577,0.9999039
3,250,1,LEFT_EYE_INNER,0.5195926,0.32581034,-0.44249335,0.039914552,-0.62892526,-0.23183881,0.99999005,0.9997677
3,250,2,LEFT_EYE,0.5271518,0.32611412,-0.44250244,0.040837627,-0.6299011,-0.23137623,0.999991,0.9997584
3,250,3,LEFT_EYE_OUTER,0.5336823,0.3263153,-0.44291386,0.040712398,-0.63048494,-0.23188902,0.9999913,0.9997508
3,250,4,RIGHT_EYE_INNER,0.4930628,0.32512814,-0.45455572,0.011588231,-0.6199678,-0.23933266,0.9999889,0.99979013
3,250,5,RIGHT_EYE,0.48168764,0.32507467,-0.45495528,0.012503498,-0.6204552,-0.23953958,0.9999911,0.9997749
3,250,6,RIGHT_EYE_OUTER,0.46970677,0.32500184,-0.45495528,0.012033941,-0.62288815,-0.23919846,0.9999912,0.9997565
3,250,7,LEFT_EAR,0.5379161,0.33146495,-0.2313482,0.05936551,-0.6086648,-0.11636388,0.99998134,0.99980444
3,250,8,RIGHT_EAR,0.4467423,0.33124214,-0.28578547,-0.079587735,-0.58079076,-0.1614442,0.999979,0.9997868
3,250,9,MOUTH_LEFT,0.5210921,0.35443935,-0.3946981,0.06535316,-0.5713799,-0.21225496,0.9999969,0.9999292
3,250,10,MOUTH_RIGHT,0.48586777,0.35311446,-0.41023272,0.02449653,-0.56036943,-0.22288133,0.99999774,0.99993134
3,250,11,LEFT_SHOULDER,0.608682,0.42237467,-0.093358636,0.16686887,-0.426475,-0.029313609,0.99996954,0.99984765
3,250,12,RIGHT_SHOULDER,0.36404762,0.4221378,-0.21514048,-0.15851882,-0.3940927,-0.13246663,0.9999483,0.99955577
3,250,13,LEFT_ELBOW,0.63376033,0.5377764,-0.096323736,0.14230049,-0.17600477,-0.054506794,0.9563398,0.9994
3,250,14,RIGHT_ELBOW,0.34477866,0.54754734,-0.25964192,-0.16047116,-0.113552414,-0.14705017,0.9892203,0.99851626
3,250,15,LEFT_WRIST,0.57174647,0.60435164,-0.31871235,0.08813051,-0.035976104,-0.17839761,0.8871442,0.99910307
3,250,16,RIGHT_WRIST,0.44794732,0.61132234,-0.43483856,-0.021859642,0.0075985487,-0.24770375,0.9344027,0.99909246
3,250,17,LEFT_PINKY,0.55943877,0.6279921,-0.40340412,0.0802307,0.035873234,-0.21733509,0.83869463,0.9972531
3,250,18,RIGHT_PINKY,0.4904272,0.6288745,-0.5184613,0.014155562,0.06791229,-0.28221312,0.89706844,0.9976949
3,250,19,LEFT_INDEX,0.5356358,0.6191672,-0.44058278,0.04431925,0.029681757,-0.24204022,0.84751797,0.9980506
3,250,20,RIGHT_INDEX,0.50289327,0.619895,-0.54002595,0.046413753,0.04027933,-0.2856176,0.90505093,0.9984452
3,250,21,LEFT_THUMB,0.53511715,0.6112628,-0.3401518,0.07103967,-0.023746967,-0.19039434,0.8419616,0.9987696
3,250,22,RIGHT_THUMB,0.49400812,0.6124499,-0.44449094,0.0034683223,0.009411799,-0.25083274,0.90107536,0.9990226
3,250,23,LEFT_HIP,0.5543001,0.6118417,0.043750178,0.1297942,0.0012173469,0.050722826,0.99964505,0.99984276
3,250,24,RIGHT_HIP,0.41517717,0.61205184,-0.04291838,-0.12888336,-0.0025012875,-0.046838954,0.9993941,0.9995327
3,250,25,LEFT_KNEE,0.6168715,0.6717369,-0.7215379,0.13115789,0.20021476,-0.30895925,0.9673707,0.99928194
3,250,26,RIGHT_KNEE,0.50457704,0.6730627,-0.7647382,0.06861302,0.15562439,-0.35085097,0.9822041,0.99942964
3,250,27,LEFT_ANKLE,0.54383385,0.8460296,-0.5525264,0.117233954,0.50012124,-0.26899347,0.9368873,0.9953544
3,250,28,RIGHT_ANKLE,0.5126076,0.8562357,-0.679718,0.07795362,0.5177475,-0.34128752,0.9511215,0.9879462
3,250,29,LEFT_HEEL,0.5209018,0.8572674,-0.5429075,0.116843544,0.5388068,-0.26789045,0.8326422,0.99066
3,250,30,RIGHT_HEEL,0.4948342,0.8727067,-0.6749859,0.07821951,0.566465,-0.34118974,0.87369543,0.97608364
3,250,31,LEFT_FOOT_INDEX,0.5317828,0.9191492,-0.82384396,0.11976927,0.6347102,-0.39343402,0.9296282,0.9635062
3,250,32,RIGHT_FOOT_INDEX,0.5426974,0.9318425,-0.9666659,0.09150118,0.65547216,-0.4548229,0.9446422,0.92441523
4,333,0,NOSE,0.5228275,0.34066573,-0.44649544,0.067350134,-0.5934369,-0.24675918,0.99999565,0.99990165
4,333,1,LEFT_EYE_INNER,0.52925754,0.32711273,-0.41224045,0.057407234,-0.6284614,-0.22603562,0.9999899,0.9997584
4,333,2,LEFT_EYE,0.53604376,0.32724538,-0.41222575,0.05831957,-0.62925035,-0.22556683,0.9999908,0.99974483
4,333,3,LEFT_EYE_OUTER,0.542608,0.32735306,-0.4122907,0.0582541,-0.62998235,-0.225986,0.9999911,0.9997367
4,333,4,RIGHT_EYE_INNER,0.5044507,0.32653248,-0.4311358,0.031111225,-0.6199902,-0.23646674,0.9999889,0.9997868
4,333,5,RIGHT_EYE,0.49261123,0.32621315,-0.43159503,0.032027274,-0.62047756,-0.2367697,0.9999911,0.9997749
4,333,6,RIGHT_EYE_OUTER,0.4796328,0.32589316,-0.43159503,0.031541325,-0.62280715,-0.2363516,0.99999124,0.9997584
4,333,7,LEFT_EAR,0.53971565,0.33260873,-0.20839986,0.06232915,-0.6081131,-0.11085168,0.9999809,0.9997981
4,333,8,RIGHT_EAR,0.45059496,0.33157626,-0.284687,-0.06838986,-0.5821277,-0.1661634,0.9999793,0.99978846
4,333,9,MOUTH_LEFT,0.53226995,0.35604137,-0.3672918,0.07702381,-0.5707107,-0.2065103,0.99999684,0.99992335
4,333,10,MOUTH_RIGHT,0.50158966,0.35429344,-0.39170167,0.039029438,-0.56029564,-0.22121334,0.99999774,0.99993396
4,333,11,LEFT_SHOULDER,0.6068064,0.42273483,-0.085386194,0.1638026,-0.42681572,-0.02632304,0.9999695,0.9998416
4,333,12,RIGHT_SHOULDER,0.36309543,0.42203498,-0.21861045,-0.15807934,-0.39456424,-0.13767256,0.9999494,0.99960643
4,333,13,LEFT_ELBOW,0.6336104,0.5372654,-0.08105279,0.14004853,-0.17990051,-0.046963304,0.95422864,0.99942744
4,333,14,RIGHT_ELBOW,0.34364682,0.54757166,-0.26109737,-0.1604616,-0.11428563,-0.15207216,0.9895106,0.9988752
4,333,15,LEFT_WRIST,0.5717875,0.60322237,-0.2852107,0.08805626,-0.041190404,-0.16802092,0.8841947,0.9991768
4,333,16,RIGHT_WRIST,0.4478806,0.6116718,-0.41653273,-0.021935698,0.0065177553,-0.2474796,0.9356023,0.9992387
4,333,17,LEFT_PINKY,0.55949515,0.6275418,-0.3652608,0.08028358,0.029724518,-0.20578866,0.8356622,0.9975751
4,333,18,RIGHT_PINKY,0.4895499,0.6291021,-0.4929971,0.013375173,0.065883815,-0.2818332,0.8984796,0.9979493
4,333,19,LEFT_INDEX,0.5356394,0.618748,-0.39880732,0.044888534,0.022516428,-0.23037732,0.84461087,0.9982658
4,333,20,RIGHT_INDEX,0.5027773,0.6200477,-0.5152923,0.04557433,0.03854424,-0.2854308,0.9064812,0.9986223
4,333,21,LEFT_THUMB,0.5351454,0.6105546,-0.30552328,0.07104505,-0.02965226,-0.18007994,0.8388882,0.99890125
4,333,22,RIGHT_THUMB,0.4934859,0.61265063,-0.4256439,0.003066175,0.008279987,-0.25065193,0.9026981,0.99914074
4,333,23,LEFT_HIP,0.5542854,0.6140993,0.041787747,0.1294079,0.00074914645,0.050720476,0.9996351,0.99984884
4,333,24,RIGHT_HIP,0.41517597,0.61442655,-0.04094369,-0.12855239,-0.0020201888,-0.046848003,0.99938595,0.99958426
4,333,25,LEFT_KNEE,0.6146448,0.6713918,-0.70231664,0.13024628,0.1962488,-0.30411536,0.96738696,0.9993881
4,333,26,RIGHT_KNEE,0.50420535,0.6733791,-0.73886275,0.06523632,0.15609196,-0.34910986,0.9817508,0.9995005
4,333,27,LEFT_ANKLE,0.5430159,0.84790754,-0.5597961,0.11633086,0.49935982,-0.26889578,0.9366977,0.9959299
4,333,28,RIGHT_ANKLE,0.51331145,0.85723275,-0.67727786,0.079203635,0.517911,-0.3413327,0.95021755,0.98959166
4,333,29,LEFT_HEEL,0.5190276,0.8605091,-0.5525426,0.11552702,0.5382785,-0.26793483,0.8327646,0.9917163
4,333,30,RIGHT_HEEL,0.49626613,0.8744608,-0.6711405,0.0797323,0.5665654,-0.34135377,0.8739999,0.97850823
4,333,31,LEFT_FOOT_INDEX,0.53153837,0.91983956,-0.82672566,0.11567048,0.6349639,-0.39297083,0.92997193,0.9675945
4,333,32,RIGHT_FOOT_INDEX,0.54279155,0.9325369,-0.95580816,0.09099724,0.6556075,-0.45419928,0.9443219,0.93171144
5,417,0,NOSE,0.5345879,0.34581527,-0.4794668,0.09100075,-0.5810014,-0.24637221,0.9999949,0.99977654
5,417,1,LEFT_EYE_INNER,0.53890646,0.33134192,-0.44395706,0.079916425,-0.6165144,-0.2260822,0.9999885,0.9995435
5,417,2,LEFT_EYE,0.5442475,0.33151498,-0.44394335,0.080708385,-0.6174664,-0.22560759,0.9999894,0.99953806
5,417,3,LEFT_EYE_OUTER,0.5492467,0.33170772,-0.4439384,0.080641985,-0.61840004,-0.22597599,0.99998975,0.99953806
5,417,4,RIGHT_EYE_INNER,0.5164902,0.32984763,-0.4696481,0.055737875,-0.6104166,-0.23721564,0.99998754,0.99956435
5,417,5,RIGHT_EYE,0.5052098,0.32889464,-0.46969163,0.05664833,-0.6109137,-0.23750234,0.99999,0.9995327
5,417,6,RIGHT_EYE_OUTER,0.49202207,0.32791066,-0.46969163,0.056137778,-0.6129702,-0.23706087,0.99999017,0.9994967
5,417,7,LEFT_EAR,0.5407406,0.33610076,-0.22828159,0.06988643,-0.5986972,-0.11113554,0.9999784,0.999658
5,417,8,RIGHT_EAR,0.4595715,0.33164343,-0.341708,-0.05028827,-0.58029395,-0.18232518,0.9999775,0.9995505
5,417,9,MOUTH_LEFT,0.5387764,0.3604167,-0.3941518,0.09401801,-0.558627,-0.20604193,0.99999636,0.99983776
5,417,10,MOUTH_RIGHT,0.51355404,0.35780913,-0.4280253,0.05886797,-0.5505246,-0.22182216,0.9999975,0.9998568
5,417,11,LEFT_SHOULDER,0.60484344,0.42273784,-0.0872232,0.16344243,-0.42493114,-0.026348714,0.9999689,0.99979335
5,417,12,RIGHT_SHOULDER,0.36032042,0.42153817,-0.27004915,-0.15497686,-0.39453578,-0.15283003,0.9999493,0.99937123
5,417,13,LEFT_ELBOW,0.63327485,0.53725326,-0.081255145,0.1415229,-0.17970617,-0.04574462,0.9524343,0.9993013
5,417,14,RIGHT_ELBOW,0.3420692,0.54759586,-0.31444743,-0.15669422,-0.1138325,-0.16779523,0.9897688,0.998103
5,417,15,LEFT_WRIST,0.5718304,0.60294044,-0.28736347,0.09007042,-0.04266848,-0.16508064,0.8820104,0.9991272
5,417,16,RIGHT_WRIST,0.4516998,0.6128171,-0.4595372,-0.009446513,0.0067119873,-0.25600338,0.93644947,0.9989267
5,417,17,LEFT_PINKY,0.5592709,0.6271626,-0.3676498,0.08253013,0.02714566,-0.20108923,0.8335308,0.99759394
5,417,18,RIGHT_PINKY,0.49373186,0.629472,-0.53952414,0.028122324,0.06586614,-0.29011285,0.8996383,0.99749833
5,417,19,LEFT_INDEX,0.53542984,0.61832654,-0.40190795,0.048744813,0.017083604,-0.22468118,0.84255356,0.99827254
5,417,20,RIGHT_INDEX,0.5051106,0.61997867,-0.5586554,0.06146569,0.03790146,-0.293587,0.9075633,0.9983125
5,417,21,LEFT_THUMB,0.53504014,0.6101924,-0.30781052,0.07353277,-0.03225948,-0.17661253,0.8361371,0.9988708
5,417,22,RIGHT_THUMB,0.49718073,0.6126555,-0.46710956,0.016007569,0.008355668,-0.25857273,0.9033063,0.99890554
5,417,23,LEFT_HIP,0.5516165,0.6140795,0.05172641,0.12867782,0.000252756,0.05260761,0.99962467,0.9997508
5,417,24,RIGHT_HIP,0.41251302,0.61468756,-0.050748046,-0.12787765,-0.0015177861,-0.048856203,0.99937093,0.9992267
5,417,25,LEFT_KNEE,0.61517835,0.66946256,-0.6987542,0.14135173,0.19374366,-0.29824308,0.9677059,0.99939287
5,417,26,RIGHT_KNEE,0.5054868,0.6727451,-0.76847297,0.07768169,0.15294306,-0.35072592,0.9817032,0.99944717
5,417,27,LEFT_ANKLE,0.54354876,0.84475595,-0.5458238,0.118882075,0.49161437,-0.2608158,0.9368517,0.9969722
5,417,28,RIGHT_ANKLE,0.51332647,0.8551197,-0.69115347,0.08175702,0.512615,-0.3426959,0.95026445,0.99128854
5,417,29,LEFT_HEEL,0.52013457,0.855827,-0.53706086,0.117681734,0.5300847,-0.25981873,0.8352053,0.9940428
5,417,30,RIGHT_HEEL,0.49627277,0.873088,-0.68654287,0.081564955,0.56144136,-0.3427925,0.8755336,0.98314995
5,417,31,LEFT_FOOT_INDEX,0.5321131,0.9191864,-0.8054768,0.12140125,0.63115716,-0.375341,0.931021,0.9778412
5,417,32,RIGHT_FOOT_INDEX,0.5437129,0.93242776,-0.97284937,0.09528435,0.65129846,-0.45422632,0.9449583,0.94834626
6,500,0,NOSE,0.54234177,0.34807798,-0.47739804,0.10349541,-0.57331973,-0.24648044,0.99999416,0.99979335
6,500,1,LEFT_EYE_INNER,0.5453876,0.3334008,-0.44316593,0.09202307,-0.6093466,-0.22625558,0.9999871,0.99957114
6,500,2,LEFT_EYE,0.549674,0.33353123,-0.4431605,0.092805356,-0.61033225,-0.22578429,0.999988,0.9995609
6,500,3,LEFT_EYE_OUTER,0.55347997,0.33365747,-0.4431603,0.09279338,-0.61131376,-0.2261217,0.99998844,0.99955577
6,500,4,RIGHT_EYE_INNER,0.5255177,0.33172086,-0.46796134,0.06883005,-0.60430443,-0.23927459,0.99998635,0.99960953
6,500,5,RIGHT_EYE,0.51470196,0.33051977,-0.46822077,0.06974269,-0.6047992,-0.23954393,0.999989,0.9995859
6,500,6,RIGHT_EYE_OUTER,0.5027227,0.3293534,-0.46822077,0.06924149,-0.60677505,-0.23915103,0.99998933,0.9995592
6,500,7,LEFT_EAR,0.5416501,0.33751577,-0.23704615,0.07680307,-0.59385103,-0.112871535,0.9999761,0.9996724
6,500,8,RIGHT_EAR,0.46815068,0.33181804,-0.35329574,-0.038387492,-0.5788266,-0.19259605,0.99997634,0.9996288
6,500,9,MOUTH_LEFT,0.54410696,0.36277357,-0.39354455,0.10423753,-0.5513392,-0.20616777,0.99999595,0.99984527
6,500,10,MOUTH_RIGHT,0.5212692,0.36029804,-0.42610282,0.07048114,-0.5443183,-0.22324042,0.9999973,0.9998727
6,500,11,LEFT_SHOULDER,0.6032439,0.42265302,-0.098009504,0.16335672,-0.42436406,-0.027938707,0.9999684,0.99982184
6,500,12,RIGHT_SHOULDER,0.36000723,0.42136902,-0.2838643,-0.149623,-0.39450693,-0.16258462,0.99994975,0.99949265
6,500,13,LEFT_ELBOW,0.6323279,0.5362336,-0.08558212,0.14246117,-0.18063149,-0.04649955,0.9505339,0.99929583
6,500,14,RIGHT_ELBOW,0.3414859,0.5480448,-0.32848024,-0.15363695,-0.11370623,-0.17930892,0.99000424,0.9981756
6,500,15,LEFT_WRIST,0.57002634,0.6030413,-0.28177094,0.09005007,-0.043450575,-0.16443889,0.8775048,0.998835
6,500,16,RIGHT_WRIST,0.45537066,0.61343455,-0.4528421,-0.0009197338,0.0067645065,-0.25978482,0.9359258,0.9986436
6,500,17,LEFT_PINKY,0.5555186,0.62716055,-0.35774353,0.08239521,0.026468122,-0.19992931,0.82784003,0.99664956
6,500,18,RIGHT_PINKY,0.49617937,0.6295122,-0.5312754,0.03748177,0.06529542,-0.2924238,0.89841443,0.9965436
6,500,19,LEFT_INDEX,0.53287524,0.6181964,-0.38768822,0.048728827,0.015791737,-0.22210646,0.83704233,0.9975751
6,500,20,RIGHT_INDEX,0.5067862,0.6196476,-0.5510645,0.07093721,0.036718458,-0.29615748,0.9064684,0.99766773
6,500,21,LEFT_THUMB,0.5321483,0.6099981,-0.30027935,0.073525585,-0.033197094,-0.17549582,0.8300839,0.99843305
6,500,22,RIGHT_THUMB,0.49952736,0.6125252,-0.4601629,0.024453375,0.008282772,-0.2620495,0.9020051,0.99850464
6,500,23,LEFT_HIP,0.54977924,0.6140276,0.0519909,0.12763616,-0.00011143085,0.053142224,0.9996052,0.9997527
6,500,24,RIGHT_HIP,0.41055387,0.61455095,-0.051035255,-0.12689872,-0.0011366014,-0.049465857,0.99934655,0.9992237
6,500,25,LEFT_KNEE,0.6132004,0.66933393,-0.65851235,0.13923624,0.19299959,-0.28799066,0.967354,0.99918324
6,500,26,RIGHT_KNEE,0.5042705,0.672355,-0.7410208,0.077436216,0.15316431,-0.34870547,0.98134226,0.99933076
6,500,27,LEFT_ANKLE,0.54456073,0.844596,-0.5422888,0.12064784,0.49459043,-0.2589397,0.93611056,0.9946774
6,500,28,RIGHT_ANKLE,0.5133364,0.8561839,-0.687096,0.08346383,0.51375496,-0.34292305,0.94925135,0.9875683
6,500,29,LEFT_HEEL,0.5206231,0.8568834,-0.5362586,0.119989246,0.534074,-0.2584462,0.83534026,0.9890976
6,500,30,RIGHT_HEEL,0.4969853,0.87304515,-0.68256,0.083212815,0.5626507,-0.3431852,0.87585336,0.9745319
6,500,31,LEFT_FOOT_INDEX,0.5364928,0.9211699,-0.8025477,0.12523587,0.6342219,-0.37440997,0.9309521,0.9595352
6,500,32,RIGHT_FOOT_INDEX,0.544794,0.9328126,-0.9708285,0.09843428,0.65158427,-0.45409963,0.94454145,0.9190633
7,583,0,NOSE,0.5502091,0.35134855,-0.4513248,0.10985945,-0.56881475,-0.2323234,0.99999374,0.9998313
7,583,1,LEFT_EYE_INNER,0.5524607,0.33660543,-0.41890657,0.099091314,-0.6053454,-0.21429941,0.9999864,0.99963737
7,583,2,LEFT_EYE,0.5554745,0.33657283,-0.41890046,0.09987983,-0.6063326,-0.21381944,0.99998724,0.99963164
7,583,3,LEFT_EYE_OUTER,0.55831534,0.33649284,-0.4192619,0.09988162,-0.60698736,-0.21408217,0.9999877,0.9996302
7,583,4,RIGHT_EYE_INNER,0.5355767,0.33498624,-0.44759858,0.07651597,-0.60096395,-0.22979285,0.9999857,0.999658
7,583,5,RIGHT_EYE,0.52596307,0.3335452,-0.44799075,0.07743181,-0.60145354,-0.2300448,0.9999883,0.9996302
7,583,6,RIGHT_EYE_OUTER,0.51490587,0.3319957,-0.44799075,0.076943904,-0.60340875,-0.22958115,0.9999888,0.99960333
7,583,7,LEFT_EAR,0.54280955,0.3393273,-0.208772,0.08037174,-0.5919829,-0.10278043,0.9999748,0.99972624
7,583,8,RIGHT_EAR,0.47804672,0.3328691,-0.34165144,-0.032167096,-0.57886004,-0.19157071,0.9999757,0.99963737
7,583,9,MOUTH_LEFT,0.5487377,0.36512274,-0.3661729,0.108460315,-0.5475821,-0.19189216,0.99999577,0.9998776
7,583,10,MOUTH_RIGHT,0.52860165,0.36294013,-0.40384674,0.07548244,-0.541561,-0.2133048,0.99999726,0.9998945
7,583,11,LEFT_SHOULDER,0.6023684,0.4226443,-0.06444006,0.16257556,-0.42503247,-0.01667166,0.9999694,0.9998822
7,583,12,RIGHT_SHOULDER,0.3599094,0.4213263,-0.26793206,-0.14820756,-0.3970741,-0.15764469,0.9999512,0.99958104
7,583,13,LEFT_ELBOW,0.6295893,0.534804,-0.04451906,0.14271978,-0.18281125,-0.032246448,0.9493606,0.999566
7,583,14,RIGHT_ELBOW,0.34102055,0.54900455,-0.3028393,-0.15308957,-0.11391341,-0.17388013,0.9903448,0.998844
7,583,15,LEFT_WRIST,0.571579,0.6021752,-0.25594532,0.09383989,-0.049394727,-0.15247527,0.8780981,0.9994622
7,583,16,RIGHT_WRIST,0.45230472,0.6135709,-0.43799058,-0.0021034626,0.0047857114,-0.2557657,0.93816364,0.9992706
7,583,17,LEFT_PINKY,0.5597068,0.62628233,-0.334008,0.087111026,0.020055914,-0.18803783,0.82912123,0.99843305
7,583,18,RIGHT_PINKY,0.49343863,0.629379,-0.51686674,0.03676593,0.061712787,-0.28871322,0.9017441,0.998147
7,583,19,LEFT_INDEX,0.53561795,0.61668086,-0.36877444,0.05469103,0.007693087,-0.21048963,0.83832276,0.99889696
7,583,20,RIGHT_INDEX,0.504335,0.61944556,-0.5429076,0.06974789,0.03331408,-0.29393822,0.9096566,0.99876
7,583,21,LEFT_THUMB,0.5346773,0.6084085,-0.276534,0.07774331,-0.040255945,-0.16351986,0.8308773,0.99929035
7,583,22,RIGHT_THUMB,0.49590886,0.61243576,-0.44768035,0.023351721,0.006155642,-0.25861073,0.9051477,0.9992206
7,583,23,LEFT_HIP,0.5491163,0.61405396,0.051651992,0.12728941,-0.00047418626,0.053084053,0.99960375,0.9998118
7,583,24,RIGHT_HIP,0.41055712,0.6154349,-0.050651863,-0.1265912,-0.0007569113,-0.049442083,0.9993455,0.9993857
7,583,25,LEFT_KNEE,0.61388004,0.66871345,-0.6735555,0.13923387,0.18553916,-0.28855857,0.9680863,0.99950445
7,583,26,RIGHT_KNEE,0.50244313,0.67199314,-0.76427805,0.074895784,0.15315382,-0.35010973,0.98151654,0.9995234
7,583,27,LEFT_ANKLE,0.54332393,0.8472227,-0.5773837,0.120707355,0.49318385,-0.26549968,0.93725705,0.9970421
7,583,28,RIGHT_ANKLE,0.5134519,0.85659564,-0.71628135,0.08369998,0.513362,-0.35154903,0.9501566,0.99248135
7,583,29,LEFT_HEEL,0.517749,0.860932,-0.5737542,0.119909294,0.5328576,-0.2658023,0.83985513,0.9938548
7,583,30,RIGHT_HEEL,0.4969926,0.87381965,-0.71376663,0.08353378,0.56187177,-0.3519605,0.87972766,0.98475236
7,583,31,LEFT_FOOT_INDEX,0.5343034,0.9212276,-0.84860027,0.12308485,0.6346376,-0.3812849,0.93283314,0.9759006
7,583,32,RIGHT_FOOT_INDEX,0.544703,0.93278277,-0.99620116,0.09799533,0.6517264,-0.45968097,0.9459411,0.9480585
8,667,0,NOSE,0.55481917,0.3539352,-0.46418163,0.12422546,-0.5584369,-0.23367849,0.999993,0.9997868
8,667,1,LEFT_EYE_INNER,0.5580241,0.33904415,-0.43408963,0.11397692,-0.5955407,-0.21708022,0.9999851,0.999566
8,667,2,LEFT_EYE,0.56111974,0.3390754,-0.43408287,0.114765145,-0.5961319,-0.21660228,0.999986,0.9995523
8,667,3,LEFT_EYE_OUTER,0.5641353,0.33903828,-0.4341599,0.11471655,-0.59703445,-0.21683569,0.99998647,0.99954
8,667,4,RIGHT_EYE_INNER,0.5410723,0.33697248,-0.4638658,0.09173132,-0.5913726,-0.23395434,0.9999846,0.99961853
8,667,5,RIGHT_EYE,0.53174525,0.33531982,-0.46426883,0.0926463,-0.592255,-0.2342937,0.9999874,0.99960023
8,667,6,RIGHT_EYE_OUTER,0.520615,0.33358583,-0.46426883,0.092209466,-0.59380686,-0.23380509,0.999988,0.99957937
8,667,7,LEFT_EAR,0.54844934,0.34127536,-0.22689994,0.09344304,-0.5855153,-0.10654138,0.9999726,0.9996458
8,667,8,RIGHT_EAR,0.48568666,0.33382493,-0.36045697,-0.017605001,-0.5757338,-0.19616733,0.99997485,0.9996486
8,667,9,MOUTH_LEFT,0.5527049,0.36735946,-0.37913048,0.12163144,-0.53869677,-0.19294049,0.9999953,0.9998273
8,667,10,MOUTH_RIGHT,0.53267664,0.365017,-0.41924927,0.08906752,-0.53305805,-0.21670423,0.9999971,0.9998727
8,667,11,LEFT_SHOULDER,0.60309076,0.42286795,-0.06819101,0.16653208,-0.42299476,-0.018006712,0.999969,0.9998074
8,667,12,RIGHT_SHOULDER,0.36031914,0.42100495,-0.28781945,-0.13933584,-0.39710748,-0.1634401,0.9999529,0.9995956
8,667,13,LEFT_ELBOW,0.62669915,0.53512037,-0.05355073,0.1461893,-0.181954,-0.032956526,0.94674236,0.99924755
8,667,14,RIGHT_ELBOW,0.3398639,0.54899347,-0.32760358,-0.15099467,-0.113829434,-0.17873219,0.9906886,0.9984269
8,667,15,LEFT_WRIST,0.57040614,0.60271007,-0.25727448,0.09530621,-0.049071964,-0.15290023,0.87229204,0.99876
8,667,16,RIGHT_WRIST,0.45411575,0.6139498,-0.4489777,0.002517006,0.005264115,-0.25800094,0.93929553,0.9989759
8,667,17,LEFT_PINKY,0.55684555,0.62676257,-0.33202717,0.088217415,0.020476632,-0.18780895,0.82230973,0.9967397
8,667,18,RIGHT_PINKY,0.49475408,0.62949276,-0.5237953,0.042227615,0.061799202,-0.2903756,0.903075,0.99750805
8,667,19,LEFT_INDEX,0.5338273,0.6171662,-0.36414847,0.057099927,0.008569362,-0.20934488,0.8317264,0.9976404
8,667,20,RIGHT_INDEX,0.50593394,0.61943614,-0.54539,0.076081514,0.033218358,-0.29527688,0.91089714,0.9983321
8,667,21,LEFT_THUMB,0.5325106,0.60886467,-0.27670357,0.07962268,-0.039781895,-0.16368203,0.8236943,0.9984145
8,667,22,RIGHT_THUMB,0.4981012,0.61249566,-0.45577362,0.028110694,0.0063700955,-0.26060617,0.9061078,0.9989309
8,667,23,LEFT_HIP,0.5468469,0.6138617,0.057672966,0.12652859,-0.00063505274,0.05431812,0.99959266,0.99971753
8,667,24,RIGHT_HIP,0.40735978,0.6153678,-0.056706265,-0.12586859,-0.00059079897,-0.050759338,0.9993345,0.9991672
8,667,25,LEFT_KNEE,0.6137566,0.66834337,-0.6630421,0.14322017,0.18573736,-0.28562462,0.9686869,0.9993513
8,667,26,RIGHT_KNEE,0.50244075,0.6721783,-0.76071495,0.080949716,0.15426289,-0.34979954,0.98178035,0.99949074
8,667,27,LEFT_ANKLE,0.54396313,0.845912,-0.56023085,0.12562081,0.4933039,-0.26181972,0.9384702,0.99644804
8,667,28,RIGHT_ANKLE,0.5131428,0.85758984,-0.7085312,0.08667651,0.51400626,-0.35125762,0.95096356,0.99111825
8,667,29,LEFT_HEEL,0.5201264,0.85817844,-0.5571399,0.12459887,0.53310543,-0.2620603,0.8441932,0.99271095
8,667,30,RIGHT_HEEL,0.4970771,0.87381697,-0.7059265,0.08605991,0.5623005,-0.35166612,0.8827296,0.9817707
8,667,31,LEFT_FOOT_INDEX,0.5371203,0.92168987,-0.8221602,0.13063216,0.6352747,-0.37559283,0.9345817,0.9709644
8,667,32,RIGHT_FOOT_INDEX,0.5453595,0.93341064,-0.9877054,0.1039383,0.6523079,-0.45906317,0.9470668,0.93891287
9,750,0,NOSE,0.56111544,0.35428795,-0.4535965,0.1379545,-0.55608386,-0.23144631,0.99999243,0.99976224
9,750,1,LEFT_EYE_INNER,0.563786,0.33979994,-0.42347625,0.12688601,-0.5934345,-0.2147226,0.99998415,0.9995005
9,750,2,LEFT_EYE,0.5665925,0.33990747,-0.42380282,0.1276347,-0.59393775,-0.21416685,0.99998504,0.99949265
9,750,3,LEFT_EYE_OUTER,0.56942034,0.33994573,-0.4238057,0.12764795,-0.59489113,-0.21440218,0.99998546,0.99949265
9,750,4,RIGHT_EYE_INNER,0.54764265,0.33747166,-0.45570242,0.10551996,-0.58925116,-0.23203982,0.9999837,0.99955755
9,750,5,RIGHT_EYE,0.53865474,0.33579335,-0.4561189,0.106445655,-0.58990026,-0.23240049,0.9999866,0.9995345
9,750,6,RIGHT_EYE_OUTER,0.5280309,0.33403602,-0.4561189,0.10600932,-0.59167945,-0.231841,0.99998736,0.9995122
9,750,7,LEFT_EAR,0.5524871,0.34199223,-0.22011033,0.10159153,-0.58316606,-0.10515947,0.999971,0.99961853
9,750,8,RIGHT_EAR,0.49304277,0.3339946,-0.35527644,-0.0056229164,-0.57417005,-0.19493426,0.99997425,0.99959236
9,750,9,MOUTH_LEFT,0.5585428,0.3676627,-0.37067586,0.13341607,-0.53603894,-0.19123615,0.999995,0.99982053
9,750,10,MOUTH_RIGHT,0.5387378,0.36502844,-0.4125509,0.1020804,-0.5305836,-0.21538123,0.99999696,0.9998623
9,750,11,LEFT_SHOULDER,0.6034925,0.4235325,-0.062367894,0.16968156,-0.42112097,-0.015596561,0.9999691,0.99984527
9,750,12,RIGHT_SHOULDER,0.36358905,0.42070085,-0.29108852,-0.12998185,-0.3973516,-0.16419919,0.9999544,0.9995695
9,750,13,LEFT_ELBOW,0.6267427,0.5351878,-0.04456992,0.14852321,-0.18196273,-0.032160737,0.94342035,0.9993411
9,750,14,RIGHT_ELBOW,0.33907825,0.5489512,-0.33950847,-0.15005115,-0.115517214,-0.18256462,0.9910707,0.998487
9,750,15,LEFT_WRIST,0.5726825,0.6025852,-0.25177866,0.10392689,-0.05001043,-0.15207891,0.867678,0.9989225
9,750,16,RIGHT_WRIST,0.457024,0.61396736,-0.45773226,0.0076703224,0.0025878581,-0.26130366,0.9412042,0.999071
9,750,17,LEFT_PINKY,0.55969995,0.6267215,-0.32497612,0.098877996,0.019506983,-0.18629116,0.81819516,0.99709916
9,750,18,RIGHT_PINKY,0.4974895,0.62939143,-0.5327705,0.04840103,0.05908087,-0.29398018,0.90568584,0.99773055
9,750,19,LEFT_INDEX,0.5390054,0.6171107,-0.35714528,0.069986306,0.0069219638,-0.20740233,0.82770365,0.9979652
9,750,20,RIGHT_INDEX,0.5087404,0.6192028,-0.5515905,0.084319495,0.029558228,-0.29848945,0.91334206,0.9984812
9,750,21,LEFT_THUMB,0.53876406,0.60875493,-0.27139625,0.089512624,-0.04092515,-0.16271985,0.81932414,0.9986436
9,750,22,RIGHT_THUMB,0.5016167,0.6124347,-0.463451,0.03380647,0.0034755424,-0.26362443,0.9084538,0.99903023
9,750,23,LEFT_HIP,0.54601574,0.6138406,0.063471876,0.12568647,-0.0006784363,0.055756923,0.9995823,0.9997527
9,750,24,RIGHT_HIP,0.40597895,0.6158279,-0.06245071,-0.12501213,-0.0005458838,-0.05228126,0.9993237,0.99916387
9,750,25,LEFT_KNEE,0.6169889,0.6670809,-0.64470136,0.16025037,0.15970613,-0.28216934,0.9688534,0.99936634
9,750,26,RIGHT_KNEE,0.50646776,0.6710452,-0.78037506,0.08496466,0.13624904,-0.3563019,0.9821796,0.9995453
9,750,27,LEFT_ANKLE,0.5451453,0.8449559,-0.5425715,0.1358849,0.477752,-0.26123652,0.9391429,0.99629277
9,750,28,RIGHT_ANKLE,0.5139712,0.85750115,-0.71679324,0.09206152,0.49918556,-0.35584953,0.95188844,0.99135584
9,750,29,LEFT_HEEL,0.5237533,0.8564706,-0.53937507,0.13335298,0.518175,-0.26145113,0.84807736,0.99242276
9,750,30,RIGHT_HEEL,0.49754965,0.8732878,-0.71145856,0.091078185,0.5473126,-0.35563734,0.8872323,0.98184055
9,750,31,LEFT_FOOT_INDEX,0.5375823,0.9216674,-0.7946578,0.13980591,0.62656033,-0.37100476,0.935623,0.96765566
9,750,32,RIGHT_FOOT_INDEX,0.54628086,0.93341243,-0.98507345,0.11298939,0.64020324,-0.45892626,0.94829845,0.93721074
10,833,0,NOSE,0.5669033,0.35703582,-0.47841612,0.14733618,-0.54609925,-0.23355499,0.9999905,0.9996699
10,833,1,LEFT_EYE_INNER,0.5707384,0.3424384,-0.45000646,0.13730599,-0.5840415,-0.21807937,0.99998057,0.99937123
10,833,2,LEFT_EYE,0.57364166,0.34246618,-0.45005468,0.13806504,-0.58487743,-0.21756344,0.99998176,0.99936384
10,833,3,LEFT_EYE_OUTER,0.57641935,0.34239972,-0.4500422,0.13804755,-0.58586186,-0.21779417,0.999982,0.99936634
10,833,4,RIGHT_EYE_INNER,0.5551396,0.34028742,-0.4813987,0.11554355,-0.5804191,-0.23577003,0.9999803,0.9994407
10,833,5,RIGHT_EYE,0.5463849,0.33837882,-0.48179165,0.11647468,-0.5809242,-0.23623227,0.99998367,0.99940693
10,833,6,RIGHT_EYE_OUTER,0.5361201,0.33630416,-0.48179165,0.11605234,-0.58284,-0.23562361,0.9999847,0.9993761
10,833,7,LEFT_EAR,0.56030923,0.34371123,-0.24062121,0.11308988,-0.57852554,-0.10858258,0.99996537,0.9995308
10,833,8,RIGHT_EAR,0.50150955,0.33510953,-0.38096198,0.004434227,-0.5712108,-0.19910142,0.99997115,0.9994746
10,833,9,MOUTH_LEFT,0.56350356,0.37011808,-0.39138883,0.1429357,-0.5278587,-0.19271761,0.999994,0.9997713
10,833,10,MOUTH_RIGHT,0.5444177,0.36771184,-0.43314764,0.111051284,-0.52274066,-0.2175063,0.9999965,0.9998191
10,833,11,LEFT_SHOULDER,0.6060389,0.42389917,-0.06451182,0.17803973,-0.4204139,-0.016005455,0.99996895,0.9998523
10,833,12,RIGHT_SHOULDER,0.36805525,0.41902685,-0.31051254,-0.12124609,-0.39955908,-0.16775851,0.9999555,0.9995363
10,833,13,LEFT_ELBOW,0.6272406,0.53695494,-0.04798532,0.15461266,-0.18194309,-0.032802146,0.94085294,0.9993487
10,833,14,RIGHT_ELBOW,0.33846256,0.5465766,-0.3553529,-0.14638828,-0.12071669,-0.18470325,0.9913633,0.99824536
10,833,15,LEFT_WRIST,0.5726825,0.60314703,-0.26394057,0.10615619,-0.05117112,-0.15224373,0.8639008,0.9989183
10,833,16,RIGHT_WRIST,0.4694269,0.6105331,-0.47590244,0.018668642,-0.003786196,-0.2622559,0.9424373,0.99896777
10,833,17,LEFT_PINKY,0.55901515,0.6266662,-0.3365526,0.09949982,0.018241288,-0.1865938,0.81475794,0.99718815
10,833,18,RIGHT_PINKY,0.5083013,0.627179,-0.5520395,0.061431747,0.05242228,-0.29493004,0.90729535,0.9976495
10,833,19,LEFT_INDEX,0.53973407,0.6167214,-0.36679617,0.07117446,0.0035989683,-0.20770526,0.8241797,0.9980045
10,833,20,RIGHT_INDEX,0.51958984,0.6158851,-0.5677356,0.09817251,0.02039055,-0.2990154,0.9147573,0.9984145
10,833,21,LEFT_THUMB,0.5401972,0.6085328,-0.28278282,0.0916735,-0.042932555,-0.16295825,0.8149522,0.99864894
10,833,22,RIGHT_THUMB,0.51346684,0.60995084,-0.48006076,0.045388225,-0.003931949,-0.26429552,0.90942717,0.99895155
10,833,23,LEFT_HIP,0.5439149,0.6138972,0.068005286,0.12471783,-0.0004037565,0.056590818,0.99956477,0.99972194
10,833,24,RIGHT_HIP,0.40376806,0.6154286,-0.06696298,-0.124055706,-0.0008152246,-0.0531798,0.99930304,0.9990226
10,833,25,LEFT_KNEE,0.6184353,0.6664747,-0.6273552,0.1618082,0.16253172,-0.27359223,0.96863437,0.9992022
10,833,26,RIGHT_KNEE,0.50753236,0.66937405,-0.79929125,0.084825665,0.13398886,-0.3588858,0.98240125,0.9994536
10,833,27,LEFT_ANKLE,0.5460753,0.8449893,-0.52006346,0.13969381,0.47826153,-0.25236085,0.93866813,0.99509466
10,833,28,RIGHT_ANKLE,0.5139827,0.8583687,-0.7196924,0.0920321,0.49841553,-0.35531145,0.95220643,0.99040353
10,833,29,LEFT_HEEL,0.52447647,0.85665953,-0.5162875,0.13751203,0.5194279,-0.25247684,0.85013,0.9901782
10,833,30,RIGHT_HEEL,0.49589396,0.87437534,-0.71300286,0.09104214,0.5466466,-0.35452533,0.8901948,0.9803562
10,833,31,LEFT_FOOT_INDEX,0.5446845,0.92124844,-0.772748,0.14732164,0.6269387,-0.35853854,0.93559533,0.96073127
10,833,32,RIGHT_FOOT_INDEX,0.5509046,0.9336665,-0.9830339,0.11668364,0.6373935,-0.45533177,0.94898385,0.93379396
11,917,0,NOSE,0.5762993,0.35696107,-0.45793566,0.16394523,-0.5474582,-0.22081012,0.99998826,0.9994093
11,917,1,LEFT_EYE_INNER,0.5800393,0.3422373,-0.4243956,0.15354736,-0.5850344,-0.20382917,0.9999769,0.99900347
11,917,2,LEFT_EYE,0.5825868,0.3422545,-0.42438245,0.15433006,-0.5857969,-0.20323183,0.99997866,0.9990452
11,917,3,LEFT_EYE_OUTER,0.58518183,0.34218886,-0.42475513,0.15435351,-0.5869268,-0.20357494,0.99997884,0.99909604
11,917,4,RIGHT_EYE_INNER,0.5644158,0.3401962,-0.45724005,0.13260129,-0.5811443,-0.2219059,0.9999761,0.999015
11,917,5,RIGHT_EYE,0.5560252,0.33832365,-0.45763615,0.13354327,-0.581698,-0.2223026,0.9999803,0.9989434
11,917,6,RIGHT_EYE_OUTER,0.54580516,0.33619955,-0.45763615,0.1331669,-0.5835826,-0.22167952,0.9999814,0.9988708
11,917,7,LEFT_EAR,0.56700003,0.34366995,-0.2100388,0.12526058,-0.57883346,-0.0951884,0.99996114,0.99937373
11,917,8,RIGHT_EAR,0.51003015,0.3349502,-0.35736668,0.020157441,-0.5715161,-0.18838409,0.9999662,0.9990527
11,917,9,MOUTH_LEFT,0.57163775,0.36998507,-0.3706148,0.15818377,-0.5290384,-0.18120262,0.9999929,0.99965537
11,917,10,MOUTH_RIGHT,0.5535648,0.36754745,-0.41353038,0.12724239,-0.5235915,-0.20625393,0.9999958,0.99968004
11,917,11,LEFT_SHOULDER,0.60989505,0.42467636,-0.03764286,0.1900279,-0.41746837,-0.0010181941,0.99996734,0.9997695
11,917,12,RIGHT_SHOULDER,0.37605435,0.4175635,-0.3037129,-0.107762195,-0.4029106,-0.16646165,0.99995404,0.9991441
11,917,13,LEFT_ELBOW,0.62976724,0.5370749,-0.021852348,0.16559465,-0.1803427,-0.017650718,0.93713117,0.9990264
11,917,14,RIGHT_ELBOW,0.35095057,0.5463453,-0.35504463,-0.1273347,-0.12526259,-0.18473962,0.9914239,0.99712163
11,917,15,LEFT_WRIST,0.5797234,0.59927714,-0.24229507,0.12433741,-0.05633932,-0.13805266,0.85618937,0.9982248
11,917,16,RIGHT_WRIST,0.5080353,0.6056815,-0.4758132,0.053103663,-0.010830521,-0.26216683,0.9420286,0.9983897
11,917,17,LEFT_PINKY,0.5634152,0.62417537,-0.31629482,0.116389,0.008972451,-0.17059083,0.80665594,0.99583375
11,917,18,RIGHT_PINKY,0.53260356,0.6232292,-0.5539254,0.09869683,0.045230947,-0.29501486,0.9067579,0.9967524
11,917,19,LEFT_INDEX,0.547225,0.61172616,-0.34901872,0.0928311,-0.009124719,-0.19155839,0.8163016,0.9970073
11,917,20,RIGHT_INDEX,0.5449754,0.6116029,-0.56706333,0.13723259,0.012719276,-0.29850423,0.91404563,0.9977743
11,917,21,LEFT_THUMB,0.5486602,0.603318,-0.2626019,0.11131462,-0.0502518,-0.14871608,0.8062739,0.9979007
11,917,22,RIGHT_THUMB,0.5390324,0.6052004,-0.47930458,0.08059126,-0.011224103,-0.2640671,0.90779674,0.99843913
11,917,23,LEFT_HIP,0.54131883,0.61424696,0.06891448,0.12458196,0.00015186552,0.05759703,0.9995515,0.99965405
11,917,24,RIGHT_HIP,0.39994574,0.6152656,-0.06779443,-0.12391654,-0.0013817092,-0.054173466,0.9992809,0.9986223
11,917,25,LEFT_KNEE,0.62382704,0.6660772,-0.69476193,0.17284043,0.16132754,-0.2806361,0.96935177,0.9990996
11,917,26,RIGHT_KNEE,0.5078278,0.669629,-0.82054216,0.09638637,0.13697056,-0.36192283,0.9829275,0.99918646
11,917,27,LEFT_ANKLE,0.5460137,0.84520864,-0.5722645,0.14888646,0.47824082,-0.2576099,0.93940145,0.9943581
11,917,28,RIGHT_ANKLE,0.5135213,0.8591487,-0.742178,0.09470213,0.49909714,-0.35738423,0.952777,0.98625773
11,917,29,LEFT_HEEL,0.5247451,0.8568422,-0.5667309,0.14629486,0.519094,-0.2576942,0.8536008,0.9887554
11,917,30,RIGHT_HEEL,0.49577704,0.87561005,-0.7361984,0.09265183,0.54734945,-0.35670447,0.8930379,0.97339284
11,917,31,LEFT_FOOT_INDEX,0.5469672,0.9212721,-0.83682024,0.15286162,0.626456,-0.36397707,0.9365757,0.9558166
11,917,32,RIGHT_FOOT_INDEX,0.550716,0.93333244,-1.0122389,0.11722422,0.638184,-0.45642847,0.94974077,0.91550726
12,1000,0,NOSE,0.58433014,0.35688514,-0.39128822,0.17170621,-0.5484872,-0.19444187,0.999987,0.99950826
12,1000,1,LEFT_EYE_INNER,0.587482,0.3420824,-0.35673195,0.16186385,-0.5858572,-0.17740098,0.9999749,0.9991204
12,1000,2,LEFT_EYE,0.5899417,0.34205467,-0.35672578,0.16267247,-0.5866029,-0.17689757,0.99997705,0.99918646
12,1000,3,LEFT_EYE_OUTER,0.59242064,0.3419374,-0.35693708,0.16271345,-0.58775765,-0.1771561,0.99997735,0.99925333
12,1000,4,RIGHT_EYE_INNER,0.57166994,0.3400426,-0.3877357,0.14031921,-0.5819113,-0.1944513,0.9999732,0.999049
12,1000,5,RIGHT_EYE,0.5629593,0.3382264,-0.38774398,0.14122343,-0.58248043,-0.19471042,0.9999775,0.99893504
12,1000,6,RIGHT_EYE_OUTER,0.55249286,0.3361644,-0.38774398,0.14094728,-0.58435893,-0.19397883,0.9999787,0.9988167
12,1000,7,LEFT_EAR,0.5741356,0.3431582,-0.14005135,0.13697678,-0.5799238,-0.06860176,0.99995965,0.9995103
12,1000,8,RIGHT_EAR,0.51664716,0.3349315,-0.27660692,0.028523976,-0.5723331,-0.15667333,0.9999626,0.9989434
12,1000,9,MOUTH_LEFT,0.58021337,0.36987212,-0.3037444,0.16782452,-0.5296499,-0.15461257,0.9999925,0.9997818
12,1000,10,MOUTH_RIGHT,0.5615801,0.3674257,-0.34360436,0.1357204,-0.52420217,-0.17800085,0.99999547,0.9997603
12,1000,11,LEFT_SHOULDER,0.61673725,0.42468232,0.019801373,0.20441897,-0.4173138,0.024023656,0.99996835,0.99991035
12,1000,12,RIGHT_SHOULDER,0.39044684,0.41578126,-0.2540886,-0.09835046,-0.40930492,-0.14620511,0.9999534,0.9992563
12,1000,13,LEFT_ELBOW,0.6319173,0.53179544,-0.0251958,0.1814304,-0.18046117,-0.014342525,0.9373762,0.9995678
12,1000,14,RIGHT_ELBOW,0.38528833,0.54624796,-0.32985416,-0.10043071,-0.13620904,-0.17268074,0.99151194,0.99792516
12,1000,15,LEFT_WRIST,0.5962048,0.5908655,-0.315196,0.14098546,-0.08573122,-0.14996526,0.85991997,0.9994429
12,1000,16,RIGHT_WRIST,0.556872,0.5999814,-0.429433,0.10670737,-0.0338943,-0.2377292,0.94310075,0.9991135
12,1000,17,LEFT_PINKY,0.5826817,0.6143784,-0.40367395,0.13120103,-0.028882045,-0.18580285,0.8120507,0.9986223
12,1000,18,RIGHT_PINKY,0.58530223,0.61712676,-0.5056681,0.1598911,0.021101564,-0.26922643,0.90844136,0.998259
12,1000,19,LEFT_INDEX,0.5690553,0.6034453,-0.4260844,0.109183,-0.05258544,-0.20294179,0.8212166,0.9990564
12,1000,20,RIGHT_INDEX,0.5991399,0.6044087,-0.5150868,0.19520031,-0.016080212,-0.26932693,0.91539055,0.9988028
12,1000,21,LEFT_THUMB,0.56665665,0.594604,-0.33312717,0.12833697,-0.08390075,-0.15925488,0.8105186,0.99937373
12,1000,22,RIGHT_THUMB,0.5904168,0.5986338,-0.43032166,0.13414313,-0.036884703,-0.23797777,0.90835387,0.9991441
12,1000,23,LEFT_HIP,0.5366065,0.61548537,0.0739025,0.124489926,0.0015674868,0.05898633,0.9995543,0.99978
12,1000,24,RIGHT_HIP,0.39862543,0.6151287,-0.07272102,-0.123805866,-0.0027717573,-0.055630073,0.9992764,0.99884856
12,1000,25,LEFT_KNEE,0.62736446,0.6652285,-0.686511,0.18741728,0.14781445,-0.27983832,0.97076994,0.99955755
12,1000,26,RIGHT_KNEE,0.5115452,0.6674567,-0.82838464,0.09941956,0.12838334,-0.36385226,0.984025,0.9995609
12,1000,27,LEFT_ANKLE,0.54634815,0.84487665,-0.55972314,0.1493212,0.4704409,-0.25472462,0.94180506,0.9968149
12,1000,28,RIGHT_ANKLE,0.5124799,0.8596527,-0.7368273,0.0926517,0.48806673,-0.3551077,0.95534605,0.9920312
12,1000,29,LEFT_HEEL,0.52657217,0.85601646,-0.55208653,0.14586692,0.5118713,-0.2543172,0.8594531,0.9935868
12,1000,30,RIGHT_HEEL,0.49253687,0.87587416,-0.73559487,0.08921445,0.5358896,-0.35336745,0.89871967,0.98421544
12,1000,31,LEFT_FOOT_INDEX,0.5509934,0.9213516,-0.81173265,0.15307304,0.6233611,-0.35724252,0.93905705,0.96891505
12,1000,32,RIGHT_FOOT_INDEX,0.5506751,0.93328065,-0.9875561,0.11578331,0.63425624,-0.4476777,0.95237046,0.9393595
13,1083,0,NOSE,0.5943366,0.35661393,-0.38712403,0.17726319,-0.55100286,-0.16960646,0.99997944,0.99916387
13,1083,1,LEFT_EYE_INNER,0.5964909,0.34187752,-0.35073426,0.16574019,-0.5909144,-0.15352927,0.9999618,0.9987356
13,1083,2,LEFT_EYE,0.59870803,0.34187153,-0.3508987,0.16653192,-0.5917303,-0.15304172,0.999966,0.9988305
13,1083,3,LEFT_EYE_OUTER,0.60078704,0.34178475,-0.35092697,0.16663195,-0.59254324,-0.15328561,0.99996716,0.9989141
13,1083,4,RIGHT_EYE_INNER,0.58137894,0.33991742,-0.38706005,0.1456634,-0.5855851,-0.1709908,0.9999549,0.9986646
13,1083,5,RIGHT_EYE,0.5726846,0.33826268,-0.3872202,0.14666007,-0.5864129,-0.17123029,0.99996185,0.9985335
13,1083,6,RIGHT_EYE_OUTER,0.5626888,0.33647716,-0.3872202,0.14641024,-0.588354,-0.17037857,0.999964,0.9984145
13,1083,7,LEFT_EAR,0.58129686,0.342935,-0.11610988,0.13712312,-0.58868176,-0.04937023,0.99994135,0.99918
13,1083,8,RIGHT_EAR,0.5269316,0.33559805,-0.27595362,0.0339773,-0.5772659,-0.13824683,0.99993604,0.9984812
13,1083,9,MOUTH_LEFT,0.59044105,0.3698089,-0.29092404,0.17255157,-0.53243655,-0.13114747,0.99998796,0.99959713
13,1083,10,MOUTH_RIGHT,0.5721583,0.36743236,-0.33758992,0.14199638,-0.5263192,-0.15472579,0.9999916,0.9995592
13,1083,11,LEFT_SHOULDER,0.6208833,0.42449006,0.076566316,0.20536946,-0.42386362,0.04821714,0.9999653,0.9997981
13,1083,12,RIGHT_SHOULDER,0.40502077,0.41674033,-0.25523624,-0.08644572,-0.41739982,-0.13191919,0.999947,0.9988575
13,1083,13,LEFT_ELBOW,0.63083947,0.52433765,0.038771376,0.17756501,-0.18757533,0.007847004,0.9274404,0.99938333
13,1083,14,RIGHT_ELBOW,0.42139176,0.54640824,-0.32990217,-0.061097626,-0.14240685,-0.15854794,0.9914622,0.9981969
13,1083,15,LEFT_WRIST,0.5965169,0.5915748,-0.27738702,0.14094919,-0.0815625,-0.13283116,0.84534097,0.998884
13,1083,16,RIGHT_WRIST,0.5976094,0.59231484,-0.43411297,0.14619376,-0.056698177,-0.21689697,0.9448712,0.99949265
13,1083,17,LEFT_PINKY,0.5832573,0.61538637,-0.36855078,0.1352978,-0.021470925,-0.16445094,0.7991453,0.9979966
13,1083,18,RIGHT_PINKY,0.63822496,0.60606587,-0.5103958,0.20045473,-0.007845043,-0.25020617,0.91163254,0.9991959
13,1083,19,LEFT_INDEX,0.5689949,0.6059116,-0.41716132,0.116071455,-0.04251252,-0.18458559,0.80865973,0.99847525
13,1083,20,RIGHT_INDEX,0.65396726,0.59531426,-0.5208889,0.22968309,-0.045002904,-0.24895564,0.91824853,0.9994
13,1083,21,LEFT_THUMB,0.5727233,0.5962795,-0.30687314,0.12950931,-0.07800504,-0.14325471,0.79835546,0.9988575
13,1083,22,RIGHT_THUMB,0.63820326,0.59073377,-0.4365319,0.17101474,-0.0609176,-0.21669936,0.91016215,0.9995523
13,1083,23,LEFT_HIP,0.5355205,0.61827594,0.07875556,0.12443832,0.0039395457,0.058886055,0.99955904,0.9997603
13,1083,24,RIGHT_HIP,0.40210757,0.61668265,-0.07744786,-0.12374635,-0.0050687003,-0.055536788,0.99927294,0.9989434
13,1083,25,LEFT_KNEE,0.6273554,0.66522604,-0.7696348,0.18624865,0.14402315,-0.28779322,0.9723345,0.99972194
13,1083,26,RIGHT_KNEE,0.5137147,0.6655565,-0.93504274,0.09493201,0.12246803,-0.37595567,0.9852059,0.99978
13,1083,27,LEFT_ANKLE,0.54604554,0.8458127,-0.63704205,0.14010349,0.47136953,-0.26933804,0.94502884,0.99882597
13,1083,28,RIGHT_ANKLE,0.5089453,0.8617994,-0.8135507,0.08362146,0.48300833,-0.36128983,0.9582808,0.99759394
13,1083,29,LEFT_HEEL,0.52615964,0.858411,-0.63152546,0.1359777,0.51263237,-0.2705699,0.8682459,0.99762183
13,1083,30,RIGHT_HEEL,0.49043244,0.8775805,-0.804185,0.08062727,0.5305198,-0.35960293,0.9053133,0.9954615
13,1083,31,LEFT_FOOT_INDEX,0.5507157,0.9226592,-0.9256176,0.14906995,0.62182355,-0.37307298,0.9428841,0.99014014
13,1083,32,RIGHT_FOOT_INDEX,0.5495105,0.93546647,-1.0957711,0.11046527,0.63232094,-0.45437297,0.9554741,0.9835338
14,1167,0,NOSE,0.60296583,0.35705853,-0.34568918,0.18049483,-0.5608272,-0.16478401,0.999979,0.99970406
14,1167,1,LEFT_EYE_INNER,0.60648733,0.34227178,-0.31046996,0.16691938,-0.6011245,-0.14812587,0.9999615,0.9995197
14,1167,2,LEFT_EYE,0.60931,0.3422576,-0.31066486,0.16775194,-0.60197145,-0.1475421,0.9999661,0.99957114
14,1167,3,LEFT_EYE_OUTER,0.6117579,0.34221852,-0.3108447,0.16787328,-0.6029784,-0.14778534,0.99996746,0.99960953
14,1167,4,RIGHT_EYE_INNER,0.59018195,0.34041137,-0.348718,0.14735237,-0.5949054,-0.16531679,0.9999535,0.99943405
14,1167,5,RIGHT_EYE,0.58100265,0.33884013,-0.34890518,0.1482958,-0.5954112,-0.16555758,0.9999604,0.9993538
14,1167,6,RIGHT_EYE_OUTER,0.5707081,0.3371754,-0.34890518,0.14810711,-0.5973889,-0.1648912,0.9999623,0.9992563
14,1167,7,LEFT_EAR,0.5938135,0.3435547,-0.09121295,0.136818,-0.59494025,-0.04470394,0.9999419,0.99972194
14,1167,8,RIGHT_EAR,0.536526,0.33656436,-0.2577712,0.035296455,-0.5806242,-0.13474867,0.9999326,0.99923277
14,1167,9,MOUTH_LEFT,0.600815,0.37057713,-0.25586396,0.17580017,-0.54047436,-0.12665069,0.9999878,0.99988127
14,1167,10,MOUTH_RIGHT,0.58136934,0.36801684,-0.30451488,0.1457841,-0.5334104,-0.1507013,0.999991,0.99983907
14,1167,11,LEFT_SHOULDER,0.62833446,0.42771536,0.06783519,0.20397547,-0.42333332,0.043942396,0.99996614,0.9999132
14,1167,12,RIGHT_SHOULDER,0.42296833,0.41795403,-0.2558096,-0.072814435,-0.41804463,-0.13366792,0.9999464,0.9993905
14,1167,13,LEFT_ELBOW,0.6306652,0.52478063,-0.019360565,0.15199575,-0.18601406,-0.0055405083,0.9236876,0.9996526
14,1167,14,RIGHT_ELBOW,0.46156773,0.5460559,-0.35837686,-0.0022406746,-0.14386065,-0.1595907,0.99173844,0.99907815
14,1167,15,LEFT_WRIST,0.59961885,0.5920533,-0.36553803,0.12239183,-0.079585835,-0.16248572,0.8436036,0.99959236
14,1167,16,RIGHT_WRIST,0.6505098,0.5916083,-0.4424569,0.20701934,-0.05106032,-0.2201629,0.947246,0.9995327
14,1167,17,LEFT_PINKY,0.58218205,0.61730796,-0.45854786,0.11461412,-0.018534418,-0.19695608,0.79968673,0.99915075
14,1167,18,RIGHT_PINKY,0.70058733,0.6042059,-0.53042126,0.25722933,0.00017341503,-0.254054,0.9155653,0.99914074
14,1167,19,LEFT_INDEX,0.5679829,0.60773194,-0.49808,0.09929973,-0.03821705,-0.2202381,0.8090805,0.99938333
14,1167,20,RIGHT_INDEX,0.71178925,0.5944814,-0.5407591,0.2850386,-0.035314996,-0.2534847,0.9218545,0.9993411
14,1167,21,LEFT_THUMB,0.5730163,0.5974046,-0.39303204,0.11231261,-0.07538116,-0.174573,0.7987135,0.99957114
14,1167,22,RIGHT_THUMB,0.6966055,0.5902864,-0.44610363,0.23096803,-0.053914603,-0.2204865,0.9131483,0.9995197
14,1167,23,LEFT_HIP,0.5398902,0.622274,0.07890827,0.123923294,0.0069846194,0.058538456,0.99957305,0.99984884
14,1167,24,RIGHT_HIP,0.4088172,0.61825585,-0.077582955,-0.12317619,-0.008013478,-0.055197757,0.9992963,0.99939525
14,1167,25,LEFT_KNEE,0.6288698,0.6679076,-0.740717,0.17175135,0.1454807,-0.28767762,0.97398525,0.99983394
14,1167,26,RIGHT_KNEE,0.5139837,0.66564155,-0.92249,0.082331814,0.12113766,-0.3788099,0.98629683,0.99988043
14,1167,27,LEFT_ANKLE,0.5458771,0.8472883,-0.61205685,0.12390222,0.47186947,-0.26869422,0.9482326,0.999071
14,1167,28,RIGHT_ANKLE,0.5078051,0.8634025,-0.8104776,0.07332014,0.48371056,-0.36188325,0.96121913,0.99827933
14,1167,29,LEFT_HEEL,0.5248414,0.86281043,-0.6066711,0.11914429,0.5131648,-0.26963317,0.87619823,0.9980882
14,1167,30,RIGHT_HEEL,0.488505,0.88018453,-0.8018803,0.07043346,0.5310415,-0.36034992,0.91111195,0.99620515
14,1167,31,LEFT_FOOT_INDEX,0.5505476,0.9235137,-0.889998,0.12747788,0.61929023,-0.37286165,0.94659716,0.9913892
14,1167,32,RIGHT_FOOT_INDEX,0.5474546,0.935441,-1.0908854,0.09329942,0.6324818,-0.45699397,0.958669,0.9856076
15,1250,0,NOSE,0.61647975,0.35761774,-0.29550084,0.18924612,-0.56246257,-0.1426835,0.9999801,0.99974877
15,1250,1,LEFT_EYE_INNER,0.6185609,0.3426876,-0.25767738,0.17302842,-0.6025495,-0.12494016,0.9999637,0.99957937
15,1250,2,LEFT_EYE,0.6206548,0.3426687,-0.25768793,0.17388919,-0.6033994,-0.124329366,0.9999682,0.9996345
15,1250,3,LEFT_EYE_OUTER,0.6223258,0.342605,-0.25788054,0.17407693,-0.60442114,-0.1245172,0.9999696,0.99967504
15,1250,4,RIGHT_EYE_INNER,0.6035115,0.3411745,-0.2987006,0.15563175,-0.59590197,-0.14299409,0.9999555,0.9994684
15,1250,5,RIGHT_EYE,0.5948312,0.33990267,-0.29889077,0.15665843,-0.5965519,-0.14323442,0.999962,0.9993857
15,1250,6,RIGHT_EYE_OUTER,0.5845281,0.33844846,-0.29889077,0.15652016,-0.5985379,-0.1425093,0.9999636,0.99927634
15,1250,7,LEFT_EAR,0.6006667,0.34374768,-0.044071842,0.1369167,-0.5947417,-0.02631475,0.99994576,0.9997749
15,1250,8,RIGHT_EAR,0.54857177,0.33786237,-0.22471127,0.042937208,-0.5796513,-0.121399134,0.9999342,0.9992505
15,1250,9,MOUTH_LEFT,0.61224437,0.37165564,-0.20955463,0.18217127,-0.5410817,-0.10759404,0.9999885,0.99991584
15,1250,10,MOUTH_RIGHT,0.59412557,0.36927798,-0.26238972,0.15463594,-0.5336979,-0.13297549,0.99999124,0.9998697
15,1250,11,LEFT_SHOULDER,0.63483495,0.4313477,0.08224838,0.20327884,-0.410922,0.048292413,0.9999677,0.99991775
15,1250,12,RIGHT_SHOULDER,0.43682882,0.4193789,-0.25791416,-0.06363388,-0.41572055,-0.12978677,0.9999468,0.9993857
15,1250,13,LEFT_ELBOW,0.6308254,0.53036267,-0.04953181,0.14006042,-0.17359686,-0.01441251,0.921767,0.9996923
15,1250,14,RIGHT_ELBOW,0.50527215,0.5439969,-0.3778968,0.027837481,-0.1470973,-0.16009296,0.99209094,0.9994253
15,1250,15,LEFT_WRIST,0.60138947,0.59261227,-0.39915228,0.11876621,-0.077947974,-0.17020322,0.8463469,0.9997305
15,1250,16,RIGHT_WRIST,0.7110299,0.59219754,-0.45695865,0.2633315,-0.049902953,-0.22043404,0.9502149,0.99966073
15,1250,17,LEFT_PINKY,0.58136255,0.6196834,-0.4949428,0.11111888,-0.017072756,-0.20596524,0.8046653,0.99946636
15,1250,18,RIGHT_PINKY,0.7574429,0.6055945,-0.5508468,0.31876522,0.0027126768,-0.2550971,0.9202337,0.9993487
15,1250,19,LEFT_INDEX,0.5700768,0.6087948,-0.53196335,0.097383305,-0.03651887,-0.22777207,0.81398493,0.9996288
15,1250,20,RIGHT_INDEX,0.77127373,0.5956778,-0.55657107,0.3490886,-0.032297615,-0.25418174,0.92613465,0.9995005
15,1250,21,LEFT_THUMB,0.5757747,0.59879744,-0.42610592,0.109450035,-0.07487958,-0.18167259,0.8032059,0.99973875
15,1250,22,RIGHT_THUMB,0.7574637,0.5910309,-0.45963496,0.2892985,-0.05203272,-0.22090417,0.9169386,0.9996345
15,1250,23,LEFT_HIP,0.5477676,0.6282046,0.074543186,0.12392627,0.009768174,0.056408495,0.99959725,0.999826
15,1250,24,RIGHT_HIP,0.41098568,0.6245807,-0.07313915,-0.123162836,-0.010731038,-0.053043835,0.99933773,0.99929583
15,1250,25,LEFT_KNEE,0.6268875,0.6667131,-0.8167494,0.14832337,0.122659996,-0.30731142,0.9758464,0.99992037
15,1250,26,RIGHT_KNEE,0.51277536,0.66067517,-0.9798397,0.06692964,0.096653804,-0.39192754,0.9873572,0.99992514
15,1250,27,LEFT_ANKLE,0.5459346,0.84720105,-0.64774156,0.11687627,0.4538018,-0.27436602,0.9519921,0.9994967
15,1250,28,RIGHT_ANKLE,0.50765944,0.8629974,-0.81776965,0.06819181,0.4627185,-0.36171848,0.964174,0.9990073
15,1250,29,LEFT_HEEL,0.52507055,0.86262906,-0.63840926,0.113696486,0.49621537,-0.27467558,0.88497,0.99895155
15,1250,30,RIGHT_HEEL,0.48852512,0.87982786,-0.80543774,0.06620094,0.51048005,-0.3600771,0.91718936,0.99783427
15,1250,31,LEFT_FOOT_INDEX,0.5491724,0.92340946,-0.9454107,0.1216384,0.59293824,-0.38625786,0.95077324,0.99533635
15,1250,32,RIGHT_FOOT_INDEX,0.5413935,0.93280745,-1.1098597,0.0864032,0.60534555,-0.46081594,0.9618825,0.992062
16,1333,0,NOSE,0.6295896,0.35759538,-0.26742557,0.19734836,-0.5745192,-0.13266054,0.9999817,0.9999132
16,1333,1,LEFT_EYE_INNER,0.63039964,0.34276864,-0.22383448,0.17810588,-0.614505,-0.11266402,0.9999668,0.9998233
16,1333,2,LEFT_EYE,0.63237256,0.34271672,-0.22401494,0.17898145,-0.6153512,-0.111895636,0.99997085,0.99983525
16,1333,3,LEFT_EYE_OUTER,0.63403577,0.34262776,-0.22402653,0.17909692,-0.6159612,-0.11228405,0.9999723,0.99984396
16,1333,4,RIGHT_EYE_INNER,0.6171435,0.34134924,-0.2647826,0.16009058,-0.60620683,-0.13046107,0.9999591,0.9998118
16,1333,5,RIGHT_EYE,0.6090166,0.34015593,-0.26479277,0.16108932,-0.60660225,-0.13059919,0.9999651,0.99979013
16,1333,6,RIGHT_EYE_OUTER,0.59967685,0.3388265,-0.26479277,0.16106121,-0.60858166,-0.12996955,0.99996656,0.9997584
16,1333,7,LEFT_EAR,0.61189675,0.34393734,0.0029722604,0.14087042,-0.6019393,-0.009438258,0.99995047,0.9998894
16,1333,8,RIGHT_EAR,0.5653105,0.3391083,-0.17665836,0.045056313,-0.58111286,-0.10521477,0.9999395,0.9997603
16,1333,9,MOUTH_LEFT,0.6239804,0.37181014,-0.17765737,0.19196796,-0.5512653,-0.09623747,0.99998945,0.9999676
16,1333,10,MOUTH_RIGHT,0.6071542,0.36969343,-0.23040459,0.16303246,-0.5419492,-0.12196026,0.99999183,0.9999553
16,1333,11,LEFT_SHOULDER,0.6405427,0.43111938,0.1365401,0.20453213,-0.410976,0.07014139,0.99996984,0.99994695
16,1333,12,RIGHT_SHOULDER,0.4657789,0.42109132,-0.25872907,-0.037774105,-0.41553345,-0.13204305,0.9999505,0.99984765
16,1333,13,LEFT_ELBOW,0.6267552,0.53592694,-0.024823288,0.1414734,-0.17395225,-0.0060941377,0.9220182,0.99977654
16,1333,14,RIGHT_ELBOW,0.57272494,0.5420611,-0.4235078,0.090483196,-0.16719529,-0.18784067,0.9927529,0.99983
16,1333,15,LEFT_WRIST,0.59836733,0.5979976,-0.36672702,0.114290535,-0.06219212,-0.15349178,0.85035425,0.9997851
16,1333,16,RIGHT_WRIST,0.758671,0.59474003,-0.47240105,0.31964025,-0.04877747,-0.22085482,0.95437145,0.99978346
16,1333,17,LEFT_PINKY,0.5781088,0.62110007,-0.45643276,0.102182016,-0.0029222968,-0.18585698,0.80910856,0.99954
16,1333,18,RIGHT_PINKY,0.8053902,0.61082757,-0.56804013,0.37087604,0.0035634583,-0.25702745,0.9263944,0.9994493
16,1333,19,LEFT_INDEX,0.5698341,0.61213624,-0.49241802,0.084192224,-0.019254196,-0.2091214,0.81780636,0.9996673
16,1333,20,RIGHT_INDEX,0.81811506,0.6017599,-0.56738687,0.40001157,-0.022329768,-0.2548024,0.9317969,0.9995609
16,1333,21,LEFT_THUMB,0.5753908,0.6060978,-0.39442888,0.10292199,-0.055907853,-0.1647848,0.8066871,0.9997731
16,1333,22,RIGHT_THUMB,0.8059793,0.59613395,-0.47255734,0.34346858,-0.047863018,-0.2220381,0.92268825,0.9997131
16,1333,23,LEFT_HIP,0.55290926,0.63001525,0.0747455,0.123537175,0.012706138,0.056577995,0.99962556,0.9998727
16,1333,24,RIGHT_HIP,0.41794387,0.6256298,-0.07339087,-0.12274645,-0.013583488,-0.05320849,0.9993906,0.99970406
16,1333,25,LEFT_KNEE,0.62759894,0.66754,-0.78869504,0.14912629,0.12535122,-0.30558828,0.977507,0.9999132
16,1333,26,RIGHT_KNEE,0.5131062,0.663731,-1.0184478,0.04758986,0.1002625,-0.4082947,0.9883187,0.9999528
16,1333,27,LEFT_ANKLE,0.5456696,0.84719217,-0.64423805,0.11178702,0.45917895,-0.2737615,0.9551272,0.99944717
16,1333,28,RIGHT_ANKLE,0.5091654,0.8631048,-0.9186584,0.06843458,0.47623524,-0.39165446,0.9664892,0.99922967
16,1333,29,LEFT_HEEL,0.52351594,0.86330926,-0.63769406,0.107891254,0.50215405,-0.27450895,0.89293194,0.99882597
16,1333,30,RIGHT_HEEL,0.49001074,0.8809245,-0.9138059,0.06697097,0.52547216,-0.3920303,0.9213858,0.9980957
16,1333,31,LEFT_FOOT_INDEX,0.5491213,0.9230391,-0.94029075,0.11786164,0.59642214,-0.38506833,0.95451814,0.99529994
16,1333,32,RIGHT_FOOT_INDEX,0.5453116,0.93283147,-1.229182,0.08752445,0.61300963,-0.50015116,0.9646494,0.99306935
17,1417,0,NOSE,0.6439334,0.35781416,-0.35741594,0.20859818,-0.5784598,-0.15827663,0.99998325,0.9999697
17,1417,1,LEFT_EYE_INNER,0.6437822,0.34338748,-0.3062423,0.19032216,-0.61928815,-0.13498612,0.9999698,0.99993026
17,1417,2,LEFT_EYE,0.6457862,0.34333104,-0.3064602,0.19122337,-0.6201163,-0.13403524,0.9999735,0.9999286
17,1417,3,LEFT_EYE_OUTER,0.64747626,0.343238,-0.3064209,0.19126959,-0.6206312,-0.13445419,0.9999748,0.9999269
17,1417,4,RIGHT_EYE_INNER,0.6302394,0.34200555,-0.34964544,0.1693447,-0.6104335,-0.15214369,0.99996275,0.99993944
17,1417,5,RIGHT_EYE,0.6219229,0.34090683,-0.34982473,0.1703874,-0.6107425,-0.15235825,0.9999682,0.9999329
17,1417,6,RIGHT_EYE_OUTER,0.6130523,0.3397018,-0.3496006,0.170424,-0.61272323,-0.15162684,0.9999695,0.99992216
17,1417,7,LEFT_EAR,0.6248516,0.34476635,-0.014456615,0.1593455,-0.60693586,-0.017745862,0.9999549,0.9999435
17,1417,8,RIGHT_EAR,0.5800085,0.34091532,-0.2307563,0.051113833,-0.58336294,-0.11455049,0.99994487,0.99992573
17,1417,9,MOUTH_LEFT,0.6380374,0.37207803,-0.25326684,0.20663042,-0.5550956,-0.117915146,0.99999034,0.99998546
17,1417,10,MOUTH_RIGHT,0.6220462,0.37027276,-0.30957752,0.17359997,-0.5454474,-0.1434062,0.99999243,0.99998116
17,1417,11,LEFT_SHOULDER,0.6435587,0.43096298,0.13421842,0.20914324,-0.4129815,0.07017317,0.99997187,0.99996114
17,1417,12,RIGHT_SHOULDER,0.4903014,0.4249867,-0.34786376,-0.0018175368,-0.41588613,-0.16662352,0.9999546,0.9999422
17,1417,13,LEFT_ELBOW,0.6296602,0.5375584,0.008201684,0.14752376,-0.17796336,0.0055335043,0.91871154,0.9998247
17,1417,14,RIGHT_ELBOW,0.61342174,0.54210275,-0.5148625,0.1455894,-0.17698224,-0.2218028,0.99340206,0.9999263
17,1417,15,LEFT_WRIST,0.6035694,0.5997391,-0.3144156,0.123210676,-0.059255,-0.13313021,0.8514377,0.99980897
17,1417,16,RIGHT_WRIST,0.787625,0.59954894,-0.5637531,0.37101755,-0.04840983,-0.24110354,0.95854884,0.99986446
17,1417,17,LEFT_PINKY,0.5827925,0.62112534,-0.39273503,0.109117664,-0.00041723938,-0.16087237,0.809603,0.99961996
17,1417,18,RIGHT_PINKY,0.8375355,0.6164233,-0.6628125,0.41927284,0.004841878,-0.27890718,0.9327953,0.999658
17,1417,19,LEFT_INDEX,0.5750915,0.6122469,-0.43106994,0.094173454,-0.0145616345,-0.18533641,0.8177102,0.99972194
17,1417,20,RIGHT_INDEX,0.85005295,0.6089637,-0.6574386,0.44558927,-0.016468847,-0.26899517,0.9377011,0.9997131
17,1417,21,LEFT_THUMB,0.5810995,0.6071425,-0.34152335,0.11250766,-0.051634293,-0.14486216,0.8057109,0.9997998
17,1417,22,RIGHT_THUMB,0.8335577,0.6029227,-0.5624844,0.39239267,-0.044119224,-0.23851277,0.9289063,0.9998104
17,1417,23,LEFT_HIP,0.55243134,0.6325259,0.094557434,0.1214541,0.014626592,0.06061896,0.9996511,0.9999076
17,1417,24,RIGHT_HIP,0.42016974,0.62791955,-0.09346789,-0.120533,-0.01548645,-0.057133533,0.99944115,0.99983263
17,1417,25,LEFT_KNEE,0.6292002,0.6691774,-0.752647,0.15156107,0.12792662,-0.28661022,0.9790015,0.9999374
17,1417,26,RIGHT_KNEE,0.51266676,0.6655428,-1.0891532,0.039627064,0.09799222,-0.42982563,0.98919445,0.99996924
17,1417,27,LEFT_ANKLE,0.54568213,0.8458725,-0.5725189,0.11257345,0.46402186,-0.24845758,0.9580299,0.9995505
17,1417,28,RIGHT_ANKLE,0.5095072,0.8634289,-0.9656643,0.06817182,0.481335,-0.4039149,0.96867156,0.99950826
17,1417,29,LEFT_HEEL,0.52276033,0.8631083,-0.56246984,0.108474664,0.5073222,-0.2501702,0.9005066,0.9990527
17,1417,30,RIGHT_HEEL,0.489964,0.882942,-0.95746607,0.06747634,0.5314021,-0.4038827,0.9252385,0.9987405
17,1417,31,LEFT_FOOT_INDEX,0.55093455,0.9229115,-0.8472991,0.11927233,0.5979957,-0.34969744,0.9580174,0.9966102
17,1417,32,RIGHT_FOOT_INDEX,0.55009073,0.9342241,-1.2628474,0.09402095,0.6175225,-0.5100899,0.96726835,0.99589807
18,1500,0,NOSE,0.65698886,0.35817686,-0.509728,0.21530284,-0.5727932,-0.2097626,0.9999848,0.99999356
18,1500,1,LEFT_EYE_INNER,0.65765023,0.34368682,-0.44654492,0.20023952,-0.61386377,-0.18298197,0.99997264,0.9999795
18,1500,2,LEFT_EYE,0.660421,0.34364074,-0.44654965,0.2011687,-0.6146534,-0.18184571,0.9999759,0.99997437
18,1500,3,LEFT_EYE_OUTER,0.66282904,0.3435377,-0.4465441,0.20125273,-0.61549854,-0.18234953,0.9999771,0.9999683
18,1500,4,RIGHT_EYE_INNER,0.6418461,0.34224457,-0.48850712,0.17518462,-0.60547954,-0.19883831,0.9999663,0.99998796
18,1500,5,RIGHT_EYE,0.6327595,0.34112945,-0.48889008,0.17624465,-0.6056997,-0.19907989,0.9999712,0.9999865
18,1500,6,RIGHT_EYE_OUTER,0.62294686,0.33994612,-0.48850042,0.1764337,-0.60765827,-0.19833991,0.9999724,0.9999839
18,1500,7,LEFT_EAR,0.64148855,0.34515026,-0.13711783,0.17937638,-0.6054337,-0.049705867,0.9999589,0.999972
18,1500,8,RIGHT_EAR,0.5895373,0.34169567,-0.3253648,0.054666728,-0.58234495,-0.14095609,0.9999501,0.9999851
18,1500,9,MOUTH_LEFT,0.65284044,0.3726442,-0.3928324,0.21672428,-0.55084723,-0.16473593,0.9999911,0.9999949
18,1500,10,MOUTH_RIGHT,0.63480866,0.37118086,-0.44675234,0.1787083,-0.5419,-0.18880215,0.999993,0.9999951
18,1500,11,LEFT_SHOULDER,0.64659625,0.43079537,0.12142476,0.20969234,-0.41371736,0.06781185,0.999973,0.9999535
18,1500,12,RIGHT_SHOULDER,0.50909865,0.42883188,-0.431345,0.027989333,-0.41126353,-0.19384949,0.99995834,0.9999671
18,1500,13,LEFT_ELBOW,0.6323425,0.5395659,0.005472751,0.1479364,-0.18316352,0.0063681775,0.90951157,0.9997305
18,1500,14,RIGHT_ELBOW,0.6402309,0.5416752,-0.5971309,0.19081812,-0.1762769,-0.2427663,0.9940066,0.9999465
18,1500,15,LEFT_WRIST,0.6045996,0.60372823,-0.33120358,0.12301575,-0.053889476,-0.13516727,0.8432366,0.99959236
18,1500,16,RIGHT_WRIST,0.8155445,0.6034957,-0.64037085,0.41750067,-0.04278886,-0.26388153,0.9623947,0.99983656
18,1500,17,LEFT_PINKY,0.58798814,0.6217603,-0.41124722,0.10859046,0.006731828,-0.16412213,0.8001851,0.99918956
18,1500,18,RIGHT_PINKY,0.86454433,0.62113714,-0.74388146,0.46234924,0.009815237,-0.30466613,0.9387402,0.9994684
18,1500,19,LEFT_INDEX,0.5816613,0.61373717,-0.44585377,0.09403438,-0.005913167,-0.18789816,0.80739206,0.9993905
18,1500,20,RIGHT_INDEX,0.8773203,0.61504155,-0.7423823,0.4907007,-0.01130624,-0.29561907,0.94320774,0.99954695
18,1500,21,LEFT_THUMB,0.5872876,0.60969937,-0.35897967,0.11226178,-0.044161864,-0.14653575,0.7944975,0.99953806
18,1500,22,RIGHT_THUMB,0.8590449,0.608867,-0.6406355,0.4381574,-0.036408063,-0.26168126,0.934801,0.9997063
18,1500,23,LEFT_HIP,0.5522692,0.6320381,0.11770502,0.11637528,0.0162925,0.06817036,0.9996712,0.99993026
18,1500,24,RIGHT_HIP,0.42528155,0.62780344,-0.117013104,-0.11525186,-0.017128749,-0.06443887,0.99948347,0.9998766
18,1500,25,LEFT_KNEE,0.6436039,0.6772431,-0.66482097,0.16233906,0.16481246,-0.25960553,0.9802436,0.99993074
18,1500,26,RIGHT_KNEE,0.5239126,0.67371,-1.0812463,0.05098284,0.11457326,-0.43089047,0.9897344,0.9999646
18,1500,27,LEFT_ANKLE,0.54347247,0.8471441,-0.44268417,0.10999246,0.48898286,-0.20748322,0.9601385,0.9993436
18,1500,28,RIGHT_ANKLE,0.5117886,0.86482584,-0.9405518,0.06836473,0.5006076,-0.39948875,0.9697516,0.99932015
18,1500,29,LEFT_HEEL,0.51698756,0.86468667,-0.42845967,0.103365324,0.53057903,-0.20819448,0.90589523,0.99858415
18,1500,30,RIGHT_HEEL,0.48981905,0.8834308,-0.9309787,0.067764275,0.5505415,-0.39912134,0.9258982,0.9981828
18,1500,31,LEFT_FOOT_INDEX,0.54614466,0.921923,-0.68523896,0.11077427,0.6196727,-0.30072954,0.9606128,0.99440175
18,1500,32,RIGHT_FOOT_INDEX,0.55405974,0.93602484,-1.2203966,0.09428676,0.6460516,-0.50496227,0.96912974,0.994089
19,1583,0,NOSE,0.67149293,0.36011684,-0.5185576,0.23046859,-0.56269526,-0.21448752,0.9999863,0.9999964
19,1583,1,LEFT_EYE_INNER,0.6719182,0.34519047,-0.45260078,0.21738136,-0.6040698,-0.18746226,0.9999753,0.99998796
19,1583,2,LEFT_EYE,0.6744829,0.34511894,-0.4526007,0.21833691,-0.60482496,-0.18634239,0.99997824,0.9999846
19,1583,3,LEFT_EYE_OUTER,0.67669404,0.34498638,-0.45260006,0.21845809,-0.60580957,-0.18693271,0.9999793,0.9999809
19,1583,4,RIGHT_EYE_INNER,0.65657824,0.34382212,-0.49370447,0.19021502,-0.5965097,-0.20291783,0.99996966,0.99999297
19,1583,5,RIGHT_EYE,0.6475744,0.34278375,-0.49408513,0.19133747,-0.5966786,-0.20307009,0.999974,0.9999919
19,1583,6,RIGHT_EYE_OUTER,0.637628,0.341722,-0.49370366,0.19160403,-0.5986284,-0.20233425,0.9999751,0.99999
19,1583,7,LEFT_EAR,0.65416497,0.346574,-0.13798383,0.20096335,-0.59974015,-0.052636817,0.99996275,0.9999833
19,1583,8,RIGHT_EAR,0.6027067,0.34394553,-0.32102525,0.06845965,-0.57917786,-0.14216262,0.99995494,0.99999
19,1583,9,MOUTH_LEFT,0.6667578,0.3747968,-0.3986735,0.23357694,-0.542396,-0.16890737,0.99999195,0.9999969
19,1583,10,MOUTH_RIGHT,0.6482648,0.3735446,-0.45226923,0.19284284,-0.5343455,-0.19257396,0.9999936,0.99999666
19,1583,11,LEFT_SHOULDER,0.65464854,0.43075776,0.11755453,0.21886544,-0.41370246,0.06757954,0.99997497,0.99997604
19,1583,12,RIGHT_SHOULDER,0.5231924,0.4296515,-0.42499977,0.04725188,-0.40728158,-0.1930107,0.9999619,0.99997246
19,1583,13,LEFT_ELBOW,0.6370915,0.5410946,0.019532053,0.15128158,-0.18714866,0.012109675,0.90749407,0.9998623
19,1583,14,RIGHT_ELBOW,0.65244645,0.54223573,-0.61197895,0.21058707,-0.17769915,-0.24827313,0.994565,0.9999654
19,1583,15,LEFT_WRIST,0.60630643,0.6035466,-0.2651287,0.10561679,-0.05584706,-0.11168415,0.84461814,0.99983907
19,1583,16,RIGHT_WRIST,0.82883286,0.6081008,-0.67480916,0.43656823,-0.032847196,-0.27397844,0.96595645,0.9998535
19,1583,17,LEFT_PINKY,0.58622354,0.620262,-0.33944288,0.08157182,0.005449296,-0.13792673,0.7994611,0.99963593
19,1583,18,RIGHT_PINKY,0.8810888,0.62671596,-0.7836968,0.48122117,0.022427015,-0.3148206,0.9443064,0.9994887
19,1583,19,LEFT_INDEX,0.58136815,0.6127601,-0.36605045,0.06497125,-0.008979309,-0.15820526,0.8055112,0.9997367
19,1583,20,RIGHT_INDEX,0.89391965,0.6196977,-0.7792252,0.5105683,0.0018471867,-0.30479354,0.94836086,0.999566
19,1583,21,LEFT_THUMB,0.58139,0.60929173,-0.2862515,0.091894336,-0.045930017,-0.121248,0.79125476,0.9998029
19,1583,22,RIGHT_THUMB,0.8764218,0.61379355,-0.67553484,0.4571365,-0.024265202,-0.27152416,0.9403941,0.9997241
19,1583,23,LEFT_HIP,0.5521866,0.6321631,0.11365624,0.115002625,0.017820422,0.06844481,0.9996928,0.9999473
19,1583,24,RIGHT_HIP,0.4267838,0.62755615,-0.112992845,-0.11384304,-0.018636636,-0.0646692,0.9995252,0.9998859
19,1583,25,LEFT_KNEE,0.6439961,0.6765811,-0.68314177,0.163515,0.16612077,-0.25848877,0.9816095,0.9999567
19,1583,26,RIGHT_KNEE,0.526288,0.6742174,-1.1070422,0.04989721,0.11275313,-0.43650284,0.99027234,0.9999633
19,1583,27,LEFT_ANKLE,0.5432591,0.84521466,-0.43515489,0.11087581,0.4905989,-0.1980546,0.96241355,0.99935883
19,1583,28,RIGHT_ANKLE,0.5126104,0.86503685,-0.93926746,0.0736037,0.5006331,-0.39764482,0.970943,0.99943846
19,1583,29,LEFT_HEEL,0.51666796,0.8631813,-0.41716686,0.103693396,0.53249216,-0.19805098,0.91091204,0.9985952
19,1583,30,RIGHT_HEEL,0.4912523,0.88338834,-0.9270887,0.0748445,0.55089176,-0.39692333,0.9264546,0.998487
19,1583,31,LEFT_FOOT_INDEX,0.54337454,0.9200522,-0.6830984,0.11113688,0.61946726,-0.29345232,0.9633461,0.994615
19,1583,32,RIGHT_FOOT_INDEX,0.5557295,0.9377392,-1.2140012,0.108607285,0.6521781,-0.50208616,0.9709591,0.9947187
20,1667,0,NOSE,0.6817252,0.36240387,-0.5053042,0.24417834,-0.55635524,-0.20996155,0.9999876,0.9999974
20,1667,1,LEFT_EYE_INNER,0.6832687,0.34740698,-0.43816224,0.23234208,-0.59809166,-0.18387058,0.9999777,0.9999912
20,1667,2,LEFT_EYE,0.6860609,0.34733835,-0.43816516,0.23334645,-0.5988117,-0.18279038,0.99998033,0.9999887
20,1667,3,LEFT_EYE_OUTER,0.68855566,0.34715518,-0.43847084,0.23342626,-0.59983826,-0.18332697,0.9999813,0.9999857
20,1667,4,RIGHT_EYE_INNER,0.6673257,0.34616002,-0.481152,0.20402518,-0.5912803,-0.19927895,0.99997264,0.99999475
20,1667,5,RIGHT_EYE,0.65796757,0.34513658,-0.48121905,0.20528072,-0.5917583,-0.19943573,0.9999765,0.9999938
20,1667,6,RIGHT_EYE_OUTER,0.6468418,0.3440577,-0.48115322,0.20555782,-0.5937124,-0.198706,0.9999775,0.99999213
20,1667,7,LEFT_EAR,0.66772395,0.34893486,-0.13085091,0.21872742,-0.5946816,-0.050614577,0.9999662,0.99998736
20,1667,8,RIGHT_EAR,0.61242104,0.3461222,-0.30919257,0.08213986,-0.57857937,-0.1374389,0.9999593,0.999992
20,1667,9,MOUTH_LEFT,0.67730546,0.3769408,-0.38115662,0.24793607,-0.5357884,-0.1648294,0.99999267,0.9999975
20,1667,10,MOUTH_RIGHT,0.65887,0.3759166,-0.4368834,0.20579742,-0.5296239,-0.18855971,0.99999416,0.99999726
20,1667,11,LEFT_SHOULDER,0.65825516,0.43070894,0.1611709,0.2291544,-0.41336787,0.07939205,0.9999766,0.99998224
20,1667,12,RIGHT_SHOULDER,0.5372636,0.43031058,-0.4169387,0.06508071,-0.4068162,-0.18912514,0.9999651,0.99997604
20,1667,13,LEFT_ELBOW,0.6385712,0.54125535,0.06148074,0.15355559,-0.19020385,0.023669112,0.9002392,0.9998969
20,1667,14,RIGHT_ELBOW,0.6606387,0.54281557,-0.60058665,0.22139724,-0.1796125,-0.24232034,0.9950593,0.99996734
20,1667,15,LEFT_WRIST,0.6076388,0.6048323,-0.24449685,0.10634989,-0.05652654,-0.10220111,0.8422607,0.99986124
20,1667,16,RIGHT_WRIST,0.83557856,0.61171424,-0.648089,0.4444385,-0.029653236,-0.26628116,0.96912205,0.99986124
20,1667,17,LEFT_PINKY,0.58644706,0.620399,-0.3163222,0.08302719,0.005139711,-0.12658498,0.7952586,0.9996898
20,1667,18,RIGHT_PINKY,0.8862415,0.6307656,-0.7517339,0.48927492,0.026642181,-0.30395016,0.94921166,0.99954176
20,1667,19,LEFT_INDEX,0.58158237,0.61277944,-0.34352314,0.06762232,-0.009479139,-0.14600775,0.80017954,0.9997677
20,1667,20,RIGHT_INDEX,0.89927274,0.62317944,-0.74614394,0.5174408,0.0060272487,-0.29191703,0.9529031,0.9996049
20,1667,21,LEFT_THUMB,0.58510935,0.60919297,-0.26623523,0.092973046,-0.046321806,-0.11146789,0.78469414,0.9998247
20,1667,22,RIGHT_THUMB,0.88182896,0.61748236,-0.64682716,0.4641558,-0.021111868,-0.26260236,0.94525176,0.99974483
20,1667,23,LEFT_HIP,0.5506619,0.6334419,0.12461851,0.11326027,0.02105874,0.0699628,0.9997136,0.9999603
20,1667,24,RIGHT_HIP,0.4267868,0.6274905,-0.124134585,-0.111972004,-0.02181446,-0.066103876,0.99956304,0.99990165
20,1667,25,LEFT_KNEE,0.64337295,0.6765255,-0.6584153,0.1630362,0.1780132,-0.24719015,0.98236257,0.9999567
20,1667,26,RIGHT_KNEE,0.54129755,0.6740098,-1.1242753,0.053400617,0.10761895,-0.43664613,0.9905493,0.99996436
20,1667,27,LEFT_ANKLE,0.5432756,0.847757,-0.43032974,0.107931346,0.49778938,-0.19434607,0.9634345,0.9993175
20,1667,28,RIGHT_ANKLE,0.5143279,0.86528933,-0.9809283,0.07495263,0.4999636,-0.40135142,0.9714433,0.99945575
20,1667,29,LEFT_HEEL,0.51443464,0.86561763,-0.4151267,0.10064343,0.5395135,-0.19561964,0.9143909,0.9985221
20,1667,30,RIGHT_HEEL,0.49149173,0.8835726,-0.970051,0.07587977,0.5505696,-0.4005261,0.92580223,0.99857306
20,1667,31,LEFT_FOOT_INDEX,0.5463334,0.91932356,-0.67847717,0.11046029,0.62283945,-0.28994828,0.965274,0.99491996
20,1667,32,RIGHT_FOOT_INDEX,0.5603579,0.93890107,-1.2550439,0.11107088,0.6506662,-0.5053594,0.97237897,0.9954261
21,1750,0,NOSE,0.6912499,0.36437473,-0.54170525,0.2504126,-0.54909265,-0.21857746,0.9999888,0.99999726
21,1750,1,LEFT_EYE_INNER,0.6929332,0.34965307,-0.47526583,0.23947209,-0.5915877,-0.1924645,0.99997985,0.9999912
21,1750,2,LEFT_EYE,0.6957353,0.34963825,-0.47526407,0.24049865,-0.5922771,-0.19135916,0.9999821,0.9999888
21,1750,3,LEFT_EYE_OUTER,0.6983159,0.3494949,-0.47528887,0.2405699,-0.5933128,-0.19186564,0.999983,0.9999858
21,1750,4,RIGHT_EYE_INNER,0.6771813,0.34816918,-0.51868504,0.21103421,-0.58525324,-0.20743111,0.99997526,0.999995
21,1750,5,RIGHT_EYE,0.66748685,0.3469926,-0.5190457,0.21232502,-0.58583504,-0.20746368,0.9999788,0.99999416
21,1750,6,RIGHT_EYE_OUTER,0.6563104,0.34582734,-0.51868385,0.21265118,-0.5877824,-0.20682615,0.9999797,0.99999285
21,1750,7,LEFT_EAR,0.6775767,0.35130745,-0.15324666,0.22609489,-0.5903773,-0.057123963,0.9999691,0.9999875
21,1750,8,RIGHT_EAR,0.62105167,0.34787998,-0.34643462,0.08994894,-0.576404,-0.14364332,0.99996316,0.9999925
21,1750,9,MOUTH_LEFT,0.6866899,0.37894943,-0.41760162,0.25406545,-0.52896833,-0.17221454,0.99999326,0.9999975
21,1750,10,MOUTH_RIGHT,0.6670581,0.37799495,-0.47444275,0.21187626,-0.52319664,-0.19553404,0.9999946,0.99999726
21,1750,11,LEFT_SHOULDER,0.66344136,0.43072337,0.14906305,0.23187122,-0.41234237,0.07840074,0.99997795,0.999982
21,1750,12,RIGHT_SHOULDER,0.54652816,0.43228936,-0.4590173,0.07533199,-0.4026,-0.19595076,0.9999678,0.9999764
21,1750,13,LEFT_ELBOW,0.6403021,0.5436345,0.10924503,0.15392801,-0.19014989,0.046164848,0.8913082,0.9998795
21,1750,14,RIGHT_ELBOW,0.666764,0.54683316,-0.6392251,0.23314488,-0.17649119,-0.24720111,0.9955057,0.9999627
21,1750,15,LEFT_WRIST,0.61134344,0.6047467,-0.1405646,0.10724928,-0.056667466,-0.06309211,0.8369418,0.99984396
21,1750,16,RIGHT_WRIST,0.846271,0.61547655,-0.69300294,0.46475,-0.023670832,-0.27166143,0.9719829,0.99984765
21,1750,17,LEFT_PINKY,0.5899202,0.6202827,-0.20172352,0.0845227,0.0046664,-0.08605536,0.788005,0.9996499
21,1750,18,RIGHT_PINKY,0.89900494,0.6362731,-0.7981899,0.5112048,0.031529173,-0.31015012,0.9536831,0.9994967
21,1750,19,LEFT_INDEX,0.58356476,0.61301786,-0.23403026,0.07039026,-0.010812168,-0.10635314,0.7918727,0.99973255
21,1750,20,RIGHT_INDEX,0.91069067,0.6266905,-0.78973794,0.5400307,0.008063288,-0.29903367,0.9570398,0.9995609
21,1750,21,LEFT_THUMB,0.5890392,0.6091229,-0.16255596,0.09487527,-0.04679235,-0.0727755,0.77491426,0.9997998
21,1750,22,RIGHT_THUMB,0.8948277,0.62161964,-0.69142526,0.48536593,-0.016781174,-0.26855952,0.9496654,0.9997198
21,1750,23,LEFT_HIP,0.5502908,0.63363045,0.13665949,0.11083677,0.022838226,0.07336208,0.9997295,0.9999641
21,1750,24,RIGHT_HIP,0.42897895,0.6274157,-0.13628504,-0.10943589,-0.02353158,-0.069488995,0.99959475,0.9999145
21,1750,25,LEFT_KNEE,0.6441626,0.67664135,-0.6259759,0.1606815,0.18917027,-0.23717116,0.98285407,0.999959
21,1750,26,RIGHT_KNEE,0.5419896,0.67432237,-1.1102777,0.06328654,0.10971054,-0.43561307,0.99057114,0.99996674
21,1750,27,LEFT_ANKLE,0.54317325,0.84779537,-0.3623048,0.106164694,0.50397766,-0.17000759,0.96424204,0.9993148
21,1750,28,RIGHT_ANKLE,0.51549834,0.86504394,-0.9466191,0.07442244,0.5008116,-0.3848901,0.9713954,0.99936134
21,1750,29,LEFT_HEEL,0.51162094,0.86556375,-0.34279856,0.09949156,0.5451166,-0.16948633,0.9176802,0.99857306
21,1750,30,RIGHT_HEEL,0.4901936,0.88357526,-0.93100154,0.074072264,0.55124193,-0.3819758,0.92361945,0.9983516
21,1750,31,LEFT_FOOT_INDEX,0.5495316,0.9201028,-0.5852427,0.11096981,0.6247814,-0.25920007,0.9668705,0.994615
21,1750,32,RIGHT_FOOT_INDEX,0.5610465,0.9388,-1.1949551,0.11078907,0.65370584,-0.4841263,0.97337663,0.99482024
22,1833,0,NOSE,0.69938505,0.36673662,-0.5637622,0.26817068,-0.54104507,-0.22882098,0.99998975,0.99999547
22,1833,1,LEFT_EYE_INNER,0.70053965,0.3525232,-0.49976873,0.25712186,-0.58451235,-0.20335917,0.9999816,0.999987
22,1833,2,LEFT_EYE,0.7028839,0.35257813,-0.5001227,0.25797474,-0.5848448,-0.20225005,0.99998355,0.9999839
22,1833,3,LEFT_EYE_OUTER,0.7049561,0.3525845,-0.5001218,0.2580301,-0.5858813,-0.20274532,0.9999844,0.9999802
22,1833,4,RIGHT_EYE_INNER,0.68629557,0.3510592,-0.5474093,0.22918452,-0.5780513,-0.21911457,0.99997747,0.9999924
22,1833,5,RIGHT_EYE,0.6770611,0.3498161,-0.547795,0.2304665,-0.57866234,-0.21921156,0.9999806,0.9999914
22,1833,6,RIGHT_EYE_OUTER,0.66644514,0.34865248,-0.5474085,0.2308166,-0.58060795,-0.2185009,0.99998146,0.9999895
22,1833,7,LEFT_EAR,0.6827897,0.3542133,-0.1806274,0.23968875,-0.58296305,-0.06948556,0.9999712,0.99998224
22,1833,8,RIGHT_EAR,0.6302243,0.35014945,-0.39357805,0.10684116,-0.57045966,-0.15984803,0.9999664,0.9999893
22,1833,9,MOUTH_LEFT,0.69346154,0.3811732,-0.4400666,0.27017432,-0.52061445,-0.18244182,0.99999356,0.9999964
22,1833,10,MOUTH_RIGHT,0.6752252,0.3799724,-0.50220174,0.2290398,-0.5150041,-0.20662965,0.9999948,0.99999595
22,1833,11,LEFT_SHOULDER,0.66950923,0.43367967,0.14072354,0.24425378,-0.40441483,0.076103106,0.99997866,0.999979
22,1833,12,RIGHT_SHOULDER,0.5526597,0.43525356,-0.51786304,0.08619441,-0.3959863,-0.2149474,0.99997026,0.99997675
22,1833,13,LEFT_ELBOW,0.6457958,0.54657584,0.11597849,0.16599272,-0.18546489,0.049351677,0.8762886,0.99986124
22,1833,14,RIGHT_ELBOW,0.67288464,0.55208975,-0.70016503,0.2453801,-0.16935416,-0.26552898,0.99591035,0.9999635
22,1833,15,LEFT_WRIST,0.61229604,0.60586,-0.12248654,0.12974258,-0.055641875,-0.05338797,0.8218636,0.99979335
22,1833,16,RIGHT_WRIST,0.850239,0.6192287,-0.7346551,0.48089823,-0.016463276,-0.28202248,0.97455764,0.9998568
22,1833,17,LEFT_PINKY,0.59244376,0.62027115,-0.1758905,0.10947497,0.0046107983,-0.07389194,0.77066123,0.99958915
22,1833,18,RIGHT_PINKY,0.9027714,0.6393801,-0.8379372,0.5299006,0.03813701,-0.31962633,0.9576882,0.99956435
22,1833,19,LEFT_INDEX,0.58956575,0.6138364,-0.2103681,0.10225205,-0.010958339,-0.09371323,0.7732828,0.99967504
22,1833,20,RIGHT_INDEX,0.9145914,0.6293291,-0.8250168,0.55781585,0.012201238,-0.30797058,0.96073776,0.99960953
22,1833,21,LEFT_THUMB,0.5971228,0.60928005,-0.1452258,0.120411366,-0.046527233,-0.06298983,0.7555353,0.9997527
22,1833,22,RIGHT_THUMB,0.89892423,0.62446225,-0.7301734,0.50150716,-0.011137748,-0.27837795,0.95357007,0.9997508
22,1833,23,LEFT_HIP,0.54393756,0.6337251,0.15183939,0.10921297,0.024305386,0.07651762,0.99974376,0.99996436
22,1833,24,RIGHT_HIP,0.42886692,0.6273838,-0.15139356,-0.10785942,-0.024973547,-0.07272181,0.999624,0.99992394
22,1833,25,LEFT_KNEE,0.6447156,0.6766183,-0.57357544,0.16068493,0.19684435,-0.21955155,0.9822884,0.9999573
22,1833,26,RIGHT_KNEE,0.54654413,0.67438203,-1.1057981,0.07135275,0.111088544,-0.43122554,0.99039394,0.99997556
22,1833,27,LEFT_ANKLE,0.5425248,0.84797204,-0.34254253,0.106206045,0.50938195,-0.16368921,0.96370256,0.99948263
22,1833,28,RIGHT_ANKLE,0.5155536,0.86507463,-0.9450328,0.07482039,0.5011862,-0.3823941,0.9713742,0.99957937
22,1833,29,LEFT_HEEL,0.5065683,0.8677298,-0.3265042,0.09970678,0.5501163,-0.16431671,0.92002374,0.9989183
22,1833,30,RIGHT_HEEL,0.48699006,0.8840698,-0.93113726,0.07406732,0.55138165,-0.38004655,0.92246985,0.998884
22,1833,31,LEFT_FOOT_INDEX,0.55211985,0.9203838,-0.56958276,0.11920248,0.6267178,-0.2513773,0.9676799,0.9961004
22,1833,32,RIGHT_FOOT_INDEX,0.5620627,0.9384311,-1.1983343,0.11082208,0.65161204,-0.48269475,0.974341,0.9966102
23,1917,0,NOSE,0.7055849,0.3694094,-0.5516395,0.27832502,-0.53665465,-0.22636604,0.99999064,0.9999958
23,1917,1,LEFT_EYE_INNER,0.7064337,0.3550554,-0.4876453,0.26678795,-0.58095384,-0.20099367,0.9999832,0.9999882
23,1917,2,LEFT_EYE,0.7082912,0.35501832,-0.48799857,0.26761562,-0.58117807,-0.19994129,0.9999849,0.9999856
23,1917,3,LEFT_EYE_OUTER,0.70994395,0.35491776,-0.4880046,0.2677388,-0.5821934,-0.20043069,0.9999857,0.99998236
23,1917,4,RIGHT_EYE_INNER,0.69329387,0.35350472,-0.5356185,0.23968957,-0.5743578,-0.21654588,0.9999795,0.9999927
23,1917,5,RIGHT_EYE,0.68426406,0.3522125,-0.5359953,0.24097846,-0.5749485,-0.21666084,0.99998236,0.99999154
23,1917,6,RIGHT_EYE_OUTER,0.67555976,0.35124663,-0.53589404,0.24137168,-0.5768874,-0.21594338,0.9999831,0.9999895
23,1917,7,LEFT_EAR,0.6873774,0.356219,-0.1723249,0.24539283,-0.5803532,-0.06796937,0.99997324,0.999984
23,1917,8,RIGHT_EAR,0.6384483,0.35244876,-0.38734877,0.11692409,-0.56804067,-0.15902431,0.9999693,0.9999883
23,1917,9,MOUTH_LEFT,0.6987935,0.3834052,-0.42978007,0.27844477,-0.51606286,-0.18021964,0.99999386,0.99999654
23,1917,10,MOUTH_RIGHT,0.68193823,0.38259715,-0.49253136,0.2385604,-0.5105211,-0.2041827,0.999995,0.9999958
23,1917,11,LEFT_SHOULDER,0.67486125,0.43454465,0.1330352,0.24714716,-0.40161937,0.07581918,0.9999794,0.99997973
23,1917,12,RIGHT_SHOULDER,0.55693644,0.43758163,-0.50647104,0.09140449,-0.39211738,-0.21253975,0.9999721,0.9999685
23,1917,13,LEFT_ELBOW,0.63678956,0.54158986,0.11500334,0.16621064,-0.1868736,0.052738167,0.8640789,0.99990463
23,1917,14,RIGHT_ELBOW,0.674288,0.5556006,-0.67572045,0.24798276,-0.16507605,-0.26147267,0.9962711,0.9999621
23,1917,15,LEFT_WRIST,0.6140052,0.60557723,-0.12521163,0.12861153,-0.05541309,-0.04833389,0.81401265,0.9998499
23,1917,16,RIGHT_WRIST,0.8490697,0.61845744,-0.7078593,0.4825839,-0.016746888,-0.27715632,0.9768968,0.99986553
23,1917,17,LEFT_PINKY,0.59348804,0.6202803,-0.18284808,0.10826981,0.0052483417,-0.07041886,0.7620637,0.99968493
23,1917,18,RIGHT_PINKY,0.90081406,0.6385039,-0.8109803,0.53113264,0.037620176,-0.315236,0.9613851,0.9996049
23,1917,19,LEFT_INDEX,0.5896803,0.61355454,-0.22241056,0.09979482,-0.0109543,-0.09208482,0.7638192,0.9997527
23,1917,20,RIGHT_INDEX,0.91381496,0.6285593,-0.8009461,0.5581779,0.010206285,-0.30299464,0.964154,0.9996458
23,1917,21,LEFT_THUMB,0.5963049,0.60923016,-0.14996481,0.11874937,-0.04662919,-0.05874621,0.74511725,0.9998134
23,1917,22,RIGHT_THUMB,0.89822185,0.62361217,-0.7049002,0.50279593,-0.01170913,-0.27346706,0.9572117,0.9997695
23,1917,23,LEFT_HIP,0.54445827,0.6325132,0.15257305,0.10748886,0.026080135,0.07750077,0.99975806,0.99996996
23,1917,24,RIGHT_HIP,0.42923176,0.62697756,-0.15217331,-0.10613699,-0.02667965,-0.073732905,0.99965155,0.99992967
23,1917,25,LEFT_KNEE,0.6451431,0.6769625,-0.56425303,0.16109179,0.2041962,-0.21123105,0.9821978,0.9999629
23,1917,26,RIGHT_KNEE,0.5466141,0.67568743,-1.1056123,0.07583383,0.111142434,-0.42852053,0.9904455,0.99997735
23,1917,27,LEFT_ANKLE,0.5415999,0.8486317,-0.29286036,0.099571764,0.51807994,-0.14222853,0.9639351,0.9995678
23,1917,28,RIGHT_ANKLE,0.5157445,0.8652611,-0.9259923,0.07485241,0.5035754,-0.37277272,0.97193027,0.99962735
23,1917,29,LEFT_HEEL,0.5056447,0.86826336,-0.2725735,0.09267547,0.55890155,-0.14153019,0.92257136,0.99913067
23,1917,30,RIGHT_HEEL,0.4870194,0.8840311,-0.91091037,0.07374564,0.55409265,-0.3700511,0.92190856,0.99903786
23,1917,31,LEFT_FOOT_INDEX,0.5525815,0.9204601,-0.50742453,0.116664,0.63627267,-0.2257438,0.96876687,0.9968149
23,1917,32,RIGHT_FOOT_INDEX,0.562997,0.9385737,-1.1782051,0.11062558,0.6528511,-0.47228786,0.9754896,0.9969126
24,2000,0,NOSE,0.7100061,0.3709162,-0.5543971,0.28653577,-0.53134006,-0.22519614,0.9999914,0.99999666
24,2000,1,LEFT_EYE_INNER,0.71076643,0.35696185,-0.4881142,0.2759074,-0.57502604,-0.199905,0.9999847,0.99999046
24,2000,2,LEFT_EYE,0.7125098,0.35688704,-0.48821145,0.2768733,-0.5755364,-0.19884019,0.9999862,0.9999883
24,2000,3,LEFT_EYE_OUTER,0.7141214,0.35679123,-0.4884928,0.27701938,-0.57653934,-0.19932649,0.9999869,0.9999857
24,2000,4,RIGHT_EYE_INNER,0.69858956,0.35583675,-0.53858954,0.24892864,-0.56968135,-0.21534245,0.99998134,0.9999939
24,2000,5,RIGHT_EYE,0.6902085,0.35473832,-0.5386715,0.25019863,-0.5702604,-0.21543813,0.9999839,0.9999927
24,2000,6,RIGHT_EYE_OUTER,0.680924,0.35349673,-0.5386515,0.25063685,-0.5721865,-0.21474618,0.99998456,0.9999906
24,2000,7,LEFT_EAR,0.6915972,0.35804293,-0.16728137,0.25395298,-0.574065,-0.06691664,0.9999751,0.9999877
24,2000,8,RIGHT_EAR,0.6423876,0.353747,-0.389043,0.12573124,-0.5665197,-0.15819134,0.9999719,0.9999893
24,2000,9,MOUTH_LEFT,0.70222145,0.3853143,-0.42922434,0.28566948,-0.5108229,-0.17954373,0.99999416,0.99999726
24,2000,10,MOUTH_RIGHT,0.68611723,0.38422745,-0.49516982,0.24586235,-0.5066913,-0.20316616,0.9999952,0.99999654
24,2000,11,LEFT_SHOULDER,0.6739912,0.43693772,0.13692616,0.24933036,-0.3982643,0.07589177,0.99998033,0.9999858
24,2000,12,RIGHT_SHOULDER,0.56412,0.43915716,-0.50734246,0.09783678,-0.39049846,-0.21082303,0.99997383,0.99996877
24,2000,13,LEFT_ELBOW,0.6398806,0.54444003,0.11371769,0.16754755,-0.18705647,0.05138645,0.8566268,0.99991906
24,2000,14,RIGHT_ELBOW,0.68066067,0.5574861,-0.6905738,0.25600564,-0.16389173,-0.25978926,0.99659956,0.9999609
24,2000,15,LEFT_WRIST,0.6135108,0.6071137,-0.1401161,0.12793711,-0.057340786,-0.052886687,0.8121454,0.99990165
24,2000,16,RIGHT_WRIST,0.85378903,0.62027526,-0.72044134,0.48956725,-0.012643567,-0.2761118,0.978998,0.9998511
24,2000,17,LEFT_PINKY,0.593399,0.62037456,-0.19833179,0.10622543,0.0037438052,-0.07458227,0.75902075,0.9997851
24,2000,18,RIGHT_PINKY,0.9060378,0.640186,-0.8223005,0.5378011,0.042479705,-0.31431565,0.9646824,0.99955755
24,2000,19,LEFT_INDEX,0.5892657,0.614195,-0.23281462,0.0986974,-0.013082898,-0.09488742,0.7599146,0.99983394
24,2000,20,RIGHT_INDEX,0.91893953,0.63018405,-0.81086814,0.564537,0.015932402,-0.30179203,0.9672022,0.9996125
24,2000,21,LEFT_THUMB,0.5960198,0.609602,-0.16292545,0.117917076,-0.04920543,-0.06253167,0.7402633,0.99987364
24,2000,22,RIGHT_THUMB,0.9032988,0.62489545,-0.7163289,0.5092137,-0.0075553246,-0.27267742,0.96043754,0.99974877
24,2000,23,LEFT_HIP,0.5427891,0.632555,0.15435697,0.10699631,0.026910847,0.07779326,0.99977237,0.99996924
24,2000,24,RIGHT_HIP,0.42923173,0.6269906,-0.1540367,-0.105623886,-0.027477518,-0.07403673,0.99967533,0.99991035
24,2000,25,LEFT_KNEE,0.64566976,0.67685807,-0.5828903,0.16129446,0.20192449,-0.21408951,0.9821481,0.9999678
24,2000,26,RIGHT_KNEE,0.55808663,0.6761971,-1.1190464,0.080265455,0.11191587,-0.42747027,0.99028945,0.99997044
24,2000,27,LEFT_ANKLE,0.54158276,0.8488568,-0.32200474,0.10380474,0.5166531,-0.1436118,0.9638991,0.9995159
24,2000,28,RIGHT_ANKLE,0.51608235,0.8653943,-0.9473191,0.078824915,0.50307274,-0.37341926,0.971658,0.9995523
24,2000,29,LEFT_HEEL,0.5063687,0.8684543,-0.30136737,0.09775462,0.5575604,-0.14380442,0.92494416,0.9989837
24,2000,30,RIGHT_HEEL,0.48723695,0.8840022,-0.9336166,0.076878,0.55323637,-0.3706516,0.91996145,0.9988708
24,2000,31,LEFT_FOOT_INDEX,0.5582235,0.921793,-0.53641266,0.124548465,0.6341324,-0.2280046,0.96979374,0.9964064
24,2000,32,RIGHT_FOOT_INDEX,0.56298786,0.9385827,-1.2083786,0.11375197,0.65060735,-0.4730272,0.9761694,0.9966756
25,2083,0,NOSE,0.71272534,0.3710241,-0.5335594,0.292922,-0.53021467,-0.22094566,0.9999922,0.9999956
25,2083,1,LEFT_EYE_INNER,0.7130862,0.35739684,-0.46620166,0.28091937,-0.5741779,-0.1944824,0.99998605,0.9999875
25,2083,2,LEFT_EYE,0.71471405,0.35730845,-0.4661718,0.2819405,-0.57475173,-0.19330369,0.99998736,0.9999846
25,2083,3,LEFT_EYE_OUTER,0.7161978,0.35717008,-0.46660948,0.28207392,-0.5757542,-0.19389732,0.999988,0.9999814
25,2083,4,RIGHT_EYE_INNER,0.7007509,0.35617426,-0.51764846,0.25400278,-0.56840605,-0.21126589,0.9999831,0.999992
25,2083,5,RIGHT_EYE,0.6932448,0.35512203,-0.51756966,0.2551802,-0.56872547,-0.21128629,0.99998534,0.9999907
25,2083,6,RIGHT_EYE_OUTER,0.6841729,0.35389987,-0.5176237,0.25572404,-0.5708975,-0.21056089,0.999986,0.9999882
25,2083,7,LEFT_EAR,0.6928608,0.35857597,-0.14754298,0.25594184,-0.5731095,-0.061492693,0.99997705,0.99998355
25,2083,8,RIGHT_EAR,0.64567274,0.35458058,-0.37773755,0.12748861,-0.56305456,-0.15691228,0.9999744,0.9999864
25,2083,9,MOUTH_LEFT,0.70510226,0.38520557,-0.41137162,0.2914252,-0.50923836,-0.17555283,0.9999945,0.9999962
25,2083,10,MOUTH_RIGHT,0.68908817,0.38432923,-0.4787184,0.25154117,-0.50447404,-0.20080508,0.9999954,0.9999951
25,2083,11,LEFT_SHOULDER,0.67575514,0.437792,0.144173,0.25163376,-0.39377648,0.07868551,0.999981,0.99997663
25,2083,12,RIGHT_SHOULDER,0.56406975,0.4407238,-0.5000288,0.09835856,-0.38627356,-0.209721,0.99997526,0.9999567
25,2083,13,LEFT_ELBOW,0.6415622,0.54485065,0.15175818,0.16834751,-0.1859322,0.065359026,0.8450941,0.99989104
25,2083,14,RIGHT_ELBOW,0.681505,0.5587084,-0.6793356,0.25333765,-0.1620246,-0.25884965,0.9968912,0.9999546
25,2083,15,LEFT_WRIST,0.612064,0.60655695,-0.053980794,0.12753582,-0.055404894,-0.023615379,0.8028199,0.99982184
25,2083,16,RIGHT_WRIST,0.8547205,0.62096727,-0.71631944,0.48892936,-0.010331001,-0.27541476,0.98087126,0.99979335
25,2083,17,LEFT_PINKY,0.59286314,0.62037075,-0.104814805,0.10518047,0.0054310304,-0.042667776,0.7478428,0.999617
25,2083,18,RIGHT_PINKY,0.9086457,0.6411605,-0.8201682,0.5381839,0.044144914,-0.3134816,0.967602,0.99937856
25,2083,19,LEFT_INDEX,0.58912885,0.61393714,-0.14125258,0.098120034,-0.011972382,-0.063488044,0.74786294,0.9997017
25,2083,20,RIGHT_INDEX,0.9198665,0.6305551,-0.80343634,0.5657194,0.016568966,-0.29949465,0.9698909,0.9994429
25,2083,21,LEFT_THUMB,0.5949005,0.60959023,-0.07610907,0.117353536,-0.047595292,-0.03281848,0.727578,0.9997731
25,2083,22,RIGHT_THUMB,0.9041296,0.62556875,-0.71543205,0.50899875,-0.0059593334,-0.27144715,0.9632606,0.9996388
25,2083,23,LEFT_HIP,0.5434393,0.63244545,0.15269865,0.10680322,0.027603414,0.07809433,0.99978316,0.99995995
25,2083,24,RIGHT_HIP,0.42931375,0.62654066,-0.15234615,-0.1054199,-0.028157715,-0.07431176,0.9996968,0.9998952
25,2083,25,LEFT_KNEE,0.6479991,0.67636806,-0.59189934,0.16360067,0.19995445,-0.21671051,0.98237294,0.99995244
25,2083,26,RIGHT_KNEE,0.55245185,0.6772777,-1.1164331,0.07989574,0.11119245,-0.42783248,0.9903156,0.9999633
25,2083,27,LEFT_ANKLE,0.5411677,0.8482485,-0.3389832,0.103421085,0.5159667,-0.15017413,0.9645556,0.9993563
25,2083,28,RIGHT_ANKLE,0.5160835,0.8652352,-0.93573284,0.078794986,0.5029976,-0.37381604,0.97210056,0.99945146
25,2083,29,LEFT_HEEL,0.5082144,0.86577225,-0.32006243,0.097021736,0.5568391,-0.15040831,0.927573,0.9986646
25,2083,30,RIGHT_HEEL,0.48728257,0.88374805,-0.9209817,0.076797806,0.5531747,-0.37117833,0.91981333,0.99856746
25,2083,31,LEFT_FOOT_INDEX,0.55809987,0.9217864,-0.5625733,0.122809574,0.6336936,-0.23675567,0.97091293,0.9949397
25,2083,32,RIGHT_FOOT_INDEX,0.55996686,0.9385828,-1.1945386,0.11348319,0.6508081,-0.4737421,0.9770277,0.9954791
26,2167,0,NOSE,0.71175563,0.37113446,-0.58011407,0.29018208,-0.5301364,-0.22980826,0.9999929,0.9999975
26,2167,1,LEFT_EYE_INNER,0.71269506,0.3573598,-0.5105552,0.27807358,-0.57403463,-0.20277944,0.99998736,0.99999213
26,2167,2,LEFT_EYE,0.7146518,0.35728583,-0.5105381,0.2790698,-0.57462966,-0.20156205,0.9999885,0.9999901
26,2167,3,LEFT_EYE_OUTER,0.71652496,0.35716552,-0.510948,0.2792003,-0.5756346,-0.20217997,0.9999891,0.9999876
26,2167,4,RIGHT_EYE_INNER,0.69939995,0.35617226,-0.5592662,0.25182557,-0.56825507,-0.21907032,0.9999847,0.99999535
26,2167,5,RIGHT_EYE,0.6914124,0.35520345,-0.5592375,0.25303513,-0.56848985,-0.21906826,0.9999867,0.9999944
26,2167,6,RIGHT_EYE_OUTER,0.68215054,0.35402,-0.5592551,0.25356087,-0.5705821,-0.21833399,0.9999873,0.9999927
26,2167,7,LEFT_EAR,0.6945469,0.3588428,-0.17698435,0.25473812,-0.5723569,-0.066158056,0.9999789,0.9999894
26,2167,8,RIGHT_EAR,0.643973,0.3547916,-0.3956008,0.1265573,-0.56238234,-0.15941958,0.99997675,0.9999912
26,2167,9,MOUTH_LEFT,0.70504504,0.38569218,-0.45303136,0.2888888,-0.5089036,-0.1830465,0.9999949,0.9999974
26,2167,10,MOUTH_RIGHT,0.68770665,0.38492268,-0.5168556,0.24929586,-0.5041819,-0.20765911,0.99999565,0.99999654
26,2167,11,LEFT_SHOULDER,0.67553973,0.4376115,0.13740057,0.25008404,-0.39362353,0.07824661,0.9999819,0.9999831
26,2167,12,RIGHT_SHOULDER,0.56600195,0.4417932,-0.51081955,0.10072185,-0.3811335,-0.21102425,0.9999765,0.9999609
26,2167,13,LEFT_ELBOW,0.6417539,0.546271,0.15360923,0.16662715,-0.18602659,0.06792312,0.8383316,0.99990976
26,2167,14,RIGHT_ELBOW,0.69033647,0.5622796,-0.6876311,0.2635026,-0.15512674,-0.26006263,0.9971589,0.9999603
26,2167,15,LEFT_WRIST,0.61146665,0.60737556,-0.0380316,0.122752406,-0.0563587,-0.014259679,0.8007543,0.9998945
26,2167,16,RIGHT_WRIST,0.8644222,0.62380344,-0.7208398,0.50071275,-0.0046423785,-0.275494,0.9825838,0.99981767
26,2167,17,LEFT_PINKY,0.590334,0.6200828,-0.083173975,0.09743913,0.004134426,-0.03072574,0.7438091,0.9997565
26,2167,18,RIGHT_PINKY,0.91660106,0.64265555,-0.8214862,0.5502648,0.048599638,-0.31286973,0.9702906,0.9994319
26,2167,19,LEFT_INDEX,0.589005,0.61429584,-0.11501288,0.08970868,-0.013187123,-0.05017698,0.742961,0.9998118
26,2167,20,RIGHT_INDEX,0.9279402,0.6319179,-0.8061865,0.575894,0.020737605,-0.29910895,0.9723757,0.9994967
26,2167,21,LEFT_THUMB,0.59463435,0.6096874,-0.05715009,0.11223966,-0.04865917,-0.022348974,0.721719,0.9998579
26,2167,22,RIGHT_THUMB,0.91286224,0.6273944,-0.7168886,0.5200721,-0.00067319867,-0.2713793,0.96590966,0.99967754
26,2167,23,LEFT_HIP,0.5432782,0.6324372,0.15292309,0.105738424,0.027801052,0.078684025,0.9997939,0.9999685
26,2167,24,RIGHT_HIP,0.42936373,0.6265592,-0.15260155,-0.10430876,-0.028350944,-0.074856356,0.99971545,0.99991035
26,2167,25,LEFT_KNEE,0.647975,0.67658937,-0.60647386,0.16337852,0.19899565,-0.21882275,0.9820985,0.99995863
26,2167,26,RIGHT_KNEE,0.5572725,0.6772776,-1.1171035,0.08228979,0.11218085,-0.4280307,0.98999697,0.99996054
26,2167,27,LEFT_ANKLE,0.54114485,0.8481733,-0.34393293,0.106300764,0.51538056,-0.15287083,0.96426064,0.9993255
26,2167,28,RIGHT_ANKLE,0.5160776,0.8649184,-0.9211862,0.07917318,0.5029144,-0.37106603,0.9715379,0.9994363
26,2167,29,LEFT_HEEL,0.5089499,0.8658268,-0.32628053,0.10082537,0.5563234,-0.15338485,0.92920244,0.99858415
26,2167,30,RIGHT_HEEL,0.48735136,0.88319445,-0.90422577,0.076883785,0.5529382,-0.36770064,0.9178324,0.99857306
26,2167,31,LEFT_FOOT_INDEX,0.55870444,0.92193925,-0.5689352,0.1284781,0.63162726,-0.24130984,0.97156733,0.9948803
26,2167,32,RIGHT_FOOT_INDEX,0.5585238,0.93846464,-1.1650697,0.113369085,0.6509628,-0.46682906,0.9773341,0.9957188
27,2250,0,NOSE,0.7113228,0.37121075,-0.5704196,0.28965813,-0.5294925,-0.22881432,0.9999935,0.99999535
27,2250,1,LEFT_EYE_INNER,0.7122492,0.3574478,-0.50241107,0.2777789,-0.57340765,-0.20196849,0.99998844,0.99998677
27,2250,2,LEFT_EYE,0.71431834,0.35741147,-0.50245005,0.27879313,-0.5740217,-0.20075679,0.99998945,0.9999838
27,2250,3,LEFT_EYE_OUTER,0.7162799,0.3573431,-0.5027769,0.27892256,-0.57502514,-0.20136537,0.99999,0.99998
27,2250,4,RIGHT_EYE_INNER,0.698908,0.35619587,-0.55086917,0.25068092,-0.5674613,-0.21836743,0.99998605,0.9999918
27,2250,5,RIGHT_EYE,0.6907769,0.35523263,-0.5509191,0.25193536,-0.5678111,-0.21837002,0.99998784,0.9999901
27,2250,6,RIGHT_EYE_OUTER,0.68126774,0.354057,-0.55089164,0.25241297,-0.5698448,-0.21763816,0.9999884,0.99998724
27,2250,7,LEFT_EAR,0.69476223,0.35907382,-0.1732981,0.25529388,-0.5716118,-0.065860905,0.9999804,0.9999831
27,2250,8,RIGHT_EAR,0.64339584,0.3549938,-0.3909097,0.12499084,-0.5612948,-0.15935951,0.9999787,0.999985
27,2250,9,MOUTH_LEFT,0.7052539,0.38565892,-0.44484088,0.28919917,-0.5082718,-0.18222357,0.9999951,0.9999957
27,2250,10,MOUTH_RIGHT,0.6878821,0.3849213,-0.5083867,0.2487477,-0.50337136,-0.2070203,0.99999577,0.9999943
27,2250,11,LEFT_SHOULDER,0.67535603,0.4375556,0.1372057,0.2505008,-0.39272675,0.07810641,0.9999821,0.9999751
27,2250,12,RIGHT_SHOULDER,0.5662238,0.44222364,-0.50690365,0.1005385,-0.37996653,-0.21135566,0.99997723,0.9999448
27,2250,13,LEFT_ELBOW,0.63317823,0.54117,0.15426525,0.16733125,-0.18555786,0.06950116,0.82756585,0.99988127
27,2250,14,RIGHT_ELBOW,0.68824667,0.56196964,-0.68612444,0.26116258,-0.15340477,-0.2598152,0.9973873,0.9999435
27,2250,15,LEFT_WRIST,0.6113831,0.60667765,-0.047023676,0.124202184,-0.055278245,-0.016344331,0.79181194,0.99980897
27,2250,16,RIGHT_WRIST,0.86243117,0.62354356,-0.7023972,0.49843666,-0.0046833623,-0.27285862,0.9840518,0.9997546
27,2250,17,LEFT_PINKY,0.5907598,0.62011904,-0.09658936,0.099223055,0.0055614132,-0.03488073,0.7331087,0.99957937
27,2250,18,RIGHT_PINKY,0.9148367,0.6425174,-0.79897594,0.5479718,0.048568077,-0.3089257,0.9725241,0.99927634
27,2250,19,LEFT_INDEX,0.58887553,0.6141242,-0.12999542,0.09148304,-0.011924466,-0.054703683,0.73152846,0.9996699
27,2250,20,RIGHT_INDEX,0.926131,0.6317952,-0.7861768,0.574179,0.020459672,-0.2956432,0.9744315,0.9993436
27,2250,21,LEFT_THUMB,0.5944122,0.6096918,-0.067935,0.11376475,-0.047622193,-0.025045132,0.7097767,0.9997527
27,2250,22,RIGHT_THUMB,0.91091955,0.6272438,-0.6982094,0.5179303,-0.00093253306,-0.26878378,0.96798104,0.9995695
27,2250,23,LEFT_HIP,0.54401875,0.63018095,0.15311348,0.10556111,0.02793254,0.07918415,0.9998001,0.9999577
27,2250,24,RIGHT_HIP,0.429553,0.62561285,-0.15280676,-0.104134515,-0.028478878,-0.07537023,0.9997298,0.9998795
27,2250,25,LEFT_KNEE,0.6491135,0.67636687,-0.6012189,0.16779216,0.1984538,-0.21980728,0.98205876,0.9999478
27,2250,26,RIGHT_KNEE,0.5567935,0.6787337,-1.1158752,0.08206381,0.11773261,-0.42826378,0.98981947,0.9999596
27,2250,27,LEFT_ANKLE,0.540984,0.84806263,-0.3460531,0.1062191,0.51626474,-0.1553472,0.9641783,0.9993175
27,2250,28,RIGHT_ANKLE,0.51603025,0.8650116,-0.92184186,0.07894004,0.5110537,-0.37133586,0.97145844,0.99938333
27,2250,29,LEFT_HEEL,0.50991344,0.86489785,-0.32812393,0.10026954,0.5575292,-0.15572807,0.93043685,0.99860066
27,2250,30,RIGHT_HEEL,0.4873645,0.88318396,-0.9055792,0.07645743,0.5612341,-0.3680533,0.91637856,0.9983897
27,2250,31,LEFT_FOOT_INDEX,0.55864495,0.9217986,-0.56772155,0.12621732,0.6343582,-0.24350531,0.9720731,0.9945095
27,2250,32,RIGHT_FOOT_INDEX,0.5582879,0.9385306,-1.1701709,0.11242914,0.6599312,-0.46771964,0.9777882,0.99495924
28,2333,0,NOSE,0.7111301,0.3707266,-0.557771,0.28893238,-0.5316886,-0.2256874,0.9999941,0.999997
28,2333,1,LEFT_EYE_INNER,0.71184534,0.35716012,-0.48771566,0.27706105,-0.57574666,-0.198606,0.9999895,0.9999908
28,2333,2,LEFT_EYE,0.7140063,0.35715562,-0.48770812,0.27808082,-0.5763732,-0.19737911,0.99999034,0.99998796
28,2333,3,LEFT_EYE_OUTER,0.7160988,0.35711715,-0.48809746,0.27819812,-0.57739615,-0.19791423,0.9999909,0.99998426
28,2333,4,RIGHT_EYE_INNER,0.69878733,0.35596246,-0.5355909,0.24976385,-0.5692325,-0.2144701,0.99998736,0.9999949
28,2333,5,RIGHT_EYE,0.6906155,0.35503486,-0.5360064,0.2510081,-0.5696708,-0.21446231,0.999989,0.99999404
28,2333,6,RIGHT_EYE_OUTER,0.6810288,0.35390586,-0.53558576,0.25147662,-0.5716637,-0.21372594,0.99998945,0.99999225
28,2333,7,LEFT_EAR,0.69447744,0.35901064,-0.15580434,0.25536785,-0.5731461,-0.06188384,0.99998194,0.9999857
28,2333,8,RIGHT_EAR,0.6429427,0.35497907,-0.37115708,0.12423586,-0.5618472,-0.15314658,0.9999806,0.9999912
28,2333,9,MOUTH_LEFT,0.70493996,0.38512415,-0.43077642,0.28914842,-0.51015234,-0.17895745,0.9999954,0.9999963
28,2333,10,MOUTH_RIGHT,0.6875216,0.38456064,-0.49398983,0.24813029,-0.5047562,-0.20318829,0.99999595,0.9999956
28,2333,11,LEFT_SHOULDER,0.6727106,0.43749005,0.16680625,0.24844512,-0.39323384,0.08698712,0.99998206,0.9999678
28,2333,12,RIGHT_SHOULDER,0.5711181,0.44305912,-0.49523205,0.10689876,-0.37913463,-0.20626114,0.9999781,0.99995804
28,2333,13,LEFT_ELBOW,0.6327212,0.5432348,0.21530457,0.15759653,-0.18779227,0.09257864,0.81079364,0.99986756
28,2333,14,RIGHT_ELBOW,0.6896307,0.56281364,-0.664797,0.26947606,-0.15257475,-0.25007623,0.9975984,0.99996173
28,2333,15,LEFT_WRIST,0.60806173,0.60739285,0.051033273,0.11880784,-0.05608467,0.023320112,0.77935636,0.99982184
28,2333,16,RIGHT_WRIST,0.865738,0.62487984,-0.68093866,0.50882924,-0.0026492246,-0.25764498,0.9854188,0.99982184
28,2333,17,LEFT_PINKY,0.5865584,0.62001675,0.014080629,0.09416396,0.004860079,0.01021546,0.71938235,0.99963737
28,2333,18,RIGHT_PINKY,0.9169237,0.6427715,-0.7763294,0.5587017,0.04996145,-0.2918689,0.9746548,0.99946004
28,2333,19,LEFT_INDEX,0.58754414,0.61480856,-0.01929517,0.0883106,-0.011942662,-0.009351979,0.7170575,0.9997086
28,2333,20,RIGHT_INDEX,0.9285291,0.6318669,-0.76123726,0.5851657,0.02199192,-0.2780348,0.9763973,0.99950445
28,2333,21,LEFT_THUMB,0.5931767,0.6098926,0.031529438,0.109396055,-0.048043046,0.015301379,0.694716,0.9997695
28,2333,22,RIGHT_THUMB,0.91452986,0.62757814,-0.67532337,0.5283819,0.00094788545,-0.2531186,0.9700277,0.99967754
28,2333,23,LEFT_HIP,0.54032916,0.630197,0.15542853,0.10449842,0.027994193,0.07995091,0.99980855,0.99996173
28,2333,24,RIGHT_HIP,0.42960066,0.6256416,-0.15514167,-0.10301669,-0.02854082,-0.07607554,0.99974567,0.99990976
28,2333,25,LEFT_KNEE,0.64910614,0.6762927,-0.6003851,0.16791391,0.196565,-0.21941645,0.9821153,0.9999528
28,2333,26,RIGHT_KNEE,0.55657524,0.68092835,-1.1156071,0.08667578,0.1179151,-0.42821327,0.98974305,0.9999629
28,2333,27,LEFT_ANKLE,0.5408944,0.8471677,-0.33123112,0.105863996,0.51425046,-0.15293041,0.96455044,0.9993563
28,2333,28,RIGHT_ANKLE,0.5160884,0.86501884,-0.90392184,0.081119284,0.50991684,-0.3666858,0.97158533,0.99949265
28,2333,29,LEFT_HEEL,0.5099647,0.8649095,-0.31065086,0.09968515,0.5556975,-0.1527815,0.9323414,0.99871576
28,2333,30,RIGHT_HEEL,0.48761436,0.88321435,-0.88504404,0.078048654,0.559905,-0.362346,0.91598433,0.9987405
28,2333,31,LEFT_FOOT_INDEX,0.5576055,0.9201952,-0.5426775,0.12546484,0.6330922,-0.23819,0.9729497,0.9952448
28,2333,32,RIGHT_FOOT_INDEX,0.5577617,0.9374239,-1.1389097,0.114410795,0.6597491,-0.45954388,0.9783564,0.9960699
29,2417,0,NOSE,0.70902354,0.3687366,-0.59961325,0.27277586,-0.53362864,-0.22638488,0.9999946,0.99999595
29,2417,1,LEFT_EYE_INNER,0.71094227,0.3555581,-0.5287592,0.26652285,-0.577975,-0.19940327,0.9999904,0.9999877
29,2417,2,LEFT_EYE,0.71374005,0.355567,-0.52875483,0.26710638,-0.578423,-0.19822963,0.9999911,0.9999839
29,2417,3,LEFT_EYE_OUTER,0.7158839,0.3556159,-0.52913857,0.2674137,-0.57939214,-0.19879693,0.9999916,0.9999788
29,2417,4,RIGHT_EYE_INNER,0.69445044,0.3543951,-0.57519615,0.23525685,-0.5714707,-0.21449967,0.9999885,0.9999937
29,2417,5,RIGHT_EYE,0.6836166,0.35323328,-0.5752394,0.2363895,-0.5720061,-0.21465509,0.9999899,0.9999926
29,2417,6,RIGHT_EYE_OUTER,0.6736386,0.35223168,-0.57519335,0.23697202,-0.57393116,-0.21385056,0.99999034,0.9999906
29,2417,7,LEFT_EAR,0.69554853,0.3583315,-0.17955676,0.25517976,-0.5760309,-0.062001027,0.9999832,0.99998033
29,2417,8,RIGHT_EAR,0.6384886,0.35455412,-0.3867888,0.115646146,-0.5641903,-0.14751069,0.9999823,0.99998915
29,2417,9,MOUTH_LEFT,0.7043916,0.38387987,-0.46590802,0.27720383,-0.51173085,-0.17941736,0.9999955,0.9999951
29,2417,10,MOUTH_RIGHT,0.6846053,0.3839886,-0.52644414,0.23292883,-0.5065825,-0.20298508,0.999996,0.9999939
29,2417,11,LEFT_SHOULDER,0.67413104,0.43743247,0.16699107,0.24522014,-0.3967001,0.09198854,0.9999816,0.9999596
29,2417,12,RIGHT_SHOULDER,0.57059777,0.44313613,-0.5048897,0.1062704,-0.37799823,-0.20187807,0.99997866,0.99994814
29,2417,13,LEFT_ELBOW,0.6314973,0.5409434,0.21894133,0.15789309,-0.18786071,0.10011453,0.7855951,0.99983
29,2417,14,RIGHT_ELBOW,0.68690354,0.56373084,-0.6649901,0.26804417,-0.15051158,-0.2423443,0.9977639,0.99994564
29,2417,15,LEFT_WRIST,0.60805213,0.6062103,0.037964046,0.11991205,-0.05383451,0.026682876,0.75894374,0.99974877
29,2417,16,RIGHT_WRIST,0.8632115,0.6246463,-0.67873335,0.50202405,-0.0041167885,-0.24463718,0.98655343,0.99974483
29,2417,17,LEFT_PINKY,0.5890275,0.6199895,0.00062710565,0.09925144,0.0042153005,0.012387236,0.6999932,0.9995592
29,2417,18,RIGHT_PINKY,0.9144279,0.641432,-0.77297205,0.55408025,0.04002113,-0.27810958,0.97635776,0.99933076
29,2417,19,LEFT_INDEX,0.58787066,0.61456084,-0.03672631,0.095404394,-0.012299261,-0.007222711,0.69689393,0.9996302
29,2417,20,RIGHT_INDEX,0.92462504,0.6312541,-0.7571947,0.5774142,0.008875781,-0.26280087,0.97795755,0.9993761
29,2417,21,LEFT_THUMB,0.59301424,0.6098974,0.016111001,0.111800045,-0.046792433,0.01838412,0.67425495,0.9996971
29,2417,22,RIGHT_THUMB,0.9091634,0.6267983,-0.6727671,0.5209338,-0.002773823,-0.23973589,0.97149426,0.9995778
29,2417,23,LEFT_HIP,0.54172087,0.6294901,0.16272573,0.098707564,0.027445547,0.07933209,0.99981457,0.9999478
29,2417,24,RIGHT_HIP,0.43003052,0.6256442,-0.16229592,-0.09775215,-0.027816597,-0.075907975,0.99975824,0.9998766
29,2417,25,LEFT_KNEE,0.65187055,0.6724583,-0.60773444,0.17657389,0.1848584,-0.2206161,0.98213255,0.99993646
29,2417,26,RIGHT_KNEE,0.5606246,0.67868876,-1.1509012,0.087417,0.10929883,-0.43333182,0.989884,0.999959
29,2417,27,LEFT_ANKLE,0.5409904,0.84699905,-0.3342807,0.105101466,0.5108376,-0.15201952,0.9649751,0.9992679
29,2417,28,RIGHT_ANKLE,0.51665103,0.8641491,-0.9301452,0.07519728,0.497697,-0.36687815,0.9724849,0.99949074
29,2417,29,LEFT_HEEL,0.5114207,0.8641076,-0.31378433,0.09744982,0.5523599,-0.15156636,0.93462247,0.99861145
29,2417,30,RIGHT_HEEL,0.4881181,0.88167846,-0.9095618,0.07036865,0.5463411,-0.36273292,0.91825473,0.9987503
29,2417,31,LEFT_FOOT_INDEX,0.5573758,0.91999376,-0.5489791,0.12253003,0.6287326,-0.23544009,0.97374964,0.9948001
29,2417,32,RIGHT_FOOT_INDEX,0.5577643,0.9371379,-1.1704142,0.10913002,0.6482034,-0.46004432,0.9792237,0.9961004
30,2500,0,NOSE,0.70707744,0.3674762,-0.61109924,0.26756352,-0.5369765,-0.22735125,0.9999948,0.99999
30,2500,1,LEFT_EYE_INNER,0.70946085,0.35406995,-0.5445349,0.2629724,-0.581515,-0.2014214,0.999991,0.99997556
30,2500,2,LEFT_EYE,0.71214014,0.3541408,-0.5445332,0.26344344,-0.5818677,-0.20035683,0.99999154,0.9999707
30,2500,3,LEFT_EYE_OUTER,0.7142888,0.35416824,-0.544918,0.263833,-0.58278567,-0.20087954,0.99999195,0.99996436
30,2500,4,RIGHT_EYE_INNER,0.6924578,0.3524343,-0.5908128,0.23269615,-0.5755833,-0.21603857,0.9999892,0.999984
30,2500,5,RIGHT_EYE,0.6819608,0.35137075,-0.59081376,0.23378468,-0.5761902,-0.21642143,0.99999046,0.9999814
30,2500,6,RIGHT_EYE_OUTER,0.6714009,0.35052794,-0.59081167,0.23436283,-0.5780824,-0.21552697,0.9999909,0.9999764
30,2500,7,LEFT_EAR,0.69445145,0.35685384,-0.20805305,0.2532788,-0.5784208,-0.068325356,0.9999836,0.9999678
30,2500,8,RIGHT_EAR,0.6365073,0.35353822,-0.41350976,0.11551255,-0.5694973,-0.15072945,0.9999832,0.99997294
30,2500,9,MOUTH_LEFT,0.7029299,0.3829165,-0.4814932,0.27022484,-0.5144777,-0.18155962,0.9999954,0.99999166
30,2500,10,MOUTH_RIGHT,0.68308854,0.38287038,-0.54155254,0.22800362,-0.5100915,-0.20417483,0.99999577,0.9999888
30,2500,11,LEFT_SHOULDER,0.67822325,0.4376877,0.118453525,0.24517822,-0.3967212,0.07724566,0.9999803,0.9999502
30,2500,12,RIGHT_SHOULDER,0.56654984,0.44167686,-0.51677793,0.094133794,-0.38554797,-0.2024616,0.9999778,0.9999145
30,2500,13,LEFT_ELBOW,0.6350999,0.5494433,0.13764496,0.16228856,-0.1836026,0.07320464,0.7668962,0.99980587
30,2500,14,RIGHT_ELBOW,0.67801964,0.5636472,-0.6719082,0.24009004,-0.15549031,-0.24261369,0.99787277,0.99991906
30,2500,15,LEFT_WRIST,0.61887074,0.60389197,-0.1020931,0.13864651,-0.05370495,-0.02415681,0.74188507,0.9996724
30,2500,16,RIGHT_WRIST,0.85275865,0.6188587,-0.69147,0.47840557,-0.028759561,-0.24575917,0.98745984,0.9997508
30,2500,17,LEFT_PINKY,0.596373,0.6199676,-0.15568076,0.12514055,0.0004539477,-0.04621101,0.68465257,0.9994536
30,2500,18,RIGHT_PINKY,0.90367293,0.633857,-0.78607816,0.53321236,0.0113874655,-0.2790182,0.9776771,0.9994
30,2500,19,LEFT_INDEX,0.59378356,0.61409664,-0.19792913,0.124348074,-0.018025832,-0.06588193,0.68140906,0.9995523
30,2500,20,RIGHT_INDEX,0.91772705,0.6204444,-0.7707528,0.5560164,-0.024677157,-0.2651687,0.97915655,0.99945575
30,2500,21,LEFT_THUMB,0.5995136,0.6096265,-0.12829834,0.1331908,-0.047304176,-0.033852417,0.6584875,0.99963737
30,2500,22,RIGHT_THUMB,0.9002224,0.61591315,-0.68576187,0.4982956,-0.030940378,-0.24153419,0.9724066,0.99962735
30,2500,23,LEFT_HIP,0.54243904,0.63093424,0.16201916,0.09866872,0.02726226,0.07706127,0.99981856,0.9999448
30,2500,24,RIGHT_HIP,0.4303061,0.62587667,-0.16153154,-0.09775889,-0.027572066,-0.07423353,0.9997667,0.99985576
30,2500,25,LEFT_KNEE,0.65193594,0.6737185,-0.6671476,0.18383151,0.18369845,-0.237337,0.9823408,0.99994266
30,2500,26,RIGHT_KNEE,0.5608454,0.6786555,-1.1528075,0.08408316,0.10667436,-0.43363735,0.9900608,0.99996054
30,2500,27,LEFT_ANKLE,0.5409382,0.8469914,-0.37765685,0.100457035,0.50280917,-0.16025306,0.96581185,0.9995345
30,2500,28,RIGHT_ANKLE,0.5166686,0.8635651,-0.93065345,0.065294415,0.49145377,-0.36689365,0.9735384,0.99958426
30,2500,29,LEFT_HEEL,0.5118319,0.863478,-0.35592252,0.090796694,0.54314923,-0.15931031,0.93700624,0.99910307
30,2500,30,RIGHT_HEEL,0.4881858,0.881299,-0.9104888,0.05999669,0.53941405,-0.36255062,0.920253,0.9990264
30,2500,31,LEFT_FOOT_INDEX,0.5574569,0.9207036,-0.6124379,0.11447438,0.6197873,-0.24571967,0.97467667,0.99666256
30,2500,32,RIGHT_FOOT_INDEX,0.5572183,0.9371462,-1.1878945,0.09630564,0.63799804,-0.46039057,0.980119,0.99696034
31,2583,0,NOSE,0.70335233,0.365213,-0.6677507,0.26122218,-0.5369336,-0.25594705,0.99999475,0.99998593
31,2583,1,LEFT_EYE_INNER,0.70596874,0.352339,-0.6020407,0.25247696,-0.58145034,-0.22961016,0.99999124,0.9999676
31,2583,2,LEFT_EYE,0.70841473,0.3523764,-0.6024094,0.25333467,-0.58183765,-0.22851962,0.99999154,0.9999621
31,2583,3,LEFT_EYE_OUTER,0.7105752,0.35236436,-0.6024235,0.25355363,-0.582762,-0.22912148,0.999992,0.9999553
31,2583,4,RIGHT_EYE_INNER,0.6891794,0.35067117,-0.64787096,0.2229189,-0.575274,-0.24510813,0.9999895,0.99997807
31,2583,5,RIGHT_EYE,0.67936814,0.34965757,-0.6482364,0.22415419,-0.575876,-0.24536525,0.9999906,0.9999747
31,2583,6,RIGHT_EYE_OUTER,0.66870415,0.3487236,-0.6478704,0.22454,-0.5777849,-0.2446187,0.999991,0.9999683
31,2583,7,LEFT_EAR,0.6914532,0.3552761,-0.27456796,0.23804432,-0.57724446,-0.09592293,0.99998325,0.99996233
31,2583,8,RIGHT_EAR,0.6324642,0.35207856,-0.47786078,0.1007295,-0.56554985,-0.18369895,0.99998343,0.9999635
31,2583,9,MOUTH_LEFT,0.69994724,0.38037288,-0.5417672,0.26433012,-0.51429325,-0.2101854,0.99999505,0.9999906
31,2583,10,MOUTH_RIGHT,0.6802685,0.3805079,-0.6009547,0.2219556,-0.50933325,-0.2337546,0.9999953,0.9999869
31,2583,11,LEFT_SHOULDER,0.6800576,0.43756086,0.036284342,0.24385685,-0.38790208,0.04666973,0.99997896,0.9999473
31,2583,12,RIGHT_SHOULDER,0.554288,0.44086343,-0.56660515,0.072253235,-0.38192075,-0.22969022,0.9999764,0.9998894
31,2583,13,LEFT_ELBOW,0.6377857,0.54905784,0.044316173,0.1569429,-0.1673157,0.038936563,0.7567476,0.9997658
31,2583,14,RIGHT_ELBOW,0.66509163,0.56360996,-0.7161436,0.21891424,-0.14834894,-0.26603928,0.9979576,0.9998822
31,2583,15,LEFT_WRIST,0.6200917,0.60336703,-0.18612431,0.1372608,-0.051300786,-0.057606105,0.72779155,0.99962735
31,2583,16,RIGHT_WRIST,0.8476203,0.60759366,-0.74143076,0.46564096,-0.035258017,-0.2743932,0.98823833,0.9996513
31,2583,17,LEFT_PINKY,0.5974099,0.6200465,-0.24395114,0.12204346,0.0010484646,-0.081657976,0.6712692,0.99936384
31,2583,18,RIGHT_PINKY,0.9020072,0.617525,-0.83976185,0.5212749,0.0050358856,-0.30940005,0.97878927,0.99914074
31,2583,19,LEFT_INDEX,0.59419715,0.6139982,-0.28297725,0.12005199,-0.017896721,-0.101473115,0.6675151,0.99947256
31,2583,20,RIGHT_INDEX,0.9120714,0.60684955,-0.82584965,0.54260105,-0.03439045,-0.2970358,0.98015904,0.9992387
31,2583,21,LEFT_THUMB,0.59979606,0.60958683,-0.21092755,0.13113588,-0.045980275,-0.06772947,0.64419997,0.9995876
31,2583,22,RIGHT_THUMB,0.8933841,0.60249865,-0.73713845,0.4851304,-0.039328653,-0.27093327,0.9731327,0.9994867
31,2583,23,LEFT_HIP,0.54666275,0.62972486,0.15656689,0.10148355,0.027416563,0.07740186,0.9998183,0.9999509
31,2583,24,RIGHT_HIP,0.43311822,0.6242014,-0.15597722,-0.1003372,-0.027788553,-0.07437222,0.99977183,0.9998666
31,2583,25,LEFT_KNEE,0.6517621,0.6750051,-0.6211101,0.1693323,0.20781142,-0.2309441,0.9817242,0.9999335
31,2583,26,RIGHT_KNEE,0.5625205,0.678149,-1.1210741,0.08054265,0.11303178,-0.42996264,0.9897015,0.9999596
31,2583,27,LEFT_ANKLE,0.54092455,0.84841835,-0.33385515,0.09005157,0.51372075,-0.15612179,0.9655399,0.9994319
31,2583,28,RIGHT_ANKLE,0.51692617,0.8644148,-0.9023167,0.0648159,0.50007004,-0.3648666,0.9737929,0.9995216
31,2583,29,LEFT_HEEL,0.50920874,0.86655796,-0.3131562,0.08129578,0.5537783,-0.15531452,0.9372749,0.9988883
31,2583,30,RIGHT_HEEL,0.48818287,0.8818248,-0.8842446,0.059801135,0.54925257,-0.36064282,0.91988355,0.9987888
31,2583,31,LEFT_FOOT_INDEX,0.5570977,0.92216074,-0.57022303,0.102415316,0.6351245,-0.2435522,0.974667,0.99586606
31,2583,32,RIGHT_FOOT_INDEX,0.5611723,0.9376051,-1.1661795,0.092925966,0.64894885,-0.4597988,0.98045415,0.9961306
32,2667,0,NOSE,0.6959751,0.3625,-0.5609808,0.2547076,-0.5421416,-0.23378542,0.99999493,0.99998605
32,2667,1,LEFT_EYE_INNER,0.69874287,0.34929064,-0.50049216,0.24382897,-0.58630055,-0.20847197,0.9999917,0.99996877
32,2667,2,LEFT_EYE,0.70107114,0.34937987,-0.50051016,0.2448281,-0.58686167,-0.20750624,0.99999195,0.9999671
32,2667,3,LEFT_EYE_OUTER,0.7033622,0.34944472,-0.5008748,0.24497198,-0.587826,-0.20800446,0.99999243,0.9999641
32,2667,4,RIGHT_EYE_INNER,0.68272537,0.3476039,-0.54365194,0.2161075,-0.5796167,-0.22397095,0.99999,0.9999727
32,2667,5,RIGHT_EYE,0.6729702,0.3465175,-0.5436621,0.21724358,-0.57990885,-0.22405764,0.99999094,0.9999671
32,2667,6,RIGHT_EYE_OUTER,0.66195846,0.3455419,-0.5436509,0.21764185,-0.5821789,-0.22335978,0.9999913,0.9999573
32,2667,7,LEFT_EAR,0.68463194,0.35244945,-0.20001912,0.22692443,-0.57997614,-0.08232535,0.999984,0.9999716
32,2667,8,RIGHT_EAR,0.62643075,0.3482386,-0.38999626,0.09449261,-0.5665603,-0.1701124,0.99998397,0.99994814
32,2667,9,MOUTH_LEFT,0.692842,0.37786445,-0.44429597,0.25747174,-0.5190746,-0.19025539,0.9999952,0.99999213
32,2667,10,MOUTH_RIGHT,0.67281395,0.37757587,-0.49983957,0.21651866,-0.51315707,-0.21361132,0.9999953,0.9999869
32,2667,11,LEFT_SHOULDER,0.67985916,0.43758616,0.067178056,0.24301718,-0.38660523,0.051198106,0.9999794,0.9999697
32,2667,12,RIGHT_SHOULDER,0.5421591,0.43624005,-0.47806522,0.054891836,-0.38739282,-0.20935242,0.9999752,0.9998623
32,2667,13,LEFT_ELBOW,0.63760597,0.55996406,0.024285506,0.15130186,-0.15836845,0.025353706,0.76079696,0.99986553
32,2667,14,RIGHT_ELBOW,0.64433324,0.56179893,-0.6274818,0.1965428,-0.15148401,-0.24639231,0.9980099,0.9998746
32,2667,15,LEFT_WRIST,0.6219612,0.60171676,-0.2557455,0.1365749,-0.05189576,-0.09046796,0.7349096,0.99984765
32,2667,16,RIGHT_WRIST,0.83861184,0.5917444,-0.67047966,0.4460083,-0.06830774,-0.26622882,0.9889553,0.9997584
32,2667,17,LEFT_PINKY,0.59937984,0.6192838,-0.3246671,0.12153082,-0.0016781393,-0.11783145,0.6793617,0.99969935
32,2667,18,RIGHT_PINKY,0.8908509,0.5980964,-0.7683728,0.50291735,-0.031734005,-0.30186367,0.97987753,0.9994253
32,2667,19,LEFT_INDEX,0.59644586,0.6122498,-0.36083812,0.118300535,-0.021320537,-0.13738339,0.6756172,0.99976224
32,2667,20,RIGHT_INDEX,0.8996247,0.5876849,-0.75507253,0.52204,-0.073336795,-0.29082757,0.9811456,0.99950445
32,2667,21,LEFT_THUMB,0.6015629,0.6079227,-0.28021348,0.13018703,-0.047516413,-0.100541286,0.65190524,0.99983
32,2667,22,RIGHT_THUMB,0.8819383,0.5840406,-0.6667973,0.46520507,-0.07445993,-0.26323584,0.9739825,0.9996673
32,2667,23,LEFT_HIP,0.5480406,0.6315824,0.14086513,0.10548774,0.027430082,0.07625835,0.99982303,0.9999517
32,2667,24,RIGHT_HIP,0.432285,0.62427664,-0.14017573,-0.104174174,-0.027823916,-0.07293148,0.9997795,0.99983394
32,2667,25,LEFT_KNEE,0.65318376,0.6764887,-0.6338123,0.16997316,0.20346299,-0.2347711,0.98197335,0.99994123
32,2667,26,RIGHT_KNEE,0.5496181,0.6780611,-1.1059299,0.07537309,0.11228545,-0.42851838,0.9899528,0.99995995
32,2667,27,LEFT_ANKLE,0.54123414,0.8483949,-0.36558142,0.09063733,0.5024708,-0.16891044,0.9663753,0.9995103
32,2667,28,RIGHT_ANKLE,0.5169437,0.86434746,-0.90531605,0.06502445,0.49817753,-0.3707907,0.97495204,0.9995178
32,2667,29,LEFT_HEEL,0.50713825,0.86683357,-0.34666482,0.08195362,0.5422335,-0.16864234,0.9389697,0.9990073
32,2667,30,RIGHT_HEEL,0.48766586,0.88190067,-0.8874769,0.06021521,0.5475007,-0.36759967,0.92214584,0.99876
32,2667,31,LEFT_FOOT_INDEX,0.5564417,0.9219016,-0.60776716,0.103268445,0.6275437,-0.26297933,0.9753206,0.9961755
32,2667,32,RIGHT_FOOT_INDEX,0.5612105,0.93765897,-1.1708276,0.09151766,0.6454597,-0.4716736,0.9813185,0.9957188
33,2750,0,NOSE,0.6851612,0.35935527,-0.5581757,0.2389652,-0.5453878,-0.22775474,0.9999929,0.9999138
33,2750,1,LEFT_EYE_INNER,0.6878306,0.34662893,-0.50219613,0.22804101,-0.589583,-0.20396173,0.9999894,0.9998511
33,2750,2,LEFT_EYE,0.6908368,0.3466589,-0.50220275,0.22903314,-0.5902347,-0.2031008,0.99999,0.99984884
33,2750,3,LEFT_EYE_OUTER,0.6938175,0.34664428,-0.5025781,0.22917505,-0.5912073,-0.20358087,0.9999905,0.9998416
33,2750,4,RIGHT_EYE_INNER,0.67056537,0.34499148,-0.5448284,0.20085967,-0.5815349,-0.21917312,0.9999856,0.99986553
33,2750,5,RIGHT_EYE,0.6605203,0.34392598,-0.54483217,0.20195939,-0.5817325,-0.21924008,0.999987,0.99984646
33,2750,6,RIGHT_EYE_OUTER,0.6491167,0.34283096,-0.5448282,0.20211054,-0.5838936,-0.2184537,0.99998707,0.9998104
33,2750,7,LEFT_EAR,0.67671216,0.34995288,-0.20496945,0.21428236,-0.5835741,-0.081512466,0.9999805,0.99987566
33,2750,8,RIGHT_EAR,0.614813,0.3456677,-0.3931786,0.082708575,-0.5662906,-0.16666922,0.99997646,0.99977833
33,2750,9,MOUTH_LEFT,0.68287796,0.3747715,-0.44326702,0.24402219,-0.52269715,-0.1856378,0.99999297,0.99996114
33,2750,10,MOUTH_RIGHT,0.6610707,0.3749019,-0.49744445,0.2035982,-0.51477927,-0.20772837,0.9999918,0.9999318
33,2750,11,LEFT_SHOULDER,0.6797639,0.437524,0.07234195,0.24256128,-0.386487,0.05331606,0.9999749,0.99989283
33,2750,12,RIGHT_SHOULDER,0.5268751,0.43539208,-0.46020943,0.0372652,-0.38803405,-0.19671312,0.9999657,0.99960643
33,2750,13,LEFT_ELBOW,0.6350634,0.55834085,0.053749274,0.14346196,-0.15260649,0.028074635,0.7447654,0.99960023
33,2750,14,RIGHT_ELBOW,0.61955035,0.5616128,-0.551426,0.16261144,-0.15090135,-0.20996186,0.99785924,0.99958104
33,2750,15,LEFT_WRIST,0.62184924,0.59385526,-0.19867787,0.14133383,-0.05841748,-0.082506604,0.71526843,0.9994947
33,2750,16,RIGHT_WRIST,0.81846493,0.5696918,-0.5524374,0.4027572,-0.11263244,-0.21028659,0.98889107,0.9996673
33,2750,17,LEFT_PINKY,0.6014706,0.6136616,-0.25876054,0.13192227,-0.014458755,-0.10884432,0.6625316,0.9993068
33,2750,18,RIGHT_PINKY,0.86695683,0.5731241,-0.6362254,0.45895863,-0.087074794,-0.23902124,0.9794614,0.99948466
33,2750,19,LEFT_INDEX,0.6017358,0.6044584,-0.29690734,0.13340646,-0.032878682,-0.12591763,0.65922105,0.9994023
33,2750,20,RIGHT_INDEX,0.8740807,0.5613882,-0.62326336,0.46989396,-0.13372155,-0.22711967,0.9806394,0.9995141
33,2750,21,LEFT_THUMB,0.6053674,0.59990394,-0.2235302,0.13811086,-0.05631111,-0.091170914,0.63516647,0.9995308
33,2750,22,RIGHT_THUMB,0.8590883,0.55867255,-0.5475258,0.4192693,-0.12474667,-0.20612429,0.972469,0.99964166
33,2750,23,LEFT_HIP,0.550442,0.6316608,0.13578714,0.109198816,0.027030662,0.07520125,0.9998156,0.99989367
33,2750,24,RIGHT_HIP,0.43154785,0.62417805,-0.1348786,-0.10789563,-0.027509976,-0.07173497,0.9997688,0.9996444
33,2750,25,LEFT_KNEE,0.65295756,0.6767461,-0.6988256,0.17012993,0.19697522,-0.2505729,0.98241234,0.9999263
33,2750,26,RIGHT_KNEE,0.5475946,0.67430335,-1.0942422,0.072444044,0.122515455,-0.42194712,0.99044955,0.99994934
33,2750,27,LEFT_ANKLE,0.54131395,0.84948033,-0.43188357,0.093876585,0.5014332,-0.1921505,0.96766126,0.99948263
33,2750,28,RIGHT_ANKLE,0.5162092,0.8639803,-0.87796396,0.06427972,0.49547362,-0.36722696,0.9765336,0.99949074
33,2750,29,LEFT_HEEL,0.5071844,0.867,-0.41437128,0.08529446,0.5416371,-0.19248372,0.94048643,0.99896777
33,2750,30,RIGHT_HEEL,0.48595375,0.88175124,-0.8589078,0.059657402,0.5434418,-0.36388654,0.9263902,0.99879336
33,2750,31,LEFT_FOOT_INDEX,0.5537616,0.92266643,-0.69936305,0.10376603,0.6285734,-0.29322502,0.97609705,0.99588215
33,2750,32,RIGHT_FOOT_INDEX,0.5592697,0.9374498,-1.1549364,0.087689646,0.64115494,-0.46795958,0.9823742,0.9956176
34,2833,0,NOSE,0.67629534,0.35617352,-0.4811515,0.22574355,-0.5453198,-0.20455857,0.99999225,0.99993694
34,2833,1,LEFT_EYE_INNER,0.6783721,0.34294087,-0.43229765,0.20939703,-0.58951426,-0.18233304,0.9999886,0.99989104
34,2833,2,LEFT_EYE,0.6816414,0.34287614,-0.4326657,0.2108049,-0.5902257,-0.18150303,0.9999895,0.9999008
34,2833,3,LEFT_EYE_OUTER,0.6847813,0.34279227,-0.43267795,0.21075428,-0.59121096,-0.18198255,0.99999017,0.99990463
34,2833,4,RIGHT_EYE_INNER,0.6606741,0.34180006,-0.47103792,0.183752,-0.5808824,-0.19781768,0.9999833,0.9998766
34,2833,5,RIGHT_EYE,0.6504983,0.34092444,-0.47103336,0.18508868,-0.58120453,-0.19768348,0.99998504,0.99985456
34,2833,6,RIGHT_EYE_OUTER,0.6390782,0.33994803,-0.47103775,0.18513307,-0.58350533,-0.19683962,0.9999849,0.9998191
34,2833,7,LEFT_EAR,0.66816366,0.3462041,-0.16131714,0.19220261,-0.58460104,-0.067070425,0.9999805,0.9999329
34,2833,8,RIGHT_EAR,0.60566854,0.34318602,-0.32902443,0.06386678,-0.56161016,-0.14981498,0.999972,0.9997677
34,2833,9,MOUTH_LEFT,0.6745373,0.37134853,-0.37357572,0.23253904,-0.5232835,-0.16350591,0.99999285,0.99997723
34,2833,10,MOUTH_RIGHT,0.65218896,0.37182075,-0.42308635,0.19272801,-0.51446724,-0.1852651,0.999991,0.999949
34,2833,11,LEFT_SHOULDER,0.6818055,0.43691793,0.06453397,0.2442787,-0.38295102,0.05277763,0.9999758,0.9999646
34,2833,12,RIGHT_SHOULDER,0.51011914,0.4310418,-0.38483518,0.0006409763,-0.39010102,-0.1744682,0.9999612,0.9996215
34,2833,13,LEFT_ELBOW,0.636811,0.55699426,0.00025911405,0.13538963,-0.15099311,0.01953702,0.7597862,0.9998511
34,2833,14,RIGHT_ELBOW,0.5865596,0.5544418,-0.5536456,0.114986435,-0.1524245,-0.20895998,0.9978821,0.9996388
34,2833,15,LEFT_WRIST,0.61373585,0.5911508,-0.24587786,0.10530934,-0.06981845,-0.08229661,0.7304226,0.99987066
34,2833,16,RIGHT_WRIST,0.7900113,0.54678065,-0.5995873,0.3587833,-0.14419258,-0.21899392,0.9893827,0.9998273
34,2833,17,LEFT_PINKY,0.58831227,0.6130855,-0.30771798,0.085460246,-0.021525066,-0.10478391,0.67775756,0.999764
34,2833,18,RIGHT_PINKY,0.8396831,0.54832774,-0.6910445,0.41759062,-0.11865839,-0.25088373,0.9800195,0.9997305
34,2833,19,LEFT_INDEX,0.5854851,0.6049431,-0.3343278,0.07732241,-0.039933264,-0.122521825,0.6743468,0.9998104
34,2833,20,RIGHT_INDEX,0.8460688,0.5337136,-0.67810917,0.42340806,-0.16349854,-0.23837996,0.9810566,0.99974877
34,2833,21,LEFT_THUMB,0.59147227,0.59791815,-0.2635426,0.09730974,-0.06751523,-0.089735985,0.64998245,0.99986446
34,2833,22,RIGHT_THUMB,0.83050543,0.5312191,-0.59598273,0.37404647,-0.15587549,-0.21583098,0.97261643,0.9998233
34,2833,23,LEFT_HIP,0.55393827,0.6306043,0.111811444,0.11855786,0.026917025,0.07189509,0.9998178,0.99992454
34,2833,24,RIGHT_HIP,0.43128476,0.623,-0.11074584,-0.11678225,-0.02742165,-0.067778274,0.9997687,0.9996673
34,2833,25,LEFT_KNEE,0.65270996,0.67622507,-0.72061694,0.15501302,0.1846341,-0.2593463,0.98309344,0.9999292
34,2833,26,RIGHT_KNEE,0.5431538,0.6727894,-1.0765346,0.06964694,0.1319121,-0.412911,0.9909798,0.9999509
34,2833,27,LEFT_ANKLE,0.5417785,0.84961444,-0.44415995,0.09719504,0.49891996,-0.20026104,0.9689383,0.99949265
34,2833,28,RIGHT_ANKLE,0.5163654,0.863898,-0.858587,0.075817496,0.49533722,-0.36448845,0.9780057,0.99955577
34,2833,29,LEFT_HEEL,0.5076958,0.86675626,-0.4260262,0.09039382,0.540606,-0.20037015,0.94170403,0.9989718
34,2833,30,RIGHT_HEEL,0.48891255,0.8812434,-0.8388115,0.073526986,0.5430774,-0.36119795,0.9304612,0.99889696
34,2833,31,LEFT_FOOT_INDEX,0.5493294,0.9227371,-0.7256693,0.104006104,0.63598055,-0.30951405,0.9768782,0.99584997
34,2833,32,RIGHT_FOOT_INDEX,0.55925995,0.9378564,-1.1443617,0.09372653,0.64325327,-0.46499187,0.98335516,0.9955142
35,2917,0,NOSE,0.6663854,0.3545882,-0.28599882,0.21258372,-0.5498438,-0.13741866,0.9999918,0.9998795
35,2917,1,LEFT_EYE_INNER,0.66952825,0.34100437,-0.24020773,0.20138596,-0.59281224,-0.11655021,0.9999882,0.9997998
35,2917,2,LEFT_EYE,0.672522,0.3410496,-0.24040748,0.20245518,-0.5935308,-0.115884386,0.9999894,0.9998148
35,2917,3,LEFT_EYE_OUTER,0.67572427,0.34109417,-0.24059406,0.2025319,-0.5945105,-0.11619175,0.99999005,0.99982053
35,2917,4,RIGHT_EYE_INNER,0.6519477,0.33963963,-0.27663955,0.17596304,-0.58429074,-0.13165435,0.99998206,0.9997918
35,2917,5,RIGHT_EYE,0.641476,0.33861926,-0.27682972,0.17717004,-0.5848328,-0.13186756,0.99998415,0.9997695
35,2917,6,RIGHT_EYE_OUTER,0.6296293,0.3376066,-0.2768311,0.1772171,-0.5869568,-0.13095254,0.99998397,0.9997347
35,2917,7,LEFT_EAR,0.6592982,0.34452373,0.0054270895,0.18744862,-0.5913284,-0.006362844,0.9999809,0.99988043
35,2917,8,RIGHT_EAR,0.59498787,0.3405759,-0.14875893,0.060767062,-0.5679789,-0.08334311,0.9999702,0.99973255
35,2917,9,MOUTH_LEFT,0.6640083,0.37031084,-0.18876918,0.21776727,-0.52950877,-0.098368116,0.9999925,0.999944
35,2917,10,MOUTH_RIGHT,0.64136136,0.3700046,-0.23406808,0.17939949,-0.5202234,-0.11873797,0.9999899,0.99990606
35,2917,11,LEFT_SHOULDER,0.67772686,0.4345418,0.20743419,0.24038497,-0.38519782,0.10162257,0.999975,0.99991107
35,2917,12,RIGHT_SHOULDER,0.49266374,0.42870745,-0.22391278,-0.013540949,-0.3983493,-0.11189525,0.9999575,0.9995745
35,2917,13,LEFT_ELBOW,0.6381655,0.55519587,0.15743324,0.1362195,-0.14874244,0.07309223,0.75832886,0.99950826
35,2917,14,RIGHT_ELBOW,0.55489767,0.5517031,-0.41681865,0.08243068,-0.1461091,-0.16426007,0.9977717,0.9991135
35,2917,15,LEFT_WRIST,0.6134781,0.5919226,-0.07537742,0.1154865,-0.06902128,-0.027277283,0.728141,0.9995159
35,2917,16,RIGHT_WRIST,0.75147414,0.52082235,-0.5105523,0.31564265,-0.2003666,-0.20063588,0.98970985,0.999892
35,2917,17,LEFT_PINKY,0.5912843,0.6136235,-0.119370155,0.10946631,-0.021520156,-0.04216768,0.6756476,0.9992417
35,2917,18,RIGHT_PINKY,0.8028552,0.5168521,-0.5835398,0.37651762,-0.20256858,-0.2269095,0.98035824,0.99986017
35,2917,19,LEFT_INDEX,0.5856877,0.6055373,-0.14273582,0.10680725,-0.038909387,-0.060080864,0.672258,0.9993761
35,2917,20,RIGHT_INDEX,0.8053713,0.5027596,-0.5568253,0.3727488,-0.25019908,-0.20999101,0.98123986,0.9998623
35,2917,21,LEFT_THUMB,0.5893849,0.5991286,-0.091995284,0.11123098,-0.06648392,-0.033912964,0.64782494,0.999554
35,2917,22,RIGHT_THUMB,0.7900633,0.5043119,-0.49957556,0.32761946,-0.21918419,-0.19456813,0.9725058,0.9999039
35,2917,23,LEFT_HIP,0.55530274,0.6287002,0.112533964,0.11815875,0.026544385,0.07076177,0.9998124,0.9997918
35,2917,24,RIGHT_HIP,0.43126962,0.6217169,-0.11141164,-0.11649838,-0.027118713,-0.06698496,0.9997615,0.99930406
35,2917,25,LEFT_KNEE,0.6532394,0.6738432,-0.71939224,0.1662887,0.1535211,-0.25741953,0.98355997,0.9998287
35,2917,26,RIGHT_KNEE,0.54120576,0.66598356,-1.0319054,0.065609425,0.11092824,-0.40959364,0.99163264,0.9999318
35,2917,27,LEFT_ANKLE,0.541088,0.84860975,-0.4973249,0.101015136,0.47591475,-0.21956152,0.9700344,0.99861145
35,2917,28,RIGHT_ANKLE,0.5156443,0.8650899,-0.8656077,0.07508099,0.477057,-0.36882967,0.97940516,0.9989434
35,2917,29,LEFT_HEEL,0.5084146,0.86604345,-0.48776957,0.09271695,0.5172098,-0.22133023,0.94274676,0.99723166
35,2917,30,RIGHT_HEEL,0.489672,0.8816306,-0.8471099,0.07267578,0.52385545,-0.36571005,0.9349588,0.9971328
35,2917,31,LEFT_FOOT_INDEX,0.54587126,0.91926754,-0.76695085,0.103620924,0.6153675,-0.3268213,0.9773987,0.9877587
35,2917,32,RIGHT_FOOT_INDEX,0.561602,0.93839777,-1.1279162,0.09571957,0.62585515,-0.46518993,0.98423505,0.9871788
36,3000,0,NOSE,0.6553016,0.35227743,-0.34262642,0.21009713,-0.5670999,-0.14756192,0.99999076,0.9998977
36,3000,1,LEFT_EYE_INNER,0.6582623,0.33779463,-0.29073828,0.2009605,-0.6090372,-0.12484856,0.9999869,0.99983525
36,3000,2,LEFT_EYE,0.6616345,0.3378374,-0.2909297,0.20197666,-0.6097782,-0.12412583,0.99998856,0.9998511
36,3000,3,LEFT_EYE_OUTER,0.66521716,0.33786577,-0.29095286,0.20202641,-0.6103275,-0.12448189,0.9999891,0.9998568
36,3000,4,RIGHT_EYE_INNER,0.64098674,0.33651012,-0.32739842,0.1749981,-0.60160327,-0.14032672,0.99997884,0.9998104
36,3000,5,RIGHT_EYE,0.6303528,0.3354947,-0.32758614,0.1760712,-0.60189015,-0.14064348,0.99998176,0.99978346
36,3000,6,RIGHT_EYE_OUTER,0.6186376,0.33452633,-0.32741594,0.17615186,-0.6038881,-0.13985965,0.999981,0.9997367
36,3000,7,LEFT_EAR,0.6502746,0.34151873,-0.028795248,0.18675397,-0.60615915,-0.009986515,0.9999804,0.9999083
36,3000,8,RIGHT_EAR,0.5834609,0.33768824,-0.1861266,0.058483593,-0.58592546,-0.08982337,0.9999642,0.9997131
36,3000,9,MOUTH_LEFT,0.654431,0.3684551,-0.24208666,0.21354954,-0.5468522,-0.1078566,0.9999917,0.99995387
36,3000,10,MOUTH_RIGHT,0.6319751,0.3679828,-0.28834894,0.17480381,-0.53814536,-0.12886956,0.9999882,0.99991715
36,3000,11,LEFT_SHOULDER,0.66260237,0.4312645,0.16596828,0.2397337,-0.3949354,0.09441412,0.999974,0.99992275
36,3000,12,RIGHT_SHOULDER,0.48151305,0.42708436,-0.25571513,-0.028780114,-0.4132874,-0.12103824,0.99994606,0.99936384
36,3000,13,LEFT_ELBOW,0.63889337,0.54559433,0.08919826,0.15765369,-0.15797639,0.05902257,0.76559657,0.99968743
36,3000,14,RIGHT_ELBOW,0.53224254,0.54729915,-0.48275167,0.06729908,-0.16270632,-0.1702823,0.99760455,0.9988752
36,3000,15,LEFT_WRIST,0.6133318,0.5941647,-0.17697401,0.14296089,-0.055601813,-0.05182309,0.7339071,0.9995745
36,3000,16,RIGHT_WRIST,0.71862733,0.49818724,-0.58079755,0.29117283,-0.23773558,-0.22089909,0.9899693,0.99988854
36,3000,17,LEFT_PINKY,0.59355253,0.6201544,-0.23146851,0.13803202,-0.00094361394,-0.06850579,0.6805114,0.99929035
36,3000,18,RIGHT_PINKY,0.7703432,0.49390778,-0.64925045,0.35076126,-0.24161384,-0.24580781,0.98058486,0.99986756
36,3000,19,LEFT_INDEX,0.5858538,0.6127487,-0.25819725,0.12597068,-0.013385233,-0.089650474,0.6772261,0.99943405
36,3000,20,RIGHT_INDEX,0.77080995,0.48131627,-0.5662409,0.3464604,-0.2870006,-0.22192651,0.9812964,0.9998766
36,3000,21,LEFT_THUMB,0.5878102,0.6056524,-0.1959724,0.13437434,-0.049690053,-0.060035825,0.6535601,0.9995728
36,3000,22,RIGHT_THUMB,0.75521284,0.48039564,-0.56218517,0.30260938,-0.2547888,-0.21231405,0.97222227,0.9999125
36,3000,23,LEFT_HIP,0.5542622,0.62703186,0.11036512,0.11844856,0.025038866,0.069994286,0.9998157,0.9998727
36,3000,24,RIGHT_HIP,0.42920974,0.62097514,-0.109280735,-0.116888285,-0.025700342,-0.06642327,0.9997562,0.9994766
36,3000,25,LEFT_KNEE,0.6549063,0.67488396,-0.7028996,0.17554565,0.15708405,-0.25640726,0.9842065,0.9998876
36,3000,26,RIGHT_KNEE,0.53477913,0.6662145,-0.9879364,0.06575033,0.11505283,-0.39821914,0.9921793,0.9999292
36,3000,27,LEFT_ANKLE,0.54217654,0.8471962,-0.48189372,0.10428763,0.4782683,-0.21650451,0.9714403,0.9992387
36,3000,28,RIGHT_ANKLE,0.51500636,0.86279726,-0.8088337,0.072363764,0.47832313,-0.35560423,0.98062986,0.99916065
36,3000,29,LEFT_HEEL,0.51222515,0.8646313,-0.47077152,0.09525353,0.5193671,-0.21815012,0.9443181,0.9983707
36,3000,30,RIGHT_HEEL,0.4894836,0.8784399,-0.7926706,0.06894466,0.52516216,-0.35273722,0.93852615,0.99793327
36,3000,31,LEFT_FOOT_INDEX,0.5459641,0.92079294,-0.75651467,0.104663424,0.62098026,-0.32338694,0.97821957,0.99390244
36,3000,32,RIGHT_FOOT_INDEX,0.55306923,0.9374816,-1.071597,0.0932002,0.6273533,-0.45025387,0.9849703,0.9925103
37,3083,0,NOSE,0.6454653,0.35009024,-0.3480745,0.19941433,-0.5802295,-0.1533143,0.99998975,0.999884
37,3083,1,LEFT_EYE_INNER,0.6478418,0.33591014,-0.29452574,0.19351734,-0.62075365,-0.12955621,0.9999856,0.9998134
37,3083,2,LEFT_EYE,0.6514787,0.33591485,-0.29454947,0.19451863,-0.621512,-0.12882064,0.9999878,0.99983656
37,3083,3,LEFT_EYE_OUTER,0.6549773,0.33586434,-0.294553,0.19463374,-0.6223753,-0.12925313,0.99998826,0.99984765
37,3083,4,RIGHT_EYE_INNER,0.6300456,0.33457154,-0.32333285,0.16567689,-0.61355984,-0.14385967,0.9999755,0.9997584
37,3083,5,RIGHT_EYE,0.6194104,0.33366293,-0.32335138,0.16668738,-0.6138094,-0.14420027,0.9999792,0.99971086
37,3083,6,RIGHT_EYE_OUTER,0.60766464,0.33280277,-0.32316342,0.16672626,-0.6157946,-0.14344501,0.99997765,0.99964166
37,3083,7,LEFT_EAR,0.64038396,0.34004024,-0.0335556,0.18662274,-0.61395603,-0.0128554115,0.99998033,0.9999118
37,3083,8,RIGHT_EAR,0.572087,0.336232,-0.15428159,0.051840875,-0.5935224,-0.08481772,0.999955,0.9996049
37,3083,9,MOUTH_LEFT,0.64497083,0.3661496,-0.25020528,0.20561095,-0.5587948,-0.11368874,0.99999124,0.9999502
37,3083,10,MOUTH_RIGHT,0.62271416,0.36587355,-0.28620717,0.16478291,-0.5501411,-0.13300362,0.99998635,0.99989104
37,3083,11,LEFT_SHOULDER,0.66189367,0.4313229,0.121110246,0.24444316,-0.398941,0.07865765,0.9999738,0.99993896
37,3083,12,RIGHT_SHOULDER,0.47455186,0.42342162,-0.19677915,-0.046310633,-0.4194514,-0.10872643,0.9999263,0.9987649
37,3083,13,LEFT_ELBOW,0.6479593,0.5447247,0.005361125,0.18984641,-0.16178676,0.0213677,0.78347516,0.99974877
37,3083,14,RIGHT_ELBOW,0.49993446,0.5434841,-0.4674688,0.027366754,-0.17444777,-0.17878458,0.9971537,0.99797314
37,3083,15,LEFT_WRIST,0.6105434,0.59705937,-0.22467381,0.14503014,-0.052045498,-0.076703675,0.75124764,0.99972624
37,3083,16,RIGHT_WRIST,0.68242776,0.4794298,-0.6268581,0.23824918,-0.26700467,-0.24745333,0.9898127,0.99984026
37,3083,17,LEFT_PINKY,0.5896331,0.6213531,-0.2805024,0.13535076,0.004728762,-0.09381382,0.69665587,0.99943846
37,3083,18,RIGHT_PINKY,0.73226786,0.46864995,-0.70258856,0.296616,-0.27507997,-0.27334303,0.9798505,0.9998191
37,3083,19,LEFT_INDEX,0.5776435,0.613001,-0.29472348,0.11746746,-0.008494491,-0.11258534,0.6932655,0.99958104
37,3083,20,RIGHT_INDEX,0.731985,0.4581166,-0.6456421,0.29170603,-0.31851438,-0.24694645,0.98026323,0.9998273
37,3083,21,LEFT_THUMB,0.5807305,0.6061771,-0.23586091,0.13371456,-0.045484383,-0.08285988,0.6703515,0.9996923
37,3083,22,RIGHT_THUMB,0.71460944,0.45853966,-0.6111413,0.2496293,-0.28372735,-0.23825198,0.9704052,0.9998776
37,3083,23,LEFT_HIP,0.5538995,0.62398475,0.090733804,0.11966889,0.023071986,0.06608967,0.9998138,0.9998511
37,3083,24,RIGHT_HIP,0.42887333,0.61850417,-0.08958826,-0.11816636,-0.02381739,-0.062741384,0.99974173,0.9991374
37,3083,25,LEFT_KNEE,0.64955145,0.67422426,-0.7004149,0.17275663,0.15579043,-0.2581511,0.9842134,0.999764
37,3083,26,RIGHT_KNEE,0.5310907,0.6666741,-0.93810546,0.058346104,0.12343773,-0.3871689,0.99245137,0.99981624
37,3083,27,LEFT_ANKLE,0.54204804,0.84563065,-0.52162087,0.10659093,0.47975126,-0.22997727,0.9714147,0.99847525
37,3083,28,RIGHT_ANKLE,0.51457936,0.8627952,-0.7889257,0.06799746,0.48852667,-0.3539751,0.98105377,0.9980882
37,3083,29,LEFT_HEEL,0.5131851,0.8627971,-0.514035,0.09853622,0.5223683,-0.23279114,0.9433497,0.9967269
37,3083,30,RIGHT_HEEL,0.48947653,0.8784981,-0.77580404,0.06491056,0.53532106,-0.3518599,0.9404093,0.9951137
37,3083,31,LEFT_FOOT_INDEX,0.5457449,0.9204901,-0.80132955,0.10818321,0.6229726,-0.3416021,0.9779319,0.98922324
37,3083,32,RIGHT_FOOT_INDEX,0.5533374,0.9375515,-1.0551404,0.0921522,0.6304565,-0.45013198,0.9848887,0.9843364
38,3167,0,NOSE,0.6331091,0.34848014,-0.28880188,0.19188695,-0.59193206,-0.1333645,0.9999901,0.9999509
38,3167,1,LEFT_EYE_INNER,0.63643146,0.33429083,-0.2338176,0.18162212,-0.63127244,-0.10868563,0.99998605,0.9999118
38,3167,2,LEFT_EYE,0.640152,0.33426586,-0.23399583,0.18295346,-0.6323748,-0.107903376,0.99998826,0.99992275
38,3167,3,LEFT_EYE_OUTER,0.6438216,0.3341297,-0.23399252,0.18297337,-0.6333518,-0.108439274,0.99998873,0.9999269
38,3167,4,RIGHT_EYE_INNER,0.6182429,0.33309573,-0.26139185,0.15518853,-0.62390715,-0.12309248,0.999976,0.9998766
38,3167,5,RIGHT_EYE,0.60764265,0.3322522,-0.2615714,0.1563622,-0.62411857,-0.12308215,0.9999796,0.99984527
38,3167,6,RIGHT_EYE_OUTER,0.5966441,0.33157963,-0.26138118,0.15634133,-0.6265256,-0.12240497,0.9999779,0.9997998
38,3167,7,LEFT_EAR,0.63173604,0.3382087,0.02994241,0.16929671,-0.61951894,0.0065812166,0.99998146,0.99995697
38,3167,8,RIGHT_EAR,0.5631792,0.33493558,-0.089772254,0.037636656,-0.59888595,-0.065683685,0.9999536,0.9997584
38,3167,9,MOUTH_LEFT,0.63270575,0.36413038,-0.19083945,0.19747789,-0.56935436,-0.09437632,0.99999154,0.9999738
38,3167,10,MOUTH_RIGHT,0.61258984,0.36427313,-0.2259902,0.15740405,-0.56017214,-0.11309187,0.9999864,0.99993896
38,3167,11,LEFT_SHOULDER,0.657252,0.4306702,0.14765325,0.23947968,-0.4018456,0.0816499,0.9999749,0.9999678
38,3167,12,RIGHT_SHOULDER,0.4620978,0.41796762,-0.11975346,-0.06345928,-0.42870057,-0.08102792,0.9999127,0.9988708
38,3167,13,LEFT_ELBOW,0.6503206,0.541963,0.026135352,0.18822362,-0.17057075,0.023888526,0.8006512,0.99988127
38,3167,14,RIGHT_ELBOW,0.48009282,0.5365039,-0.46962574,-0.010414266,-0.18538176,-0.18318981,0.9965672,0.99849296
38,3167,15,LEFT_WRIST,0.6095738,0.5983044,-0.21666777,0.13837413,-0.052192323,-0.076363154,0.770693,0.9998785
38,3167,16,RIGHT_WRIST,0.64544374,0.45955318,-0.7581791,0.19360599,-0.30574477,-0.29461342,0.99001896,0.9999335
38,3167,17,LEFT_PINKY,0.58905065,0.62301123,-0.27552184,0.12392819,0.011123593,-0.09337287,0.71725124,0.99970406
38,3167,18,RIGHT_PINKY,0.69235265,0.44879794,-0.84683305,0.25116333,-0.31296968,-0.3228547,0.9801869,0.99992394
38,3167,19,LEFT_INDEX,0.57498395,0.61425656,-0.29297033,0.097482674,0.0004107428,-0.11190472,0.7138688,0.99979657
38,3167,20,RIGHT_INDEX,0.6917301,0.4352982,-0.8077904,0.24645537,-0.35471177,-0.2993985,0.980407,0.99993026
38,3167,21,LEFT_THUMB,0.5781832,0.6063034,-0.22910047,0.122658804,-0.04528767,-0.08248518,0.69182,0.9998568
38,3167,22,RIGHT_THUMB,0.67215776,0.4393596,-0.7466425,0.20572743,-0.32159698,-0.28649417,0.9704112,0.99995244
38,3167,23,LEFT_HIP,0.55532384,0.6233209,0.08527425,0.12468757,0.022642972,0.0659658,0.9998235,0.9999292
38,3167,24,RIGHT_HIP,0.4288624,0.6179244,-0.0841738,-0.12267635,-0.023401028,-0.06238302,0.9997464,0.99954176
38,3167,25,LEFT_KNEE,0.6517483,0.6735064,-0.7623797,0.17049605,0.15986699,-0.27465218,0.9846849,0.99988854
38,3167,26,RIGHT_KNEE,0.530992,0.6671654,-0.9613045,0.058678173,0.13196658,-0.38907745,0.99281013,0.9998894
38,3167,27,LEFT_ANKLE,0.5416454,0.84584665,-0.62862766,0.10860697,0.4853683,-0.27442434,0.97234976,0.99941385
38,3167,28,RIGHT_ANKLE,0.51451766,0.8627542,-0.80459493,0.06960747,0.4930955,-0.37130427,0.9818749,0.9991272
38,3167,29,LEFT_HEEL,0.51402086,0.86196023,-0.6253256,0.101251274,0.528358,-0.27977905,0.9447981,0.9986749
38,3167,30,RIGHT_HEEL,0.48948267,0.8784779,-0.798581,0.06673357,0.54010135,-0.37083006,0.9430472,0.997783
38,3167,31,LEFT_FOOT_INDEX,0.5461333,0.92072296,-0.92535704,0.111944415,0.63627094,-0.39320827,0.9785481,0.99495924
38,3167,32,RIGHT_FOOT_INDEX,0.5499035,0.9361313,-1.0846906,0.08637877,0.6410649,-0.46919328,0.98530114,0.9923638
39,3250,0,NOSE,0.62203735,0.3466267,-0.25352123,0.18288034,-0.599698,-0.120723866,0.99999064,0.99996996
39,3250,1,LEFT_EYE_INNER,0.6263829,0.33255133,-0.19782393,0.17294669,-0.63721603,-0.096013695,0.9999868,0.999944
39,3250,2,LEFT_EYE,0.63055533,0.3326289,-0.19801371,0.17431504,-0.63843274,-0.09522229,0.999989,0.9999505
39,3250,3,LEFT_EYE_OUTER,0.63462985,0.3326543,-0.19801195,0.1742943,-0.6394317,-0.09577392,0.9999894,0.9999528
39,3250,4,RIGHT_EYE_INNER,0.60800993,0.33124346,-0.22373293,0.14658336,-0.6310191,-0.10931435,0.9999771,0.99991584
39,3250,5,RIGHT_EYE,0.59713507,0.3302318,-0.22392333,0.1477334,-0.6308905,-0.10930015,0.99998057,0.9998902
39,3250,6,RIGHT_EYE_OUTER,0.5854186,0.32944262,-0.2237327,0.1476216,-0.63339335,-0.10868525,0.9999787,0.9998535
39,3250,7,LEFT_EAR,0.62503546,0.33667678,0.071260095,0.1639775,-0.62219226,0.02017452,0.99998283,0.99997115
39,3250,8,RIGHT_EAR,0.5511191,0.33240077,-0.0424912,0.030311517,-0.6047995,-0.04748228,0.99995404,0.99980134
39,3250,9,MOUTH_LEFT,0.6216487,0.3621462,-0.15323989,0.18924351,-0.5762302,-0.080920696,0.99999195,0.9999794
39,3250,10,MOUTH_RIGHT,0.6011108,0.36206368,-0.18668444,0.14876331,-0.5678504,-0.098223135,0.99998677,0.9999505
39,3250,11,LEFT_SHOULDER,0.65698886,0.43017977,0.17232826,0.2375702,-0.407873,0.085574634,0.9999764,0.99997663
39,3250,12,RIGHT_SHOULDER,0.44985268,0.4143405,-0.04912074,-0.075849794,-0.44037852,-0.048683517,0.9999033,0.9988531
39,3250,13,LEFT_ELBOW,0.651582,0.5371119,0.032450296,0.18409526,-0.17922616,0.024134966,0.81804895,0.99992454
39,3250,14,RIGHT_ELBOW,0.4670377,0.52998877,-0.42142695,-0.035197224,-0.20535292,-0.17201312,0.9957773,0.9987306
39,3250,15,LEFT_WRIST,0.60745734,0.5984967,-0.21379621,0.12466662,-0.05390458,-0.078763835,0.79047376,0.999943
39,3250,16,RIGHT_WRIST,0.618383,0.4453094,-0.76172477,0.15029283,-0.33538032,-0.2950281,0.99000794,0.9999435
39,3250,17,LEFT_PINKY,0.5874396,0.62373745,-0.27591017,0.10726766,0.012999727,-0.09645255,0.73898953,0.99983394
39,3250,18,RIGHT_PINKY,0.6615192,0.43217745,-0.85426325,0.20517924,-0.34393564,-0.3240715,0.98020005,0.99993134
39,3250,19,LEFT_INDEX,0.5712492,0.61481774,-0.29357988,0.07703593,0.0038646453,-0.11442374,0.7358007,0.99989104
39,3250,20,RIGHT_INDEX,0.6530384,0.41928163,-0.81975275,0.20193474,-0.38089946,-0.30246273,0.98023754,0.99993944
39,3250,21,LEFT_THUMB,0.5740557,0.60651505,-0.22609948,0.106545605,-0.04549407,-0.084430076,0.7149002,0.999928
39,3250,22,RIGHT_THUMB,0.64022475,0.42459655,-0.7531311,0.16322078,-0.3492383,-0.28787583,0.97009873,0.99995995
39,3250,23,LEFT_HIP,0.5574717,0.6229117,0.07710238,0.12834506,0.022130081,0.06388982,0.99983066,0.99989605
39,3250,24,RIGHT_HIP,0.42908177,0.6178271,-0.076006256,-0.12617363,-0.022934018,-0.059947655,0.9997494,0.9994
39,3250,25,LEFT_KNEE,0.64462936,0.67375475,-0.77565664,0.15470381,0.17182052,-0.28285673,0.9849293,0.99986553
39,3250,26,RIGHT_KNEE,0.5261971,0.6673087,-0.9660443,0.052797176,0.12985437,-0.3900502,0.9931141,0.99986446
39,3250,27,LEFT_ANKLE,0.5416953,0.8466962,-0.70252734,0.1090302,0.49043715,-0.31011692,0.9726397,0.9992206
39,3250,28,RIGHT_ANKLE,0.5142722,0.8624002,-0.8743928,0.067380264,0.49642095,-0.3987852,0.98238033,0.998844
39,3250,29,LEFT_HEEL,0.5159751,0.8619176,-0.7058683,0.10328285,0.53328997,-0.31835756,0.94548666,0.9982248
39,3250,30,RIGHT_HEEL,0.48947933,0.87831086,-0.8696958,0.06553426,0.5452748,-0.40144983,0.94518137,0.9969246
39,3250,31,LEFT_FOOT_INDEX,0.5473372,0.9207956,-1.015442,0.11865752,0.63660973,-0.43492946,0.9788315,0.99401975
39,3250,32,RIGHT_FOOT_INDEX,0.54741615,0.93517035,-1.1665881,0.077813126,0.6429707,-0.5031784,0.98543334,0.9898303
40,3333,0,NOSE,0.6116778,0.34415716,-0.25534245,0.1718139,-0.6076442,-0.116522774,0.9999911,0.9999707
40,3333,1,LEFT_EYE_INNER,0.61684406,0.32999605,-0.19905426,0.16599452,-0.64524144,-0.0923316,0.99998736,0.9999435
40,3333,2,LEFT_EYE,0.6213476,0.33015397,-0.19924459,0.16702554,-0.6461839,-0.091583796,0.9999895,0.9999497
40,3333,3,LEFT_EYE_OUTER,0.6261392,0.3303612,-0.19924445,0.16707759,-0.6467871,-0.09204524,0.99998987,0.9999517
40,3333,4,RIGHT_EYE_INNER,0.5985712,0.3287014,-0.22513567,0.13900043,-0.6401816,-0.10523846,0.9999779,0.9999151
40,3333,5,RIGHT_EYE,0.58818626,0.3276886,-0.22532603,0.1400805,-0.64038426,-0.105504766,0.99998116,0.9998876
40,3333,6,RIGHT_EYE_OUTER,0.5764926,0.32688636,-0.22530384,0.13998929,-0.642497,-0.10475959,0.9999792,0.99984884
40,3333,7,LEFT_EAR,0.6172867,0.3352185,0.071698695,0.1605314,-0.6295579,0.024260325,0.9999839,0.99996996
40,3333,8,RIGHT_EAR,0.54209405,0.3296965,-0.04398013,0.02597554,-0.61696017,-0.041586787,0.9999531,0.9997818
40,3333,9,MOUTH_LEFT,0.6120385,0.35991508,-0.1545623,0.17692605,-0.5839965,-0.076869845,0.9999922,0.99997723
40,3333,10,MOUTH_RIGHT,0.59054875,0.35940254,-0.18850651,0.13684247,-0.5769566,-0.09348413,0.99998695,0.9999465
40,3333,11,LEFT_SHOULDER,0.65026397,0.42693686,0.16852817,0.22868557,-0.42020664,0.08569463,0.9999776,0.99997354
40,3333,12,RIGHT_SHOULDER,0.4413629,0.4121388,-0.040369008,-0.085125536,-0.44770154,-0.03765146,0.9998899,0.9985562
40,3333,13,LEFT_ELBOW,0.65145797,0.5325577,0.035640612,0.1821226,-0.19129948,0.023612231,0.8334327,0.9999349
40,3333,14,RIGHT_ELBOW,0.45471585,0.52652574,-0.41876137,-0.054766525,-0.21363293,-0.16853264,0.9951219,0.9987551
40,3333,15,LEFT_WRIST,0.6042926,0.598505,-0.21591017,0.11562235,-0.057114363,-0.0828047,0.80862564,0.99995124
40,3333,16,RIGHT_WRIST,0.5941099,0.43775305,-0.79036266,0.12621298,-0.3533598,-0.3043213,0.9902072,0.999956
40,3333,17,LEFT_PINKY,0.5855949,0.6237702,-0.28113312,0.10141333,0.012399223,-0.102160394,0.75946695,0.99984884
40,3333,18,RIGHT_PINKY,0.6349018,0.41934675,-0.8862941,0.18233962,-0.36946926,-0.3356323,0.9806376,0.999944
40,3333,19,LEFT_INDEX,0.5687742,0.6147858,-0.2994939,0.071901664,0.0026992066,-0.11972542,0.7564713,0.9999001
40,3333,20,RIGHT_INDEX,0.6269416,0.40747032,-0.8519528,0.18092015,-0.40870258,-0.31507984,0.9805481,0.9999521
40,3333,21,LEFT_THUMB,0.5709581,0.60639393,-0.22791384,0.09788629,-0.047682945,-0.08836493,0.73684967,0.99993396
40,3333,22,RIGHT_THUMB,0.6146642,0.41424793,-0.78272283,0.14027606,-0.36977765,-0.2982296,0.9704783,0.99996877
40,3333,23,LEFT_HIP,0.55827725,0.6227282,0.0717032,0.12816885,0.01965982,0.059422623,0.9998357,0.99990463
40,3333,24,RIGHT_HIP,0.42846155,0.61783063,-0.07067916,-0.12607904,-0.020514403,-0.055932567,0.999746,0.9994093
40,3333,25,LEFT_KNEE,0.64467365,0.6730076,-0.8183036,0.15739205,0.16582097,-0.29719692,0.98498607,0.9998416
40,3333,26,RIGHT_KNEE,0.52087456,0.6673408,-0.9705048,0.049952548,0.12825954,-0.39059836,0.9932139,0.9998029
40,3333,27,LEFT_ANKLE,0.54407924,0.8458536,-0.71378714,0.1098662,0.48454574,-0.3092938,0.9722495,0.9990854
40,3333,28,RIGHT_ANKLE,0.51414865,0.86178386,-0.8798798,0.057284717,0.49634033,-0.39782906,0.9822004,0.9981828
40,3333,29,LEFT_HEEL,0.5203846,0.8617814,-0.71296453,0.10418641,0.5267334,-0.3154354,0.9449733,0.9979652
40,3333,30,RIGHT_HEEL,0.49094534,0.8783015,-0.87299734,0.05535108,0.5451292,-0.39970046,0.9456302,0.99549675
40,3333,31,LEFT_FOOT_INDEX,0.5482229,0.9207759,-1.0169646,0.11867022,0.62478215,-0.4285566,0.9786506,0.9936365
40,3333,32,RIGHT_FOOT_INDEX,0.5442627,0.93269265,-1.1702323,0.06729469,0.6397067,-0.5020456,0.9849922,0.98662347
41,3417,0,NOSE,0.6050148,0.3428741,-0.2177134,0.17156395,-0.6080703,-0.10250171,0.99999136,0.9999621
41,3417,1,LEFT_EYE_INNER,0.6105494,0.3289556,-0.15870246,0.16381681,-0.6447414,-0.07770024,0.9999874,0.99992454
41,3417,2,LEFT_EYE,0.6152645,0.32907328,-0.15889455,0.1649727,-0.64585674,-0.07696775,0.9999896,0.9999318
41,3417,3,LEFT_EYE_OUTER,0.61958027,0.32928947,-0.15880269,0.16491957,-0.64641756,-0.07745068,0.99999,0.9999329
41,3417,4,RIGHT_EYE_INNER,0.59150785,0.32753608,-0.18886085,0.13802174,-0.63977087,-0.092273824,0.9999777,0.999892
41,3417,5,RIGHT_EYE,0.5814355,0.3264917,-0.18905328,0.13919872,-0.6400312,-0.09232209,0.99998105,0.9998591
41,3417,6,RIGHT_EYE_OUTER,0.5695363,0.3253933,-0.188965,0.13900612,-0.64234746,-0.09174114,0.9999789,0.9998134
41,3417,7,LEFT_EAR,0.61186856,0.3343914,0.11586203,0.15174447,-0.6284151,0.03897996,0.99998444,0.9999567
41,3417,8,RIGHT_EAR,0.5334151,0.32726946,-0.018404031,0.021112321,-0.61577606,-0.034487285,0.99994934,0.9997347
41,3417,9,MOUTH_LEFT,0.60662967,0.358819,-0.11601418,0.17490858,-0.58422047,-0.062408213,0.99999213,0.9999654
41,3417,10,MOUTH_RIGHT,0.5828325,0.35764998,-0.15543184,0.13578728,-0.57729495,-0.081230216,0.9999864,0.9999286
41,3417,11,LEFT_SHOULDER,0.6436705,0.42317057,0.19672377,0.21955428,-0.420167,0.09454123,0.99997807,0.99995244
41,3417,12,RIGHT_SHOULDER,0.42811254,0.41042024,-0.015491055,-0.0948451,-0.44755626,-0.028266884,0.999872,0.99827254
41,3417,13,LEFT_ELBOW,0.6491518,0.52731055,0.052789416,0.16344541,-0.19413921,0.026014142,0.8455287,0.9999008
41,3417,14,RIGHT_ELBOW,0.4470754,0.5221068,-0.39204916,-0.05316492,-0.22096604,-0.15640347,0.9943903,0.99884856
41,3417,15,LEFT_WRIST,0.59967065,0.5986191,-0.2139612,0.10752315,-0.059023045,-0.08238283,0.82183117,0.9999076
41,3417,16,RIGHT_WRIST,0.5733239,0.42760366,-0.76382047,0.11649855,-0.3794389,-0.2995086,0.9903254,0.99995995
41,3417,17,LEFT_PINKY,0.58106494,0.62412035,-0.2782608,0.09542052,0.014322889,-0.101746164,0.7724154,0.9997367
41,3417,18,RIGHT_PINKY,0.6072889,0.4068357,-0.85514504,0.1700757,-0.3958732,-0.32926115,0.98100144,0.9999465
41,3417,19,LEFT_INDEX,0.56490725,0.61485815,-0.29771498,0.06536806,0.007938487,-0.11805603,0.76958364,0.99982053
41,3417,20,RIGHT_INDEX,0.6003462,0.3949599,-0.8203468,0.16491827,-0.4314782,-0.31359765,0.9808212,0.9999535
41,3417,21,LEFT_THUMB,0.56493205,0.60650957,-0.22498114,0.089617684,-0.04779243,-0.08788935,0.7511518,0.9998785
41,3417,22,RIGHT_THUMB,0.5917251,0.40160888,-0.7536721,0.12793955,-0.3947813,-0.29523233,0.9708642,0.9999702
41,3417,23,LEFT_HIP,0.5590213,0.6217701,0.06518323,0.13154604,0.017316775,0.05834448,0.9998394,0.99989367
41,3417,24,RIGHT_HIP,0.4255138,0.617324,-0.06413839,-0.12945433,-0.018290013,-0.054521706,0.99974203,0.9993905
41,3417,25,LEFT_KNEE,0.6418205,0.66707194,-0.8731793,0.15347998,0.16554454,-0.31246644,0.984909,0.9998727
41,3417,26,RIGHT_KNEE,0.51943713,0.6653924,-0.99452335,0.0476176,0.1295588,-0.39343014,0.9931994,0.999826
41,3417,27,LEFT_ANKLE,0.5442878,0.84531534,-0.750529,0.11932762,0.48051667,-0.32305726,0.97172844,0.99918
41,3417,28,RIGHT_ANKLE,0.51409525,0.8616462,-0.8894318,0.060605213,0.49672154,-0.40187213,0.9814625,0.9983321
41,3417,29,LEFT_HEEL,0.52070713,0.8613722,-0.74763405,0.11676318,0.5231417,-0.3285962,0.9435596,0.99816847
41,3417,30,RIGHT_HEEL,0.49121594,0.8780878,-0.8814621,0.060874842,0.5458864,-0.4037471,0.94506955,0.9959771
41,3417,31,LEFT_FOOT_INDEX,0.548055,0.9206549,-1.0643153,0.13043249,0.6230194,-0.4472942,0.9783848,0.9943581
41,3417,32,RIGHT_FOOT_INDEX,0.5440066,0.9321432,-1.1916009,0.06933662,0.6425269,-0.50945383,0.984115,0.9874721
42,3500,0,NOSE,0.5980723,0.34276277,-0.22856651,0.16288963,-0.60864544,-0.10377458,0.9999915,0.9999676
42,3500,1,LEFT_EYE_INNER,0.6034407,0.32877502,-0.17166038,0.153426,-0.64478785,-0.07968729,0.9999873,0.999936
42,3500,2,LEFT_EYE,0.60817754,0.32879835,-0.17185204,0.15461797,-0.64599603,-0.07898494,0.9999896,0.9999417
42,3500,3,LEFT_EYE_OUTER,0.61298317,0.32887283,-0.17176178,0.15454587,-0.64674395,-0.079407506,0.9999899,0.9999422
42,3500,4,RIGHT_EYE_INNER,0.58247524,0.32750183,-0.20121458,0.12818402,-0.6398379,-0.09417977,0.9999771,0.9999069
42,3500,5,RIGHT_EYE,0.5715866,0.32646066,-0.20140594,0.12936462,-0.6401401,-0.0942075,0.99998057,0.9998766
42,3500,6,RIGHT_EYE_OUTER,0.5590869,0.3253846,-0.20138244,0.1290543,-0.6425375,-0.09363805,0.9999782,0.99983525
42,3500,7,LEFT_EAR,0.60710186,0.3338117,0.10371943,0.14090034,-0.62831354,0.03721799,0.99998474,0.9999615
42,3500,8,RIGHT_EAR,0.5229231,0.327479,-0.02792216,0.010876179,-0.6157647,-0.036143992,0.9999447,0.99974877
42,3500,9,MOUTH_LEFT,0.6017601,0.35898226,-0.12518723,0.16664374,-0.58543015,-0.06305252,0.9999919,0.9999671
42,3500,10,MOUTH_RIGHT,0.5756243,0.35782245,-0.16381148,0.12777019,-0.57809144,-0.08189156,0.9999857,0.9999318
42,3500,11,LEFT_SHOULDER,0.6408343,0.42099053,0.19403994,0.21373597,-0.42663088,0.09516464,0.99997884,0.999956
42,3500,12,RIGHT_SHOULDER,0.41864857,0.40832266,-0.0064528864,-0.10230002,-0.45131657,-0.02381428,0.99985594,0.9983897
42,3500,13,LEFT_ELBOW,0.64739406,0.52540433,0.057070665,0.15510726,-0.20087679,0.026244044,0.85671955,0.99991035
42,3500,14,RIGHT_ELBOW,0.43788913,0.5160472,-0.3722782,-0.063929945,-0.2389684,-0.14748132,0.993796,0.999015
42,3500,15,LEFT_WRIST,0.5996489,0.5985481,-0.21579039,0.1084141,-0.062454306,-0.08485674,0.8342482,0.99992156
42,3500,16,RIGHT_WRIST,0.5597131,0.41790405,-0.76056004,0.099832855,-0.40209046,-0.29430553,0.9904115,0.9999596
42,3500,17,LEFT_PINKY,0.58123827,0.62410796,-0.28373024,0.09611461,0.014111172,-0.1046181,0.7849792,0.99977654
42,3500,18,RIGHT_PINKY,0.591739,0.39396203,-0.84925395,0.15296796,-0.41918787,-0.32536516,0.9812798,0.9999403
42,3500,19,LEFT_INDEX,0.5651398,0.6146018,-0.30393896,0.06735718,0.009523078,-0.12158151,0.7823589,0.9998416
42,3500,20,RIGHT_INDEX,0.58553004,0.38291195,-0.81071305,0.14827465,-0.4534106,-0.3115023,0.98102796,0.99994934
42,3500,21,LEFT_THUMB,0.56559914,0.606232,-0.22904254,0.09123137,-0.048883352,-0.09090405,0.7649703,0.9998945
42,3500,22,RIGHT_THUMB,0.57788855,0.3895267,-0.746874,0.11180364,-0.41695884,-0.29187766,0.9712066,0.9999678
42,3500,23,LEFT_HIP,0.559797,0.62038434,0.058130164,0.13360439,0.015419341,0.056387078,0.99984246,0.9998876
42,3500,24,RIGHT_HIP,0.42377087,0.6171385,-0.057072815,-0.13153842,-0.016494201,-0.05233728,0.9997356,0.9993761
42,3500,25,LEFT_KNEE,0.6413858,0.6663518,-0.8573721,0.15144357,0.17212285,-0.31175244,0.98500633,0.9998766
42,3500,26,RIGHT_KNEE,0.51987576,0.6654901,-0.98694706,0.054289356,0.13231483,-0.39185703,0.9931701,0.99981624
42,3500,27,LEFT_ANKLE,0.5446693,0.84571683,-0.7285286,0.12349138,0.48215112,-0.31978258,0.97166306,0.99921143
42,3500,28,RIGHT_ANKLE,0.51406926,0.8599063,-0.8840948,0.06421723,0.49899885,-0.40047374,0.9807694,0.9983059
42,3500,29,LEFT_HEEL,0.522537,0.8614338,-0.72515327,0.121332,0.52461886,-0.32490265,0.9420445,0.9982658
42,3500,30,RIGHT_HEEL,0.49305156,0.8774409,-0.87767786,0.06412118,0.54876596,-0.40222466,0.9444651,0.99608517
42,3500,31,LEFT_FOOT_INDEX,0.54746634,0.9216606,-1.0465875,0.13080807,0.63098514,-0.44638127,0.9781683,0.9943581
42,3500,32,RIGHT_FOOT_INDEX,0.54243374,0.93062526,-1.1802233,0.068119146,0.6490021,-0.5079363,0.983397,0.987375
43,3583,0,NOSE,0.59143674,0.34395665,-0.2558432,0.1398174,-0.6078523,-0.12518688,0.9999912,0.9999722
43,3583,1,LEFT_EYE_INNER,0.5959719,0.32882604,-0.21033815,0.13078898,-0.64357924,-0.10477378,0.99998623,0.9999461
43,3583,2,LEFT_EYE,0.6004737,0.3288837,-0.2103132,0.13191167,-0.6448934,-0.104230836,0.99998885,0.9999502
43,3583,3,LEFT_EYE_OUTER,0.6051836,0.32894215,-0.21030682,0.13181908,-0.64575744,-0.10453127,0.9999891,0.999949
43,3583,4,RIGHT_EYE_INNER,0.5748266,0.32802823,-0.23573437,0.104990415,-0.6389093,-0.11804941,0.99997497,0.99992573
43,3583,5,RIGHT_EYE,0.5641331,0.3271982,-0.23593657,0.106066875,-0.6389879,-0.1181534,0.99997884,0.99990237
43,3583,6,RIGHT_EYE_OUTER,0.5514851,0.32625523,-0.23573121,0.10571019,-0.64144766,-0.11768232,0.99997604,0.9998727
43,3583,7,LEFT_EAR,0.59890103,0.33366323,0.0467024,0.124005124,-0.62799114,0.011618168,0.99998415,0.99996626
43,3583,8,RIGHT_EAR,0.51511824,0.3282305,-0.06709073,-0.008450047,-0.61526096,-0.055923853,0.99993634,0.9998118
43,3583,9,MOUTH_LEFT,0.5971552,0.36057156,-0.155758,0.145892,-0.5847661,-0.0826046,0.9999912,0.9999757
43,3583,10,MOUTH_RIGHT,0.56956893,0.35893032,-0.18823527,0.10661139,-0.5774042,-0.09991521,0.9999844,0.9999521
43,3583,11,LEFT_SHOULDER,0.6383513,0.41898388,0.1463472,0.20249218,-0.435119,0.07931169,0.9999798,0.99997354
43,3583,12,RIGHT_SHOULDER,0.41150555,0.4082511,-0.020715106,-0.115243874,-0.45204037,-0.028792718,0.99985045,0.99911696
43,3583,13,LEFT_ELBOW,0.6459541,0.5243311,0.054735195,0.14369333,-0.20536904,0.022697723,0.8673219,0.99991906
43,3583,14,RIGHT_ELBOW,0.431735,0.51464105,-0.364488,-0.08748175,-0.2395114,-0.14922407,0.9934111,0.99906737
43,3583,15,LEFT_WRIST,0.5988142,0.5983558,-0.19984777,0.101472415,-0.063627884,-0.091601014,0.8460631,0.9999286
43,3583,16,RIGHT_WRIST,0.5392177,0.4185945,-0.7580089,0.057667878,-0.39607707,-0.30368316,0.99046135,0.999949
43,3583,17,LEFT_PINKY,0.58113474,0.6237182,-0.26580757,0.093217365,0.014726036,-0.11246087,0.79740775,0.9997731
43,3583,18,RIGHT_PINKY,0.56649935,0.3968225,-0.85150284,0.10475018,-0.41118002,-0.33703685,0.9814925,0.9999145
43,3583,19,LEFT_INDEX,0.56452554,0.6142175,-0.29122898,0.06408397,0.011579578,-0.13215502,0.79496855,0.99983776
43,3583,20,RIGHT_INDEX,0.56104153,0.38427588,-0.83120066,0.10199398,-0.44544473,-0.32438096,0.9812075,0.99993026
43,3583,21,LEFT_THUMB,0.5653493,0.60596794,-0.21469598,0.084907085,-0.049227636,-0.098999456,0.77845603,0.9998977
43,3583,22,RIGHT_THUMB,0.5520176,0.390962,-0.75503135,0.06986999,-0.41069868,-0.30156887,0.971639,0.99995697
43,3583,23,LEFT_HIP,0.56307167,0.6180092,0.048381884,0.13407421,0.013654722,0.05410043,0.9998364,0.9998945
43,3583,24,RIGHT_HIP,0.4251656,0.6154703,-0.04733089,-0.13212109,-0.01479212,-0.050017063,0.9997085,0.99940693
43,3583,25,LEFT_KNEE,0.63834524,0.66641295,-0.80396086,0.13087064,0.20194554,-0.30988467,0.98457855,0.99984026
43,3583,26,RIGHT_KNEE,0.5283271,0.66880584,-0.88590014,0.054310728,0.16321748,-0.3703584,0.9925257,0.9997508
43,3583,27,LEFT_ANKLE,0.54467666,0.8498338,-0.7260827,0.117331944,0.5136431,-0.3223167,0.9701844,0.99863297
43,3583,28,RIGHT_ANKLE,0.51427364,0.86131173,-0.85406697,0.05436232,0.5291044,-0.40008816,0.97785187,0.9968273
43,3583,29,LEFT_HEEL,0.52179766,0.8666855,-0.72857624,0.11600474,0.5556807,-0.32864285,0.9361031,0.9967775
43,3583,30,RIGHT_HEEL,0.49284375,0.8781376,-0.85627705,0.0526364,0.57947165,-0.40134323,0.94000137,0.9923638
43,3583,31,LEFT_FOOT_INDEX,0.5478785,0.92448646,-1.0539658,0.11649724,0.6605184,-0.4604593,0.9764393,0.98947024
43,3583,32,RIGHT_FOOT_INDEX,0.54221153,0.930607,-1.172847,0.050144218,0.6749627,-0.51052475,0.9810561,0.97671366
44,3667,0,NOSE,0.5854735,0.34212494,-0.25629404,0.13243851,-0.6077499,-0.12899667,0.99999094,0.9999671
44,3667,1,LEFT_EYE_INNER,0.59037393,0.32664862,-0.21041368,0.12360033,-0.643285,-0.10793112,0.99998534,0.9999374
44,3667,2,LEFT_EYE,0.59601146,0.32636067,-0.21043721,0.12472817,-0.6446097,-0.10736091,0.99998826,0.99994266
44,3667,3,LEFT_EYE_OUTER,0.60167205,0.32615873,-0.2104333,0.124564044,-0.64549935,-0.1077304,0.99998844,0.9999417
44,3667,4,RIGHT_EYE_INNER,0.5672916,0.32678396,-0.23499817,0.09675077,-0.6384268,-0.12004389,0.999973,0.9999138
44,3667,5,RIGHT_EYE,0.5554174,0.32639998,-0.23520009,0.09781499,-0.63849634,-0.12012438,0.9999774,0.9998876
44,3667,6,RIGHT_EYE_OUTER,0.54203063,0.32584277,-0.23498614,0.0974005,-0.640952,-0.119621195,0.9999743,0.99985456
44,3667,7,LEFT_EAR,0.5971324,0.33180326,0.04892288,0.12390138,-0.62777936,0.009671585,0.99998385,0.99996173
44,3667,8,RIGHT_EAR,0.50813556,0.32856992,-0.053484112,-0.013035259,-0.61358327,-0.055063266,0.99992967,0.99978846
44,3667,9,MOUTH_LEFT,0.5944687,0.3595383,-0.15638654,0.14225474,-0.5853096,-0.08620664,0.9999906,0.999972
44,3667,10,MOUTH_RIGHT,0.56535316,0.35831362,-0.18906216,0.1016177,-0.5773518,-0.101813145,0.99998325,0.999944
44,3667,11,LEFT_SHOULDER,0.63832676,0.41912538,0.14369026,0.20408747,-0.43535155,0.07631517,0.99998033,0.9999641
44,3667,12,RIGHT_SHOULDER,0.40714583,0.4084589,-0.004282335,-0.1161683,-0.45130923,-0.02802516,0.9998405,0.9988213
44,3667,13,LEFT_ELBOW,0.6458373,0.52426606,0.046164133,0.14436127,-0.2046632,0.019009836,0.8770487,0.9998952
44,3667,14,RIGHT_ELBOW,0.42983258,0.5110643,-0.35620618,-0.0902319,-0.24021722,-0.14733888,0.9930006,0.9987056
44,3667,15,LEFT_WRIST,0.5969585,0.5981734,-0.19697857,0.09871364,-0.06362011,-0.09383792,0.8557706,0.999892
44,3667,16,RIGHT_WRIST,0.5308379,0.4150042,-0.7556143,0.046735056,-0.39524522,-0.30466253,0.9902465,0.9999138
44,3667,17,LEFT_PINKY,0.5799366,0.623666,-0.26388723,0.09153601,0.016534697,-0.11545985,0.8067725,0.9996526
44,3667,18,RIGHT_PINKY,0.55824316,0.3925261,-0.8525158,0.093255274,-0.40994662,-0.33891582,0.9812105,0.9998535
44,3667,19,LEFT_INDEX,0.56347597,0.614153,-0.28836757,0.061971195,0.014695748,-0.13526505,0.8045582,0.99974877
44,3667,20,RIGHT_INDEX,0.5522827,0.381351,-0.8339978,0.09115766,-0.4439892,-0.32602984,0.9808793,0.9998785
44,3667,21,LEFT_THUMB,0.56366104,0.6058687,-0.21158127,0.082227126,-0.048849404,-0.10133997,0.7889943,0.99984026
44,3667,22,RIGHT_THUMB,0.54312295,0.3892092,-0.7548121,0.05898471,-0.4095275,-0.30271235,0.97138417,0.99992394
44,3667,23,LEFT_HIP,0.56343657,0.61540717,0.045653284,0.13511282,0.01243041,0.052968647,0.9998324,0.99989104
44,3667,24,RIGHT_HIP,0.42495042,0.61358666,-0.044583876,-0.13321215,-0.013642719,-0.04880249,0.9996843,0.99932814
44,3667,25,LEFT_KNEE,0.63811487,0.66266537,-0.80016124,0.12762457,0.20435098,-0.30925563,0.9839175,0.99980134
44,3667,26,RIGHT_KNEE,0.5338569,0.6673767,-0.8865832,0.060181476,0.15922973,-0.3692441,0.991991,0.9996724
44,3667,27,LEFT_ANKLE,0.5457207,0.84972715,-0.7192497,0.11758527,0.5126465,-0.32308948,0.96844095,0.9980732
44,3667,28,RIGHT_ANKLE,0.51491094,0.8598943,-0.8314211,0.0571224,0.52510464,-0.39668593,0.97454584,0.9956176
44,3667,29,LEFT_HEEL,0.52096504,0.86648047,-0.72058046,0.1166496,0.5542115,-0.32889104,0.9294864,0.9954791
44,3667,30,RIGHT_HEEL,0.4937671,0.8767246,-0.8298193,0.055545308,0.57524335,-0.39868698,0.93460387,0.9899476
44,3667,31,LEFT_FOOT_INDEX,0.54734075,0.9242109,-1.0456439,0.11665357,0.65837353,-0.46369082,0.97421765,0.98469365
44,3667,32,RIGHT_FOOT_INDEX,0.5453098,0.9309168,-1.1437532,0.05227323,0.6721866,-0.5100315,0.9781189,0.96777767
45,3750,0,NOSE,0.5800821,0.3418358,-0.24287014,0.12266983,-0.61049366,-0.122658074,0.99999005,0.9999478
45,3750,1,LEFT_EYE_INNER,0.5848741,0.32614118,-0.19446392,0.112789184,-0.6462601,-0.10178461,0.9999832,0.9999031
45,3750,2,LEFT_EYE,0.5900656,0.32571432,-0.194529,0.1139016,-0.6473245,-0.101257786,0.9999867,0.99991107
45,3750,3,LEFT_EYE_OUTER,0.5951092,0.3253837,-0.19453189,0.113728926,-0.6482745,-0.10161199,0.9999868,0.99991035
45,3750,4,RIGHT_EYE_INNER,0.56196517,0.3265956,-0.21747822,0.086533464,-0.6400859,-0.11337206,0.99996877,0.99986863
45,3750,5,RIGHT_EYE,0.55007106,0.32629445,-0.21767686,0.08765067,-0.6403338,-0.11338692,0.99997413,0.99983394
45,3750,6,RIGHT_EYE_OUTER,0.5365075,0.32583252,-0.21764515,0.08722412,-0.64280653,-0.11296554,0.9999707,0.9997868
45,3750,7,LEFT_EAR,0.59087265,0.33094266,0.06310803,0.112608336,-0.6312014,0.013604039,0.99998224,0.99994266
45,3750,8,RIGHT_EAR,0.5024785,0.32882386,-0.035614345,-0.02211458,-0.6139443,-0.047095276,0.99991554,0.9997086
45,3750,9,MOUTH_LEFT,0.5893247,0.35941583,-0.14401746,0.13289082,-0.5889454,-0.080738686,0.9999893,0.9999609
45,3750,10,MOUTH_RIGHT,0.5604281,0.35825187,-0.17404693,0.092848636,-0.5799887,-0.095728405,0.9999806,0.99992156
45,3750,11,LEFT_SHOULDER,0.63818944,0.41901875,0.14694677,0.20052087,-0.43959203,0.07744877,0.99998057,0.99995494
45,3750,12,RIGHT_SHOULDER,0.4043727,0.40833133,0.012330783,-0.1234823,-0.45247254,-0.021119313,0.9998282,0.998835
45,3750,13,LEFT_ELBOW,0.6448013,0.52441394,0.05117587,0.13881144,-0.20584592,0.020034723,0.88496655,0.99986124
45,3750,14,RIGHT_ELBOW,0.42540142,0.50683475,-0.32758123,-0.09925559,-0.24934669,-0.13542877,0.9925805,0.9986904
45,3750,15,LEFT_WRIST,0.5945135,0.59818316,-0.18562914,0.09101697,-0.06459722,-0.092825726,0.8633398,0.99986553
45,3750,16,RIGHT_WRIST,0.52601725,0.41133198,-0.7103508,0.037884377,-0.4059713,-0.2915335,0.989969,0.9999118
45,3750,17,LEFT_PINKY,0.57755566,0.62367743,-0.25195098,0.083875224,0.01646052,-0.11497906,0.8137903,0.9996259
45,3750,18,RIGHT_PINKY,0.5516,0.389242,-0.8060557,0.08380378,-0.42040208,-0.3255452,0.9807917,0.9998591
45,3750,19,LEFT_INDEX,0.56035304,0.61413306,-0.27561888,0.053613298,0.014470077,-0.13485684,0.8117975,0.99972624
45,3750,20,RIGHT_INDEX,0.54640937,0.37718976,-0.79008806,0.08066412,-0.45394605,-0.3137256,0.9803997,0.99988127
45,3750,21,LEFT_THUMB,0.55961204,0.6058198,-0.2001949,0.074344054,-0.049437683,-0.10053326,0.79673076,0.99981624
45,3750,22,RIGHT_THUMB,0.5372537,0.38464746,-0.7114718,0.04973298,-0.420002,-0.29025266,0.97084856,0.99992394
45,3750,23,LEFT_HIP,0.56659603,0.6155334,0.04163218,0.13586749,0.011531259,0.051281616,0.99982697,0.9998795
45,3750,24,RIGHT_HIP,0.42557016,0.6145582,-0.04052236,-0.13399082,-0.012765266,-0.047030605,0.9996599,0.9993228
45,3750,25,LEFT_KNEE,0.6319007,0.66200095,-0.80081624,0.12068287,0.20416528,-0.30856818,0.9837748,0.99983
45,3750,26,RIGHT_KNEE,0.5337581,0.6674615,-0.8859239,0.058515016,0.16296707,-0.36397848,0.99154395,0.99971086
45,3750,27,LEFT_ANKLE,0.54661375,0.8496606,-0.71643513,0.11402455,0.5144503,-0.32189426,0.96765524,0.9983125
45,3750,28,RIGHT_ANKLE,0.5149039,0.8589487,-0.8154635,0.05338088,0.52357846,-0.3858374,0.9718971,0.99635005
45,3750,29,LEFT_HEEL,0.52279425,0.8661598,-0.71731484,0.11310785,0.55626494,-0.3276373,0.9241058,0.9960699
45,3750,30,RIGHT_HEEL,0.4940793,0.8756075,-0.8121077,0.051525652,0.5734842,-0.3882661,0.92992246,0.9918121
45,3750,31,LEFT_FOOT_INDEX,0.54712445,0.9245249,-1.044873,0.10646529,0.6621522,-0.4623308,0.97294205,0.9869795
45,3750,32,RIGHT_FOOT_INDEX,0.54444176,0.93030965,-1.1262637,0.048001707,0.6711804,-0.5024478,0.9759866,0.9747731
46,3833,0,NOSE,0.57407534,0.34088415,-0.23354363,0.11464507,-0.61280644,-0.12175505,0.9999897,0.9999635
46,3833,1,LEFT_EYE_INNER,0.57923025,0.32577965,-0.18334395,0.10587822,-0.6476838,-0.100724794,0.9999822,0.9999335
46,3833,2,LEFT_EYE,0.5849714,0.32541698,-0.18334486,0.10699377,-0.64891064,-0.10017872,0.999986,0.9999398
46,3833,3,LEFT_EYE_OUTER,0.59045416,0.32516974,-0.18334736,0.106804535,-0.64988273,-0.10052993,0.99998605,0.9999398
46,3833,4,RIGHT_EYE_INNER,0.5548996,0.3261762,-0.20545633,0.07921869,-0.6419281,-0.11182709,0.9999663,0.99990165
46,3833,5,RIGHT_EYE,0.5430197,0.32597694,-0.20557013,0.080341585,-0.64228237,-0.111857444,0.9999722,0.9998697
46,3833,6,RIGHT_EYE_OUTER,0.52938354,0.32563373,-0.20557292,0.079896666,-0.644757,-0.11142194,0.99996835,0.9998273
46,3833,7,LEFT_EAR,0.5873385,0.33087957,0.07672548,0.10821177,-0.6316357,0.014834632,0.99998164,0.9999627
46,3833,8,RIGHT_EAR,0.49792925,0.32909295,-0.020332174,-0.028300587,-0.6149648,-0.043356758,0.9999056,0.9997428
46,3833,9,MOUTH_LEFT,0.58397764,0.35851252,-0.13436176,0.12527105,-0.5909263,-0.0797807,0.99998856,0.99997246
46,3833,10,MOUTH_RIGHT,0.5534919,0.35721835,-0.16332379,0.084699266,-0.5822094,-0.09434717,0.9999787,0.9999385
46,3833,11,LEFT_SHOULDER,0.63279104,0.4183897,0.16044869,0.19675678,-0.44118434,0.07849873,0.9999812,0.99996996
46,3833,12,RIGHT_SHOULDER,0.4017273,0.4091989,0.023263624,-0.12758285,-0.45337155,-0.018730953,0.99981624,0.99877447
46,3833,13,LEFT_ELBOW,0.6441888,0.5228945,0.069034815,0.13926955,-0.2064307,0.023670064,0.8931613,0.9999039
46,3833,14,RIGHT_ELBOW,0.4248795,0.49963373,-0.3275521,-0.100290306,-0.2617681,-0.13438563,0.9921355,0.9987257
46,3833,15,LEFT_WRIST,0.5942347,0.5982527,-0.15668072,0.09161691,-0.06425223,-0.08696495,0.87211096,0.99992275
46,3833,16,RIGHT_WRIST,0.51736677,0.4015835,-0.71212715,0.024980417,-0.41957006,-0.29158673,0.98973376,0.99990535
46,3833,17,LEFT_PINKY,0.5774766,0.62371725,-0.22030546,0.0841754,0.018308325,-0.10824559,0.8227065,0.99976224
46,3833,18,RIGHT_PINKY,0.53984857,0.38266343,-0.8114167,0.06750256,-0.43472946,-0.3259599,0.98047537,0.99984396
46,3833,19,LEFT_INDEX,0.56043017,0.613981,-0.24624322,0.054140445,0.017417224,-0.12879041,0.8209301,0.999826
46,3833,20,RIGHT_INDEX,0.5343872,0.37306875,-0.8001498,0.064769484,-0.46537095,-0.3141552,0.9800664,0.99987066
46,3833,21,LEFT_THUMB,0.5597673,0.60580784,-0.17168894,0.07496998,-0.048657466,-0.09470577,0.80644435,0.9998876
46,3833,22,RIGHT_THUMB,0.52644736,0.3789162,-0.7173339,0.036283974,-0.43253952,-0.2903691,0.97058386,0.99991655
46,3833,23,LEFT_HIP,0.56749046,0.6151374,0.04060169,0.13653973,0.01031755,0.0504057,0.99982804,0.9999008
46,3833,24,RIGHT_HIP,0.42584,0.6139882,-0.039574526,-0.13464339,-0.011577076,-0.046120174,0.9996466,0.99937856
46,3833,25,LEFT_KNEE,0.6321752,0.6620573,-0.80181885,0.11393302,0.21859871,-0.30827215,0.9840178,0.9998795
46,3833,26,RIGHT_KNEE,0.5336263,0.66905034,-0.8449752,0.058025815,0.17596942,-0.35058278,0.9911271,0.99969935
46,3833,27,LEFT_ANKLE,0.5463194,0.8503505,-0.71600115,0.11291661,0.52806044,-0.32121933,0.9675117,0.99863297
46,3833,28,RIGHT_ANKLE,0.5149052,0.858957,-0.7899766,0.053514216,0.53710055,-0.37260404,0.9695325,0.9962782
46,3833,29,LEFT_HEEL,0.52023184,0.8671583,-0.71700025,0.112542585,0.5700691,-0.32686216,0.91958916,0.9967397
46,3833,30,RIGHT_HEEL,0.49431393,0.87542486,-0.7887131,0.051814083,0.58739173,-0.37584466,0.92398995,0.9918121
46,3833,31,LEFT_FOOT_INDEX,0.5454469,0.92466366,-1.0509899,0.10602668,0.67532814,-0.46172258,0.97225064,0.9890976
46,3833,32,RIGHT_FOOT_INDEX,0.5445229,0.93069154,-1.109257,0.04865788,0.6861571,-0.49336457,0.9740675,0.97562337
47,3917,0,NOSE,0.570768,0.3383202,-0.231273,0.10641086,-0.6175122,-0.120411776,0.99998915,0.9999635
47,3917,1,LEFT_EYE_INNER,0.57588905,0.32417575,-0.17871234,0.098171376,-0.6514126,-0.09871341,0.999981,0.99993074
47,3917,2,LEFT_EYE,0.58196664,0.32401234,-0.17877848,0.09927608,-0.6527631,-0.098147154,0.99998504,0.99993646
47,3917,3,LEFT_EYE_OUTER,0.5880816,0.32397237,-0.17878002,0.09907466,-0.65374845,-0.098498896,0.99998516,0.999936
47,3917,4,RIGHT_EYE_INNER,0.55154705,0.32441115,-0.20000237,0.0711545,-0.64608985,-0.10903619,0.9999638,0.99989927
47,3917,5,RIGHT_EYE,0.53950435,0.32439643,-0.20010033,0.07229929,-0.6465169,-0.10907938,0.99997014,0.99986756
47,3917,6,RIGHT_EYE_OUTER,0.5264088,0.32426977,-0.20010598,0.071788006,-0.6486589,-0.10862823,0.99996597,0.9998247
47,3917,7,LEFT_EAR,0.5858403,0.33057788,0.0849148,0.103710815,-0.6326001,0.017091306,0.9999806,0.9999603
47,3917,8,RIGHT_EAR,0.49585816,0.3291412,-0.009070837,-0.034540422,-0.61663,-0.038089357,0.9998947,0.9997428
47,3917,9,MOUTH_LEFT,0.5821368,0.35628802,-0.13166624,0.117964566,-0.59481925,-0.07859177,0.9999876,0.9999714
47,3917,10,MOUTH_RIGHT,0.5508968,0.35491404,-0.15973811,0.076988846,-0.5862988,-0.092529945,0.99997634,0.9999379
47,3917,11,LEFT_SHOULDER,0.631635,0.41904193,0.16753395,0.19400746,-0.44119433,0.07951778,0.99998134,0.99996054
47,3917,12,RIGHT_SHOULDER,0.4005466,0.40938997,0.029335318,-0.13271537,-0.45403537,-0.015756175,0.9998036,0.9987888
47,3917,13,LEFT_ELBOW,0.6437116,0.52379096,0.069789544,0.13929361,-0.20580801,0.024307882,0.90068924,0.999884
47,3917,14,RIGHT_ELBOW,0.42303383,0.49172336,-0.32822186,-0.10565734,-0.27487123,-0.13369186,0.99198073,0.998844
47,3917,15,LEFT_WRIST,0.5937142,0.59772617,-0.15989518,0.09055874,-0.060473155,-0.08640084,0.88005024,0.9999125
47,3917,16,RIGHT_WRIST,0.5131455,0.39508,-0.714348,0.016791621,-0.43454418,-0.29162532,0.989691,0.9999132
47,3917,17,LEFT_PINKY,0.5775717,0.6237165,-0.22407578,0.082444414,0.022957426,-0.107635446,0.830576,0.9997408
47,3917,18,RIGHT_PINKY,0.53559107,0.37788486,-0.8185685,0.059370395,-0.45040706,-0.32650217,0.9803354,0.9998535
47,3917,19,LEFT_INDEX,0.56021017,0.6139575,-0.25018385,0.05227031,0.022207297,-0.12854859,0.8289772,0.99980897
47,3917,20,RIGHT_INDEX,0.5305901,0.3682087,-0.804604,0.058209617,-0.48034856,-0.3142304,0.97989,0.99988043
47,3917,21,LEFT_THUMB,0.55912906,0.6057295,-0.17514147,0.07363482,-0.04455126,-0.09421013,0.81494325,0.99987566
47,3917,22,RIGHT_THUMB,0.52322793,0.37451378,-0.7208182,0.028728124,-0.4471552,-0.29032695,0.9704579,0.99992335
47,3917,23,LEFT_HIP,0.5686916,0.61363286,0.038120437,0.13726844,0.0087987585,0.048815668,0.999829,0.9998977
47,3917,24,RIGHT_HIP,0.42799187,0.6123915,-0.037124924,-0.1354145,-0.010079208,-0.04449129,0.9996363,0.99942744
47,3917,25,LEFT_KNEE,0.6258795,0.662917,-0.8189695,0.104515366,0.23098163,-0.30900148,0.9839945,0.9998579
47,3917,26,RIGHT_KNEE,0.5309564,0.67219394,-0.8092073,0.05397956,0.2012543,-0.3334407,0.9901949,0.99965405
47,3917,27,LEFT_ANKLE,0.54520553,0.850986,-0.76313543,0.10775735,0.5416442,-0.32817364,0.966536,0.9985952
47,3917,28,RIGHT_ANKLE,0.5149879,0.8597256,-0.77934766,0.052965015,0.56001717,-0.36226216,0.96536803,0.9958175
47,3917,29,LEFT_HEEL,0.51771945,0.8680304,-0.76777494,0.108171836,0.58411336,-0.33476526,0.9144795,0.9965301
47,3917,30,RIGHT_HEEL,0.49533755,0.8767451,-0.7822438,0.051704768,0.6099528,-0.36707377,0.9143041,0.9908035
47,3917,31,LEFT_FOOT_INDEX,0.5435666,0.9248916,-1.114118,0.101431355,0.68665034,-0.47611797,0.9711354,0.9896718
47,3917,32,RIGHT_FOOT_INDEX,0.5445147,0.9308604,-1.1122928,0.04517757,0.7039691,-0.48877534,0.97086895,0.9761292
48,4000,0,NOSE,0.56536967,0.33549756,-0.2234307,0.09580812,-0.6211994,-0.1116745,0.9999891,0.99996626
48,4000,1,LEFT_EYE_INNER,0.57036775,0.32264146,-0.16748437,0.08795009,-0.6543821,-0.08878079,0.9999806,0.9999324
48,4000,2,LEFT_EYE,0.57638955,0.32264316,-0.16749133,0.08906655,-0.6557876,-0.088137925,0.9999847,0.99993694
48,4000,3,LEFT_EYE_OUTER,0.5822872,0.32272822,-0.16749237,0.08883069,-0.6567768,-0.08854643,0.9999849,0.9999355
48,4000,4,RIGHT_EYE_INNER,0.54624236,0.32284313,-0.18616822,0.060851965,-0.649076,-0.09744363,0.999963,0.99990606
48,4000,5,RIGHT_EYE,0.5346613,0.32299545,-0.1863457,0.06202435,-0.64953154,-0.09739466,0.9999695,0.9998795
48,4000,6,RIGHT_EYE_OUTER,0.5218831,0.32316527,-0.18626665,0.06150696,-0.65154356,-0.09697542,0.9999655,0.9998416
48,4000,7,LEFT_EAR,0.5806172,0.32967123,0.10027999,0.0986477,-0.63307005,0.025656864,0.9999804,0.99995935
48,4000,8,RIGHT_EAR,0.49292997,0.3289445,0.018353822,-0.040435895,-0.6169743,-0.022264048,0.9998902,0.9997851
48,4000,9,MOUTH_LEFT,0.57635856,0.35289082,-0.123831525,0.1097742,-0.5975992,-0.07112155,0.99998724,0.99997115
48,4000,10,MOUTH_RIGHT,0.54537857,0.35156924,-0.1484788,0.068537414,-0.58894193,-0.08296874,0.9999753,0.99994123
48,4000,11,LEFT_SHOULDER,0.63178205,0.41926485,0.1707319,0.19347297,-0.44062296,0.081092015,0.9999814,0.9999485
48,4000,12,RIGHT_SHOULDER,0.39964744,0.40960184,0.042641222,-0.13968457,-0.45428926,-0.0061812242,0.9997948,0.9988575
48,4000,13,LEFT_ELBOW,0.6433087,0.5250725,0.059022054,0.1400833,-0.2032953,0.022200443,0.9078036,0.99986017
48,4000,14,RIGHT_ELBOW,0.41584918,0.48235735,-0.3274565,-0.1179235,-0.28947517,-0.13103318,0.9920842,0.998835
48,4000,15,LEFT_WRIST,0.59245163,0.5980115,-0.16023609,0.08767095,-0.053185847,-0.08640417,0.88643193,0.99989104
48,4000,16,RIGHT_WRIST,0.5140275,0.38928622,-0.700451,0.017149802,-0.4503107,-0.28141442,0.98964006,0.99991715
48,4000,17,LEFT_PINKY,0.5761001,0.62429893,-0.22630937,0.078441486,0.030599155,-0.10763079,0.835842,0.9996971
48,4000,18,RIGHT_PINKY,0.5371726,0.3723667,-0.79998577,0.06381416,-0.46576938,-0.31519756,0.97993743,0.9998634
48,4000,19,LEFT_INDEX,0.5579515,0.61412257,-0.25070822,0.04608791,0.030493172,-0.12832396,0.8345034,0.99977654
48,4000,20,RIGHT_INDEX,0.53401214,0.36423814,-0.7780424,0.063297674,-0.49582177,-0.3001453,0.97941643,0.9998902
48,4000,21,LEFT_THUMB,0.5578632,0.6059772,-0.17628281,0.069960386,-0.03627535,-0.09412581,0.8208889,0.99984765
48,4000,22,RIGHT_THUMB,0.5265984,0.37084106,-0.70071125,0.030243622,-0.46270743,-0.27876014,0.96992403,0.9999274
48,4000,23,LEFT_HIP,0.5706791,0.61175793,0.03472236,0.13837722,0.007543059,0.046457224,0.9998339,0.999892
48,4000,24,RIGHT_HIP,0.42881668,0.61189127,-0.033747435,-0.1365611,-0.008840469,-0.04211263,0.9996399,0.999445
48,4000,25,LEFT_KNEE,0.62597096,0.6632868,-0.8489719,0.09901475,0.22997415,-0.31563967,0.9840585,0.99989927
48,4000,26,RIGHT_KNEE,0.5286293,0.6729072,-0.8082278,0.053649094,0.20061521,-0.32846677,0.98973066,0.9997428
48,4000,27,LEFT_ANKLE,0.54462975,0.85103434,-0.7584894,0.10601877,0.5386015,-0.33004147,0.9664465,0.99907815
48,4000,28,RIGHT_ANKLE,0.5150214,0.8588246,-0.7461449,0.053937476,0.5572269,-0.3522798,0.9631241,0.9973888
48,4000,29,LEFT_HEEL,0.5177173,0.86726075,-0.7598989,0.10703958,0.58100927,-0.336139,0.9115749,0.99770385
48,4000,30,RIGHT_HEEL,0.49706352,0.8738661,-0.7458508,0.053219352,0.607107,-0.3563064,0.90887535,0.99440175
48,4000,31,LEFT_FOOT_INDEX,0.5365933,0.92466706,-1.110742,0.09794213,0.68474114,-0.47947726,0.97090745,0.99304235
48,4000,32,RIGHT_FOOT_INDEX,0.5413155,0.93123025,-1.0787549,0.044731196,0.70474154,-0.47575256,0.9690129,0.9839091
49,4083,0,NOSE,0.561168,0.3317067,-0.22253492,0.09507281,-0.63180083,-0.110857934,0.9999891,0.9999702
49,4083,1,LEFT_EYE_INNER,0.56585366,0.3205318,-0.16593497,0.08583637,-0.6646921,-0.0870435,0.9999806,0.99994075
49,4083,2,LEFT_EYE,0.57164085,0.32052124,-0.16599843,0.08697267,-0.6661281,-0.086350895,0.99998456,0.9999443
49,4083,3,LEFT_EYE_OUTER,0.57721025,0.32059354,-0.1659358,0.086700045,-0.6667169,-0.08677131,0.9999849,0.99994266
49,4083,4,RIGHT_EYE_INNER,0.542569,0.3209744,-0.18487057,0.058802426,-0.65811133,-0.09619534,0.999963,0.99992216
49,4083,5,RIGHT_EYE,0.5316406,0.32122898,-0.18505913,0.05996719,-0.6581881,-0.0961348,0.9999696,0.99990237
49,4083,6,RIGHT_EYE_OUTER,0.51914686,0.32168236,-0.18503286,0.0594398,-0.6605257,-0.0957161,0.9999658,0.99987364
49,4083,7,LEFT_EAR,0.5746864,0.3281154,0.10095486,0.09488433,-0.6391514,0.028428825,0.9999805,0.99996376
49,4083,8,RIGHT_EAR,0.4909228,0.32788843,0.017047128,-0.04383177,-0.6187073,-0.021932594,0.99989015,0.99983907
49,4083,9,MOUTH_LEFT,0.57190335,0.3491005,-0.12358477,0.108905785,-0.60699,-0.07041346,0.9999872,0.99997497
49,4083,10,MOUTH_RIGHT,0.5394832,0.3484301,-0.1485213,0.06776508,-0.596968,-0.08266467,0.99997514,0.9999505
49,4083,11,LEFT_SHOULDER,0.63157225,0.41930637,0.17173685,0.19314927,-0.4407918,0.08327845,0.99998087,0.999944
49,4083,12,RIGHT_SHOULDER,0.3996333,0.40965146,0.034791976,-0.13875565,-0.45597574,-0.009427683,0.9997917,0.99914074
49,4083,13,LEFT_ELBOW,0.6428722,0.5256531,0.049914293,0.14020498,-0.20322208,0.022265166,0.91253006,0.99981767
49,4083,14,RIGHT_ELBOW,0.4114135,0.47485366,-0.38258675,-0.121073045,-0.30011624,-0.15182367,0.9921497,0.9989309
49,4083,15,LEFT_WRIST,0.5919171,0.59798926,-0.16292487,0.087846324,-0.049665295,-0.08461872,0.88918716,0.99984527
49,4083,16,RIGHT_WRIST,0.51016694,0.38617522,-0.77708757,0.013252422,-0.45268834,-0.30785117,0.9895163,0.99990463
49,4083,17,LEFT_PINKY,0.57611454,0.6242956,-0.2271969,0.078684,0.034275074,-0.10472477,0.8358062,0.99958915
49,4083,18,RIGHT_PINKY,0.53285027,0.37072027,-0.8796379,0.0594523,-0.46535674,-0.3438163,0.97945917,0.99983907
49,4083,19,LEFT_INDEX,0.5576882,0.6140496,-0.25063547,0.04633462,0.036656957,-0.124478236,0.8345746,0.9996971
49,4083,20,RIGHT_INDEX,0.53197354,0.36329708,-0.8484388,0.06166857,-0.49317357,-0.32551318,0.9788292,0.99987066
49,4083,21,LEFT_THUMB,0.55738765,0.6059519,-0.17839126,0.070157975,-0.031589907,-0.09217817,0.82126033,0.99978846
49,4083,22,RIGHT_THUMB,0.5249874,0.36998406,-0.7739924,0.02688499,-0.46342257,-0.30422044,0.96924776,0.9999145
49,4083,23,LEFT_HIP,0.57054305,0.6106002,0.035062455,0.13840985,0.0073936633,0.046667483,0.9998382,0.9999076
49,4083,24,RIGHT_HIP,0.4288254,0.6098288,-0.034072403,-0.13659921,-0.008701884,-0.042298928,0.99964833,0.99960333
49,4083,25,LEFT_KNEE,0.6251347,0.66443205,-0.84430635,0.096647546,0.23735343,-0.31432572,0.98396116,0.99988496
49,4083,26,RIGHT_KNEE,0.52839196,0.673314,-0.82379526,0.05394993,0.19755365,-0.33366925,0.98959786,0.99979335
49,4083,27,LEFT_ANKLE,0.5417056,0.85210073,-0.7269566,0.102289036,0.54021275,-0.3233221,0.96628076,0.99918646
49,4083,28,RIGHT_ANKLE,0.5150716,0.8587896,-0.7678426,0.056233343,0.55489033,-0.36017615,0.96279544,0.99808073
49,4083,29,LEFT_HEEL,0.5154844,0.86756116,-0.72605956,0.10360563,0.58214444,-0.32891622,0.90923524,0.9980354
49,4083,30,RIGHT_HEEL,0.49714813,0.8739103,-0.76880205,0.055894673,0.6047757,-0.36405337,0.9069599,0.99575186
49,4083,31,LEFT_FOOT_INDEX,0.535932,0.9245572,-1.0711683,0.09785207,0.68685,-0.47081998,0.9707082,0.9940428
49,4083,32,RIGHT_FOOT_INDEX,0.5403336,0.9313043,-1.1053656,0.047300044,0.7028367,-0.482576,0.9687336,0.9871788
50,4167,0,NOSE,0.55841315,0.33030134,-0.20604756,0.09065909,-0.6391137,-0.10628662,0.99998915,0.99996376
50,4167,1,LEFT_EYE_INNER,0.5631015,0.31943542,-0.14864367,0.08081647,-0.6716908,-0.08129532,0.9999808,0.99992967
50,4167,2,LEFT_EYE,0.56900203,0.3194638,-0.14873558,0.08201208,-0.67312205,-0.08061334,0.9999846,0.9999349
50,4167,3,LEFT_EYE_OUTER,0.5743259,0.31961992,-0.14872585,0.08172533,-0.67361027,-0.08104156,0.9999851,0.99993396
50,4167,4,RIGHT_EYE_INNER,0.54021186,0.31976,-0.16710822,0.053701483,-0.6645378,-0.09064245,0.99996316,0.9999039
50,4167,5,RIGHT_EYE,0.5294725,0.32001266,-0.16730238,0.054888554,-0.66486466,-0.09052831,0.9999698,0.9998785
50,4167,6,RIGHT_EYE_OUTER,0.5173474,0.32055914,-0.1673012,0.054367635,-0.66730714,-0.09019922,0.9999661,0.9998416
50,4167,7,LEFT_EAR,0.5724064,0.3272494,0.114300326,0.08976703,-0.6432473,0.0344027,0.9999808,0.99995995
50,4167,8,RIGHT_EAR,0.49012834,0.3272453,0.03349466,-0.049337123,-0.62124074,-0.016413365,0.9998901,0.99979335
50,4167,9,MOUTH_LEFT,0.5702917,0.34760192,-0.10945855,0.10499302,-0.6135876,-0.06611768,0.9999871,0.9999697
50,4167,10,MOUTH_RIGHT,0.537655,0.34683725,-0.13339266,0.06365631,-0.6030416,-0.07849811,0.99997455,0.9999349
50,4167,11,LEFT_SHOULDER,0.63051164,0.4194076,0.17797385,0.19072455,-0.44122812,0.08744973,0.99998015,0.99993443
50,4167,12,RIGHT_SHOULDER,0.3997551,0.40991324,0.03166075,-0.13983753,-0.45790043,-0.01015865,0.9997829,0.99883956
50,4167,13,LEFT_ELBOW,0.6422872,0.5257159,0.04577366,0.13843212,-0.20297252,0.022391582,0.91636395,0.9997713
50,4167,14,RIGHT_ELBOW,0.41060948,0.46693334,-0.39111552,-0.12048527,-0.31859016,-0.15785444,0.99211913,0.99871576
50,4167,15,LEFT_WRIST,0.5918251,0.59771955,-0.1637795,0.08650806,-0.048665006,-0.0836764,0.8908341,0.9998029
50,4167,16,RIGHT_WRIST,0.5078268,0.37945378,-0.7767766,0.0061238245,-0.47763062,-0.31208658,0.9892373,0.99984884
50,4167,17,LEFT_PINKY,0.5761181,0.62404746,-0.22477902,0.07706021,0.034896,-0.10340812,0.83472824,0.99950635
50,4167,18,RIGHT_PINKY,0.52569354,0.36102855,-0.87883455,0.048718337,-0.4915814,-0.34862173,0.97870183,0.99974483
50,4167,19,LEFT_INDEX,0.55763,0.6138632,-0.24758855,0.04572376,0.038275532,-0.12299237,0.8336339,0.99963164
50,4167,20,RIGHT_INDEX,0.52398,0.3548142,-0.8468285,0.050527874,-0.5158487,-0.32973805,0.9779533,0.9997868
50,4167,21,LEFT_THUMB,0.5572059,0.6057819,-0.17860015,0.069193564,-0.030239843,-0.09133233,0.8205839,0.9997367
50,4167,22,RIGHT_THUMB,0.52024615,0.3627513,-0.77430344,0.018642437,-0.48713663,-0.30871755,0.9682384,0.9998579
50,4167,23,LEFT_HIP,0.5711934,0.61051625,0.03534892,0.13851185,0.007063158,0.046835225,0.9998411,0.99989843
50,4167,24,RIGHT_HIP,0.43022233,0.61004245,-0.034349997,-0.13670678,-0.008392067,-0.042427417,0.9996559,0.9995745
50,4167,25,LEFT_KNEE,0.6249025,0.66487,-0.8246809,0.09673611,0.23899877,-0.31287166,0.9841533,0.9998591
50,4167,26,RIGHT_KNEE,0.5265546,0.673749,-0.8275861,0.05421488,0.19673523,-0.3350255,0.98960125,0.9997408
50,4167,27,LEFT_ANKLE,0.541706,0.8513424,-0.7043043,0.101431064,0.53998464,-0.3180895,0.96649677,0.9989392
50,4167,28,RIGHT_ANKLE,0.51509,0.85957223,-0.7719792,0.057004698,0.555205,-0.3629181,0.9626257,0.99736834
50,4167,29,LEFT_HEEL,0.5155297,0.8663497,-0.7022442,0.102870755,0.5818075,-0.32313162,0.9072838,0.99746895
50,4167,30,RIGHT_HEEL,0.4975161,0.87473917,-0.7722135,0.056811746,0.6053013,-0.36691338,0.90472776,0.99411184
50,4167,31,LEFT_FOOT_INDEX,0.53603166,0.92283773,-1.0379529,0.09765318,0.6867508,-0.46335527,0.9706726,0.9922144
50,4167,32,RIGHT_FOOT_INDEX,0.54246354,0.9315481,-1.1025095,0.047936823,0.70482445,-0.48488185,0.9684373,0.9824905
51,4250,0,NOSE,0.55267084,0.32746714,-0.19079123,0.08298575,-0.6458092,-0.098651424,0.9999893,0.9999646
51,4250,1,LEFT_EYE_INNER,0.55722225,0.31694382,-0.13083775,0.07239307,-0.67752695,-0.07249243,0.9999811,0.9999324
51,4250,2,LEFT_EYE,0.5631529,0.3170618,-0.13093455,0.07359794,-0.6789638,-0.07171898,0.99998486,0.99993944
51,4250,3,LEFT_EYE_OUTER,0.56881195,0.31730777,-0.13084857,0.0733024,-0.6794293,-0.072197884,0.99998546,0.9999403
51,4250,4,RIGHT_EYE_INNER,0.5351631,0.31755036,-0.14767939,0.04550865,-0.6699965,-0.08121098,0.9999634,0.9998969
51,4250,5,RIGHT_EYE,0.52471894,0.31799263,-0.14787328,0.046735454,-0.67041826,-0.08102988,0.99996996,0.9998634
51,4250,6,RIGHT_EYE_OUTER,0.5133992,0.31857508,-0.1478753,0.046149146,-0.67253464,-0.08073339,0.9999663,0.9998148
51,4250,7,LEFT_EAR,0.566764,0.32570297,0.13181493,0.083121434,-0.64514244,0.041792,0.99998134,0.9999652
51,4250,8,RIGHT_EAR,0.48833135,0.3259593,0.058307055,-0.054988038,-0.6219387,-0.006279151,0.9998878,0.9997367
51,4250,9,MOUTH_LEFT,0.5638234,0.34411502,-0.09568544,0.098643795,-0.6187811,-0.059673186,0.99998724,0.99997044
51,4250,10,MOUTH_RIGHT,0.53239053,0.34375304,-0.11766157,0.057482067,-0.6077735,-0.071294636,0.9999739,0.99992335
51,4250,11,LEFT_SHOULDER,0.6298137,0.41927925,0.18225157,0.1872734,-0.44112122,0.08953596,0.9999801,0.999944
51,4250,12,RIGHT_SHOULDER,0.3998407,0.40993682,0.040724933,-0.1404302,-0.4578029,-0.007631101,0.99976003,0.998103
51,4250,13,LEFT_ELBOW,0.64222103,0.5257496,0.03923924,0.13756089,-0.20197944,0.02198178,0.9210437,0.99982184
51,4250,14,RIGHT_ELBOW,0.41058403,0.46309638,-0.38906342,-0.119619004,-0.32489172,-0.157648,0.9918502,0.99843913
51,4250,15,LEFT_WRIST,0.59141517,0.59744227,-0.16196729,0.08528421,-0.047733843,-0.08050043,0.8950083,0.99986863
51,4250,16,RIGHT_WRIST,0.50726634,0.3738339,-0.7745697,0.003604612,-0.49404156,-0.31067514,0.98867327,0.9998134
51,4250,17,LEFT_PINKY,0.57552797,0.62374836,-0.22068687,0.07553899,0.0360452,-0.09937087,0.8373976,0.99964166
51,4250,18,RIGHT_PINKY,0.52125144,0.3514765,-0.8772349,0.04546944,-0.510552,-0.34691155,0.97740227,0.9996923
51,4250,19,LEFT_INDEX,0.5563658,0.6137837,-0.24178599,0.043778136,0.040169314,-0.11763032,0.8364476,0.99973255
51,4250,20,RIGHT_INDEX,0.5204294,0.34591913,-0.8451756,0.046965063,-0.5333607,-0.32849982,0.9764741,0.9997347
51,4250,21,LEFT_THUMB,0.5566613,0.605487,-0.17531061,0.067875385,-0.028866464,-0.08751169,0.8235226,0.9998134
51,4250,22,RIGHT_THUMB,0.51761734,0.3533513,-0.77248544,0.015986064,-0.5033423,-0.30736378,0.96644646,0.9998191
51,4250,23,LEFT_HIP,0.5714918,0.6096046,0.035396248,0.13884364,0.006468094,0.046833366,0.99984753,0.99991035
51,4250,24,RIGHT_HIP,0.43159136,0.60927474,-0.03443932,-0.13701566,-0.007831532,-0.042397488,0.9996673,0.9995272
51,4250,25,LEFT_KNEE,0.62496006,0.66501707,-0.84001523,0.09293886,0.24094827,-0.31290123,0.9843316,0.999884
51,4250,26,RIGHT_KNEE,0.5261265,0.6740286,-0.8280543,0.053991787,0.19628552,-0.3359199,0.989521,0.99967504
51,4250,27,LEFT_ANKLE,0.5417125,0.85133296,-0.70383096,0.100824736,0.5396084,-0.315901,0.96669716,0.999015
51,4250,28,RIGHT_ANKLE,0.5148476,0.85952485,-0.7635695,0.05788946,0.5555772,-0.36295497,0.9625881,0.99729556
51,4250,29,LEFT_HEEL,0.5159854,0.86550415,-0.6996678,0.10266366,0.5815579,-0.32049274,0.9047576,0.9976404
51,4250,30,RIGHT_HEEL,0.4969404,0.87476146,-0.7617784,0.058226164,0.605774,-0.36676535,0.9023961,0.99415743
51,4250,31,LEFT_FOOT_INDEX,0.535638,0.92280376,-1.0400723,0.09755618,0.6868817,-0.4603954,0.97075635,0.9932025
51,4250,32,RIGHT_FOOT_INDEX,0.54146516,0.93177235,-1.0939157,0.049694456,0.70672876,-0.48458806,0.9682912,0.9834705
52,4333,0,NOSE,0.54694617,0.32574207,-0.19398144,0.078787066,-0.64874953,-0.09537735,0.99998957,0.99997604
52,4333,1,LEFT_EYE_INNER,0.5524894,0.3158434,-0.13221528,0.06811736,-0.6799369,-0.06829262,0.99998176,0.9999521
52,4333,2,LEFT_EYE,0.5585692,0.31612998,-0.13231151,0.069297224,-0.6813768,-0.06749751,0.99998534,0.99995637
52,4333,3,LEFT_EYE_OUTER,0.56473184,0.31652674,-0.13228165,0.069021344,-0.68184453,-0.06798794,0.999986,0.999956
52,4333,4,RIGHT_EYE_INNER,0.5315968,0.315888,-0.14925018,0.04132572,-0.67286545,-0.07677845,0.99996454,0.9999269
52,4333,5,RIGHT_EYE,0.5212321,0.31625724,-0.14937891,0.042581227,-0.6733172,-0.076627925,0.99997085,0.9999039
52,4333,6,RIGHT_EYE_OUTER,0.51068175,0.31668738,-0.14937913,0.04198493,-0.67532974,-0.07633443,0.9999674,0.99986756
52,4333,7,LEFT_EAR,0.563655,0.3249279,0.13743098,0.07975954,-0.64557433,0.046031,0.9999821,0.9999739
52,4333,8,RIGHT_EAR,0.48585382,0.3241947,0.061897896,-0.058639996,-0.62258756,-0.0019394694,0.99988955,0.9998104
52,4333,9,MOUTH_LEFT,0.5566574,0.34292904,-0.09729219,0.09453964,-0.6208221,-0.0566181,0.99998754,0.99997747
52,4333,10,MOUTH_RIGHT,0.52533823,0.34172913,-0.11991594,0.05335807,-0.60990244,-0.06828043,0.9999741,0.99994564
52,4333,11,LEFT_SHOULDER,0.62754023,0.419277,0.18360591,0.1856693,-0.44067693,0.090433605,0.99998003,0.9999485
52,4333,12,RIGHT_SHOULDER,0.39882427,0.41001922,0.040309496,-0.14404549,-0.457837,-0.006846339,0.99974835,0.99843305
52,4333,13,LEFT_ELBOW,0.64217204,0.52559805,0.018763198,0.1409385,-0.20190857,0.016748095,0.9261065,0.99984527
52,4333,14,RIGHT_ELBOW,0.41062504,0.4577314,-0.40787858,-0.11941045,-0.3354543,-0.16125044,0.99178386,0.99861693
52,4333,15,LEFT_WRIST,0.59162354,0.59744483,-0.18669027,0.089367904,-0.04692547,-0.083489105,0.9000272,0.99989283
52,4333,16,RIGHT_WRIST,0.5076997,0.37037635,-0.7892602,0.0054693865,-0.50174195,-0.30995765,0.9882335,0.99984276
52,4333,17,LEFT_PINKY,0.5757324,0.6237503,-0.24748862,0.07955639,0.03682404,-0.10186454,0.84158283,0.99971753
52,4333,18,RIGHT_PINKY,0.5224307,0.34825093,-0.8919547,0.049035568,-0.51750714,-0.34605664,0.9761276,0.99974877
52,4333,19,LEFT_INDEX,0.55732805,0.61394936,-0.264842,0.046542995,0.040828597,-0.11937289,0.84062386,0.99979335
52,4333,20,RIGHT_INDEX,0.52110624,0.3433211,-0.85661435,0.05234432,-0.5402123,-0.3269536,0.97498006,0.99979013
52,4333,21,LEFT_THUMB,0.55760974,0.6056694,-0.19817437,0.07164513,-0.027914258,-0.08991133,0.8277269,0.99985456
52,4333,22,RIGHT_THUMB,0.51802915,0.35091516,-0.7855863,0.019109797,-0.5106804,-0.30663124,0.96462685,0.9998568
52,4333,23,LEFT_HIP,0.5714937,0.6093995,0.035971396,0.13920176,0.0058687935,0.046886228,0.99985504,0.9999069
52,4333,24,RIGHT_HIP,0.4315993,0.6093215,-0.035051413,-0.13736017,-0.0072333203,-0.042429574,0.9996837,0.99957937
52,4333,25,LEFT_KNEE,0.62513214,0.6654894,-0.84845835,0.09331467,0.24134818,-0.31276205,0.98437953,0.99988496
52,4333,26,RIGHT_KNEE,0.526602,0.67371094,-0.86794114,0.055293884,0.1956861,-0.3426892,0.9894829,0.9997731
52,4333,27,LEFT_ANKLE,0.5416726,0.8510068,-0.72280604,0.09985621,0.54008013,-0.31679872,0.9665786,0.9993333
52,4333,28,RIGHT_ANKLE,0.5148413,0.86018866,-0.80932593,0.06036084,0.5560203,-0.373373,0.9626106,0.9980506
52,4333,29,LEFT_HEEL,0.51530457,0.8656727,-0.7196962,0.102127284,0.5822564,-0.3218862,0.90433484,0.9983897
52,4333,30,RIGHT_HEEL,0.4965685,0.87720644,-0.8092196,0.060757842,0.6066728,-0.37794653,0.900916,0.9955835
52,4333,31,LEFT_FOOT_INDEX,0.53857183,0.92274874,-1.0621289,0.1020962,0.68667156,-0.46041396,0.9708693,0.99540824
52,4333,32,RIGHT_FOOT_INDEX,0.5415624,0.93184197,-1.149875,0.05105229,0.70634145,-0.49544796,0.96837705,0.98835784
53,4417,0,NOSE,0.5469666,0.3252645,-0.1963935,0.07424723,-0.6484682,-0.09204784,0.9999895,0.99997246
53,4417,1,LEFT_EYE_INNER,0.55188817,0.3155889,-0.13329205,0.0635248,-0.6797509,-0.065465085,0.9999819,0.9999443
53,4417,2,LEFT_EYE,0.5579402,0.31583446,-0.13337977,0.064663485,-0.6811929,-0.06470271,0.99998534,0.99994934
53,4417,3,LEFT_EYE_OUTER,0.5641762,0.31618872,-0.13331766,0.06439189,-0.6816706,-0.06519578,0.9999862,0.999949
53,4417,4,RIGHT_EYE_INNER,0.53024614,0.31583738,-0.15249708,0.03720652,-0.67272496,-0.07314952,0.9999644,0.9999151
53,4417,5,RIGHT_EYE,0.5201345,0.3162242,-0.1526401,0.038468376,-0.67318106,-0.07293106,0.99997056,0.9998876
53,4417,6,RIGHT_EYE_OUTER,0.5096263,0.31668264,-0.15262474,0.03784563,-0.67518085,-0.072636396,0.9999672,0.99984527
53,4417,7,LEFT_EAR,0.56282574,0.32454002,0.13381167,0.077689186,-0.6454545,0.04714469,0.99998236,0.9999678
53,4417,8,RIGHT_EAR,0.4857777,0.32423022,0.06440044,-0.05944826,-0.62258375,0.0025858022,0.9998863,0.9997713
53,4417,9,MOUTH_LEFT,0.5574041,0.34198546,-0.09757577,0.09109461,-0.62055427,-0.053775605,0.9999875,0.9999745
53,4417,10,MOUTH_RIGHT,0.5257367,0.34143406,-0.12210459,0.050403044,-0.60984886,-0.064388186,0.9999733,0.9999374
53,4417,11,LEFT_SHOULDER,0.62909234,0.41891497,0.17738207,0.18543725,-0.44063443,0.089812286,0.99998,0.9999417
53,4417,12,RIGHT_SHOULDER,0.39952362,0.41024852,0.056460354,-0.14535746,-0.45844412,0.001179439,0.99973077,0.998319
53,4417,13,LEFT_ELBOW,0.64199746,0.52533895,-0.0048525613,0.14047857,-0.20132746,0.008582719,0.9308199,0.9998523
53,4417,14,RIGHT_ELBOW,0.4104517,0.45257577,-0.39545247,-0.12043432,-0.35175717,-0.15560743,0.9915402,0.99884856
53,4417,15,LEFT_WRIST,0.59232855,0.59748966,-0.22219762,0.08981577,-0.04690951,-0.0928029,0.9047333,0.9999031
53,4417,16,RIGHT_WRIST,0.5078923,0.36655554,-0.7750095,0.0049121804,-0.5210192,-0.29700893,0.9875767,0.99984646
53,4417,17,LEFT_PINKY,0.5761912,0.62375534,-0.28864384,0.08086894,0.03676846,-0.11319737,0.8460469,0.99976224
53,4417,18,RIGHT_PINKY,0.5231409,0.34385335,-0.8804966,0.048898797,-0.53656983,-0.33011985,0.974476,0.9997527
53,4417,19,LEFT_INDEX,0.5576306,0.6141687,-0.30931145,0.04805606,0.040698413,-0.13057548,0.84518385,0.9998233
53,4417,20,RIGHT_INDEX,0.5220517,0.3386339,-0.8479572,0.05206491,-0.55839676,-0.31058434,0.97311294,0.99978846
53,4417,21,LEFT_THUMB,0.55784476,0.60603166,-0.23516066,0.0724087,-0.02794912,-0.099257015,0.83232963,0.9998727
53,4417,22,RIGHT_THUMB,0.51859283,0.34693083,-0.7748588,0.018828277,-0.5291198,-0.293261,0.9624885,0.9998579
53,4417,23,LEFT_HIP,0.57328707,0.61023676,0.031075554,0.13988645,0.005025983,0.044917565,0.9998625,0.99992335
53,4417,24,RIGHT_HIP,0.43216926,0.6115283,-0.030166555,-0.13803868,-0.0063955723,-0.0403767,0.99970055,0.99966466
53,4417,25,LEFT_KNEE,0.6261904,0.6655991,-0.88110733,0.09466108,0.2398634,-0.3159488,0.98464954,0.9999145
53,4417,26,RIGHT_KNEE,0.5225743,0.673543,-0.89516443,0.045154307,0.18475664,-0.34663013,0.9894528,0.99982053
53,4417,27,LEFT_ANKLE,0.54121125,0.8514501,-0.7600162,0.09916485,0.5333804,-0.32256982,0.9669107,0.99950254
53,4417,28,RIGHT_ANKLE,0.5149042,0.85892427,-0.81662166,0.060797933,0.5503157,-0.37346065,0.9624447,0.99861693
53,4417,29,LEFT_HEEL,0.51453775,0.8661607,-0.75714386,0.10138705,0.5750245,-0.32762516,0.90440005,0.9988121
53,4417,30,RIGHT_HEEL,0.49675107,0.8759511,-0.8153729,0.062385455,0.6011278,-0.37784627,0.8996809,0.9969722
53,4417,31,LEFT_FOOT_INDEX,0.53812844,0.92291105,-1.1144136,0.10082721,0.67801195,-0.46603885,0.97125006,0.9965837
53,4417,32,RIGHT_FOOT_INDEX,0.54171926,0.9318865,-1.1594906,0.051252954,0.70042396,-0.49527943,0.96834743,0.99155444
54,4500,0,NOSE,0.5451733,0.32524878,-0.20072424,0.07174251,-0.64789855,-0.09389442,0.9999894,0.9999714
54,4500,1,LEFT_EYE_INNER,0.5509421,0.31556085,-0.13815883,0.061634324,-0.67880857,-0.067409016,0.999982,0.999944
54,4500,2,LEFT_EYE,0.55708903,0.31585374,-0.13825439,0.06278174,-0.6802566,-0.06665578,0.9999853,0.99994934
54,4500,3,LEFT_EYE_OUTER,0.5634963,0.31621262,-0.13822812,0.062518105,-0.68094975,-0.06715589,0.9999863,0.9999497
54,4500,4,RIGHT_EYE_INNER,0.5296887,0.31557754,-0.15286516,0.03510532,-0.6720349,-0.07422867,0.9999642,0.9999118
54,4500,5,RIGHT_EYE,0.5198702,0.31592244,-0.15297288,0.036354546,-0.6722812,-0.07400194,0.9999702,0.9998832
54,4500,6,RIGHT_EYE_OUTER,0.50967634,0.31632084,-0.15302853,0.03574349,-0.67446935,-0.07375474,0.999967,0.99983907
54,4500,7,LEFT_EAR,0.56270355,0.32458258,0.128639,0.077562325,-0.64375716,0.04456869,0.9999825,0.9999685
54,4500,8,RIGHT_EAR,0.4858509,0.32352617,0.062250778,-0.060203005,-0.6215625,0.0016480532,0.99988264,0.9997603
54,4500,9,MOUTH_LEFT,0.5553538,0.34189147,-0.102935284,0.08924705,-0.619772,-0.05564222,0.9999875,0.99997437
54,4500,10,MOUTH_RIGHT,0.5245552,0.3412684,-0.12277159,0.048225164,-0.6092533,-0.06545594,0.9999728,0.9999355
54,4500,11,LEFT_SHOULDER,0.62948024,0.419001,0.15633343,0.18544087,-0.43929884,0.08222046,0.9999799,0.9999435
54,4500,12,RIGHT_SHOULDER,0.39970297,0.41014093,0.05449826,-0.14588088,-0.45889294,0.0006411431,0.9997156,0.9981541
54,4500,13,LEFT_ELBOW,0.641954,0.52538985,-0.04587869,0.14005525,-0.19777271,-0.010915849,0.93518144,0.9998233
54,4500,14,RIGHT_ELBOW,0.4103328,0.44834834,-0.40140942,-0.12061898,-0.3591348,-0.15970506,0.9912084,0.99852777
54,4500,15,LEFT_WRIST,0.5922904,0.5973173,-0.27433538,0.088838995,-0.0469266,-0.12013597,0.90907544,0.99988127
54,4500,16,RIGHT_WRIST,0.5079358,0.36270353,-0.7925419,0.0053081983,-0.52870536,-0.3046973,0.98659045,0.999764
54,4500,17,LEFT_PINKY,0.57602537,0.62359715,-0.34401825,0.07981321,0.036302578,-0.14289017,0.8503759,0.9997063
54,4500,18,RIGHT_PINKY,0.52328765,0.34087068,-0.8995267,0.04921384,-0.54330516,-0.3387871,0.97218776,0.99961853
54,4500,19,LEFT_INDEX,0.55764323,0.61403054,-0.36341056,0.04709111,0.03944836,-0.16095051,0.8495991,0.99978846
54,4500,20,RIGHT_INDEX,0.5222273,0.33508867,-0.8664884,0.05245485,-0.5650792,-0.3183229,0.97057855,0.99967754
54,4500,21,LEFT_THUMB,0.55810803,0.6057881,-0.28705043,0.07153846,-0.028095553,-0.12703234,0.8366328,0.99984527
54,4500,22,RIGHT_THUMB,0.51877916,0.3437059,-0.7920107,0.01926027,-0.53668475,-0.30101967,0.95959485,0.99978
54,4500,23,LEFT_HIP,0.5735279,0.6099347,0.026814343,0.14033645,0.004825853,0.043611113,0.999868,0.99992573
54,4500,24,RIGHT_HIP,0.43297628,0.6110314,-0.02589689,-0.13848405,-0.0061937957,-0.03901426,0.9997138,0.9996458
54,4500,25,LEFT_KNEE,0.6262321,0.6656338,-0.87949467,0.094602846,0.23967761,-0.31898227,0.98482615,0.99989927
54,4500,26,RIGHT_KNEE,0.52255595,0.67174995,-0.89827585,0.042717513,0.17928202,-0.35177493,0.98930675,0.99979013
54,4500,27,LEFT_ANKLE,0.53966534,0.85176134,-0.75349104,0.09745432,0.53264105,-0.3234068,0.96703374,0.9993905
54,4500,28,RIGHT_ANKLE,0.51493734,0.8589271,-0.8185585,0.061356634,0.5471968,-0.37572113,0.9622215,0.9982926
54,4500,29,LEFT_HEEL,0.51320535,0.8664234,-0.75061095,0.09976565,0.5739905,-0.32836682,0.90378326,0.9985619
54,4500,30,RIGHT_HEEL,0.49729607,0.87516516,-0.8170794,0.06351836,0.59836656,-0.37992242,0.8983745,0.99621993
54,4500,31,LEFT_FOOT_INDEX,0.53665787,0.9222907,-1.1048326,0.098783,0.6764465,-0.46738097,0.97128683,0.9957021
54,4500,32,RIGHT_FOOT_INDEX,0.5423316,0.93201363,-1.1631404,0.05194255,0.6955089,-0.49858904,0.968179,0.98951083
55,4583,0,NOSE,0.5429569,0.3253035,-0.20080702,0.069132835,-0.6476185,-0.09158084,0.9999891,0.9999671
55,4583,1,LEFT_EYE_INNER,0.54982936,0.31561637,-0.13924429,0.061688267,-0.678851,-0.065692514,0.9999819,0.99993944
55,4583,2,LEFT_EYE,0.55601555,0.31591806,-0.13933998,0.062688746,-0.6801802,-0.065046325,0.9999851,0.99994695
55,4583,3,LEFT_EYE_OUTER,0.56247556,0.31630158,-0.1393213,0.062525466,-0.6809397,-0.06551061,0.9999864,0.9999485
55,4583,4,RIGHT_EYE_INNER,0.52847475,0.31560093,-0.15234552,0.03500966,-0.6725702,-0.07145444,0.9999636,0.9998969
55,4583,5,RIGHT_EYE,0.51893365,0.31594637,-0.1524471,0.036168497,-0.67290175,-0.071580455,0.99996936,0.9998591
55,4583,6,RIGHT_EYE_OUTER,0.5094763,0.31636783,-0.15247232,0.035624105,-0.67500037,-0.07123169,0.99996614,0.99980134
55,4583,7,LEFT_EAR,0.5618888,0.32446963,0.12777466,0.08059371,-0.64458776,0.04457916,0.9999826,0.99996877
55,4583,8,RIGHT_EAR,0.48680356,0.323581,0.07048448,-0.056831844,-0.62509274,0.0072574574,0.99987656,0.99969935
55,4583,9,MOUTH_LEFT,0.55317986,0.3419531,-0.10364612,0.08656439,-0.6195517,-0.05427469,0.9999872,0.9999707
55,4583,10,MOUTH_RIGHT,0.522457,0.34133494,-0.12168432,0.045980804,-0.60945386,-0.06279163,0.99997157,0.99991965
55,4583,11,LEFT_SHOULDER,0.62987006,0.41922158,0.15113701,0.1857145,-0.43982458,0.07890596,0.9999798,0.9999473
55,4583,12,RIGHT_SHOULDER,0.40105128,0.41015625,0.06373852,-0.14457075,-0.46217602,0.0070230504,0.9996903,0.99746895
55,4583,13,LEFT_ELBOW,0.64190096,0.5254029,-0.04752468,0.15128693,-0.19762494,-0.016875375,0.9396066,0.99983
55,4583,14,RIGHT_ELBOW,0.410165,0.4442996,-0.38557464,-0.12054579,-0.375564,-0.15604906,0.99047846,0.99797314
55,4583,15,LEFT_WRIST,0.5923867,0.5971664,-0.261203,0.09431621,-0.045521997,-0.12400865,0.9135816,0.9998894
55,4583,16,RIGHT_WRIST,0.5079739,0.3606287,-0.76413584,0.0054019936,-0.5435656,-0.3009589,0.9842957,0.9996302
55,4583,17,LEFT_PINKY,0.5762761,0.62348187,-0.32807904,0.085595444,0.034957744,-0.14727473,0.85537374,0.99972624
55,4583,18,RIGHT_PINKY,0.5236675,0.340553,-0.8695259,0.048954096,-0.5628945,-0.3356943,0.96734196,0.99943846
55,4583,19,LEFT_INDEX,0.5582603,0.61408263,-0.34868392,0.053755198,0.035239674,-0.16552581,0.8547097,0.99980134
55,4583,20,RIGHT_INDEX,0.52331114,0.3348431,-0.8371978,0.05268764,-0.585039,-0.31500918,0.96532476,0.9995197
55,4583,21,LEFT_THUMB,0.558637,0.60577065,-0.2737361,0.07745621,-0.027951162,-0.13078019,0.8415919,0.99985576
55,4583,22,RIGHT_THUMB,0.51938605,0.34385473,-0.764805,0.019531656,-0.551871,-0.29778764,0.9536708,0.9996594
55,4583,23,LEFT_HIP,0.57322717,0.6100563,0.026180005,0.13750233,0.004430615,0.03892061,0.9998731,0.99992514
55,4583,24,RIGHT_HIP,0.43299782,0.611027,-0.02526958,-0.13602024,-0.0055479268,-0.03534793,0.99972665,0.999608
55,4583,25,LEFT_KNEE,0.627646,0.6680251,-0.8393679,0.109115,0.23639536,-0.3146129,0.984948,0.999892
55,4583,26,RIGHT_KNEE,0.5254739,0.6716386,-0.89357793,0.04382601,0.17659363,-0.3518158,0.98927313,0.9997981
55,4583,27,LEFT_ANKLE,0.53961605,0.8517661,-0.7224601,0.096490726,0.5332149,-0.3149306,0.96707755,0.9993881
55,4583,28,RIGHT_ANKLE,0.5149405,0.85907966,-0.81629467,0.059082646,0.5480168,-0.37403235,0.9621455,0.9982317
55,4583,29,LEFT_HEEL,0.5129951,0.866388,-0.7204846,0.097487554,0.5745671,-0.3195875,0.9030482,0.99858415
55,4583,30,RIGHT_HEEL,0.49724066,0.8756281,-0.81500465,0.06009312,0.5992835,-0.37787646,0.89727706,0.9959299
55,4583,31,LEFT_FOOT_INDEX,0.5363081,0.92225635,-1.0681583,0.09659983,0.6756288,-0.4557631,0.9711137,0.9954791
55,4583,32,RIGHT_FOOT_INDEX,0.5423456,0.9323721,-1.1614642,0.0503185,0.6932287,-0.4963141,0.96812665,0.9885804
56,4667,0,NOSE,0.5431772,0.3238569,-0.17384626,0.0670231,-0.6484443,-0.08894433,0.9999893,0.9999747
56,4667,1,LEFT_EYE_INNER,0.5499259,0.31450367,-0.113580495,0.059102662,-0.67935956,-0.062928766,0.99998236,0.999949
56,4667,2,LEFT_EYE,0.5560705,0.3148821,-0.11367786,0.06022619,-0.68072903,-0.06221498,0.99998546,0.9999546
56,4667,3,LEFT_EYE_OUTER,0.5626185,0.3153991,-0.113675386,0.060006347,-0.68139076,-0.062713735,0.9999869,0.99995565
56,4667,4,RIGHT_EYE_INNER,0.52852154,0.3146024,-0.122759596,0.03212416,-0.67301846,-0.06775306,0.9999643,0.99991655
56,4667,5,RIGHT_EYE,0.518938,0.3151136,-0.12294792,0.03335285,-0.67339027,-0.0676898,0.99996984,0.9998876
56,4667,6,RIGHT_EYE_OUTER,0.5095241,0.31565267,-0.12294827,0.03277054,-0.6754434,-0.067410424,0.99996674,0.99984276
56,4667,7,LEFT_EAR,0.5625885,0.3235823,0.14304434,0.08061451,-0.6438175,0.046262097,0.9999831,0.99997354
56,4667,8,RIGHT_EAR,0.4877037,0.32283276,0.10158762,-0.057981055,-0.6246346,0.0136876125,0.99987626,0.9997731
56,4667,9,MOUTH_LEFT,0.5533781,0.34007192,-0.08202085,0.086051695,-0.6199649,-0.052024048,0.9999873,0.99997807
56,4667,10,MOUTH_RIGHT,0.522659,0.34006706,-0.09492317,0.044859733,-0.6100907,-0.05944559,0.99997133,0.9999403
56,4667,11,LEFT_SHOULDER,0.63073295,0.41981444,0.15366006,0.18698002,-0.43571934,0.07913604,0.9999801,0.99995565
56,4667,12,RIGHT_SHOULDER,0.40373582,0.4098704,0.08846344,-0.14476341,-0.46206188,0.0142789,0.9996808,0.9982109
56,4667,13,LEFT_ELBOW,0.641853,0.5254672,-0.039812565,0.1447609,-0.19035542,-0.015511741,0.9436816,0.99984646
56,4667,14,RIGHT_ELBOW,0.41004786,0.44332355,-0.35983303,-0.124147154,-0.37233704,-0.14572516,0.990173,0.9985104
56,4667,15,LEFT_WRIST,0.5923898,0.59723324,-0.25548798,0.090274684,-0.042351063,-0.12117525,0.9182072,0.99990237
56,4667,16,RIGHT_WRIST,0.50742084,0.35909623,-0.7361998,0.002087718,-0.5410257,-0.2912298,0.9832105,0.9997428
56,4667,17,LEFT_PINKY,0.5762467,0.62344813,-0.3235569,0.08033182,0.03908139,-0.14386949,0.86076283,0.99974483
56,4667,18,RIGHT_PINKY,0.522986,0.33713546,-0.84004873,0.0455324,-0.55775976,-0.3253299,0.964654,0.9995778
56,4667,19,LEFT_INDEX,0.5582665,0.61407065,-0.3450808,0.048033606,0.040493935,-0.16212262,0.8601652,0.9998148
56,4667,20,RIGHT_INDEX,0.5234428,0.33230063,-0.8050362,0.050183848,-0.57930857,-0.30441934,0.9623623,0.99964297
56,4667,21,LEFT_THUMB,0.55880654,0.6057154,-0.26953033,0.07310191,-0.024375018,-0.12792529,0.8470032,0.99986863
56,4667,22,RIGHT_THUMB,0.51902974,0.34116724,-0.73568004,0.016860059,-0.54857546,-0.28791845,0.95032555,0.9997546
56,4667,23,LEFT_HIP,0.57352364,0.6095344,0.021435084,0.1401709,0.004382949,0.038452607,0.99987864,0.9999329
56,4667,24,RIGHT_HIP,0.43457422,0.61027825,-0.020574816,-0.13841194,-0.005525504,-0.034500457,0.9997389,0.99964714
56,4667,25,LEFT_KNEE,0.62748474,0.66802347,-0.8470686,0.097016655,0.24386866,-0.31630963,0.9852754,0.9999076
56,4667,26,RIGHT_KNEE,0.5254708,0.67259085,-0.85979104,0.04359841,0.185324,-0.34642434,0.98901844,0.9997695
56,4667,27,LEFT_ANKLE,0.5394695,0.85339385,-0.7648545,0.09647,0.5406774,-0.3314514,0.9674441,0.9991928
56,4667,28,RIGHT_ANKLE,0.51544034,0.85903776,-0.80381876,0.059510607,0.5526329,-0.37341556,0.96129316,0.99766773
56,4667,29,LEFT_HEEL,0.5129905,0.8675736,-0.7664759,0.09771016,0.5825612,-0.33780292,0.90171546,0.997981
56,4667,30,RIGHT_HEEL,0.49874938,0.8753192,-0.8053625,0.060766365,0.60402375,-0.37761375,0.8933975,0.994615
56,4667,31,LEFT_FOOT_INDEX,0.5358322,0.92349136,-1.1281127,0.095391065,0.6820251,-0.4833621,0.97122276,0.99371004
56,4667,32,RIGHT_FOOT_INDEX,0.54017186,0.9317625,-1.1548355,0.047151186,0.69726074,-0.49713448,0.96757424,0.985663
57,4750,0,NOSE,0.5410344,0.32336822,-0.1913405,0.06795237,-0.65345806,-0.08966442,0.9999892,0.99997413
57,4750,1,LEFT_EYE_INNER,0.5490289,0.3140985,-0.12987879,0.062178567,-0.6849788,-0.0634038,0.9999825,0.9999485
57,4750,2,LEFT_EYE,0.55527425,0.3145179,-0.1298616,0.06310825,-0.6864101,-0.06272607,0.99998546,0.9999535
57,4750,3,LEFT_EYE_OUTER,0.5616772,0.31506437,-0.12986422,0.063015945,-0.68693876,-0.063202746,0.999987,0.99995387
57,4750,4,RIGHT_EYE_INNER,0.52738476,0.31402344,-0.14058258,0.034678254,-0.67925173,-0.06822259,0.99996424,0.99992037
57,4750,5,RIGHT_EYE,0.518097,0.3144099,-0.1406897,0.035767924,-0.6796879,-0.068345286,0.99996966,0.9998952
57,4750,6,RIGHT_EYE_OUTER,0.509191,0.31485718,-0.1407961,0.035323042,-0.681671,-0.06798178,0.99996656,0.9998535
57,4750,7,LEFT_EAR,0.5621757,0.32307324,0.1343347,0.08574817,-0.6501342,0.045983844,0.99998325,0.99997044
57,4750,8,RIGHT_EAR,0.48775873,0.321611,0.08811702,-0.05380265,-0.6321882,0.012914982,0.99987453,0.99978846
57,4750,9,MOUTH_LEFT,0.5507673,0.33954424,-0.0967046,0.08648115,-0.6242783,-0.052749608,0.99998736,0.99997723
57,4750,10,MOUTH_RIGHT,0.52011234,0.33922616,-0.11148566,0.045284204,-0.61494607,-0.060140938,0.99997115,0.99994123
57,4750,11,LEFT_SHOULDER,0.6307655,0.4199142,0.15453258,0.18823771,-0.43912646,0.07927811,0.9999798,0.9999521
57,4750,12,RIGHT_SHOULDER,0.40413213,0.40932545,0.04394295,-0.13979635,-0.46900037,0.0049137403,0.9996787,0.99857306
57,4750,13,LEFT_ELBOW,0.64181876,0.5251058,-0.043357767,0.15408877,-0.1955049,-0.0152246095,0.94698036,0.99986124
57,4750,14,RIGHT_ELBOW,0.4101546,0.44253373,-0.43457896,-0.11555719,-0.38996077,-0.16756101,0.99027777,0.9991374
57,4750,15,LEFT_WRIST,0.5929465,0.59706146,-0.2609183,0.09749586,-0.043356065,-0.12130529,0.9219846,0.99991035
57,4750,16,RIGHT_WRIST,0.5088021,0.3573798,-0.8085901,0.010830559,-0.5565028,-0.30939347,0.9832491,0.99986017
57,4750,17,LEFT_PINKY,0.57705307,0.6233078,-0.32638153,0.08803104,0.033387344,-0.14401145,0.86521876,0.99978346
57,4750,18,RIGHT_PINKY,0.52685004,0.3347128,-0.91647357,0.052350286,-0.5755018,-0.34599912,0.9643851,0.9997677
57,4750,19,LEFT_INDEX,0.55943793,0.6140519,-0.347195,0.056702252,0.034446128,-0.16200295,0.8646305,0.99984276
57,4750,20,RIGHT_INDEX,0.5272718,0.3312988,-0.8756887,0.05810255,-0.59467006,-0.32300457,0.9619953,0.9997981
57,4750,21,LEFT_THUMB,0.5598506,0.60561615,-0.2742087,0.080590114,-0.026228942,-0.12815346,0.8515779,0.99988496
57,4750,22,RIGHT_THUMB,0.5219654,0.3398249,-0.80547005,0.025432643,-0.5634147,-0.30556542,0.95000184,0.99986446
57,4750,23,LEFT_HIP,0.5722903,0.6112311,0.03295452,0.13667895,0.0042756037,0.03855428,0.9998842,0.9999329
57,4750,24,RIGHT_HIP,0.43290517,0.61212903,-0.032132164,-0.13525407,-0.0053081717,-0.034834433,0.9997525,0.9997131
57,4750,25,LEFT_KNEE,0.6285753,0.668749,-0.8314884,0.113489844,0.23032875,-0.31216747,0.985519,0.99991715
57,4750,26,RIGHT_KNEE,0.52819216,0.67304546,-0.8857661,0.05022627,0.18214676,-0.35006595,0.98927206,0.99987364
57,4750,27,LEFT_ANKLE,0.5406372,0.8514363,-0.7074785,0.098064534,0.53903854,-0.3118316,0.9680339,0.9996345
57,4750,28,RIGHT_ANKLE,0.5155593,0.8589649,-0.80919766,0.059570312,0.55197895,-0.37310755,0.962421,0.9989309
57,4750,29,LEFT_HEEL,0.5133746,0.86578035,-0.7043369,0.09851389,0.5815102,-0.31655166,0.9036513,0.9991441
57,4750,30,RIGHT_HEEL,0.49829304,0.87558204,-0.808347,0.06052416,0.603172,-0.37688246,0.8955174,0.9975177
57,4750,31,LEFT_FOOT_INDEX,0.5390576,0.9235094,-1.0420413,0.10099972,0.68096286,-0.44876432,0.9717451,0.997285
57,4750,32,RIGHT_FOOT_INDEX,0.54067886,0.9322151,-1.1528401,0.049135357,0.6940377,-0.49420005,0.9685409,0.9934865
58,4833,0,NOSE,0.5422557,0.32339966,-0.17444733,0.06795352,-0.6530021,-0.08761484,0.9999892,0.9999714
58,4833,1,LEFT_EYE_INNER,0.55018187,0.3140682,-0.11495826,0.06126542,-0.68414825,-0.061561797,0.9999826,0.9999417
58,4833,2,LEFT_EYE,0.55635357,0.3144714,-0.11503107,0.06231087,-0.6855917,-0.0608534,0.9999856,0.9999473
58,4833,3,LEFT_EYE_OUTER,0.5626619,0.31500393,-0.11503232,0.06215505,-0.6860812,-0.061355215,0.9999872,0.9999478
58,4833,4,RIGHT_EYE_INNER,0.52801317,0.31400043,-0.12496092,0.03378079,-0.67826265,-0.06641476,0.9999643,0.99990904
58,4833,5,RIGHT_EYE,0.5184224,0.31438425,-0.12505709,0.034935508,-0.6784657,-0.066372305,0.99996966,0.99988043
58,4833,6,RIGHT_EYE_OUTER,0.5095194,0.31481737,-0.12507679,0.034440238,-0.68067545,-0.066042334,0.9999666,0.99983525
58,4833,7,LEFT_EAR,0.56291956,0.3227659,0.14447153,0.08500396,-0.64781404,0.04793847,0.9999834,0.99996805
58,4833,8,RIGHT_EAR,0.48792967,0.32162112,0.100689635,-0.05566275,-0.62964433,0.015263063,0.9998732,0.9997658
58,4833,9,MOUTH_LEFT,0.5520486,0.33957535,-0.081016295,0.086627185,-0.62366813,-0.05046055,0.9999873,0.9999747
58,4833,10,MOUTH_RIGHT,0.5208855,0.33925125,-0.094609305,0.045360204,-0.61424816,-0.057775345,0.99997056,0.9999349
58,4833,11,LEFT_SHOULDER,0.63169396,0.4199264,0.16490732,0.18865818,-0.43750358,0.08269415,0.99997973,0.9999461
58,4833,12,RIGHT_SHOULDER,0.40406406,0.40931907,0.07913893,-0.14014238,-0.46783546,0.011441172,0.9996687,0.99827254
58,4833,13,LEFT_ELBOW,0.6418066,0.52506804,-0.0343081,0.14550675,-0.19507515,-0.0112179555,0.9496115,0.9998191
58,4833,14,RIGHT_ELBOW,0.41011438,0.4430079,-0.37710762,-0.1169186,-0.37812498,-0.15084003,0.9899226,0.9986594
58,4833,15,LEFT_WRIST,0.59336615,0.5969036,-0.24489303,0.095417075,-0.044278227,-0.115883335,0.92448515,0.99986017
58,4833,16,RIGHT_WRIST,0.508816,0.35778067,-0.7619669,0.009548231,-0.53984386,-0.2971038,0.9824912,0.999764
58,4833,17,LEFT_PINKY,0.5778348,0.6229048,-0.30755532,0.086389385,0.03344609,-0.13732933,0.8675341,0.999658
58,4833,18,RIGHT_PINKY,0.52683485,0.33610648,-0.8654169,0.051381722,-0.5537552,-0.33102798,0.9626652,0.9996125
58,4833,19,LEFT_INDEX,0.5607446,0.6133423,-0.327781,0.055417724,0.03488479,-0.15584372,0.86694646,0.99974877
58,4833,20,RIGHT_INDEX,0.5272195,0.33203787,-0.8299386,0.05668948,-0.57283825,-0.31017804,0.9601096,0.9996673
58,4833,21,LEFT_THUMB,0.5617414,0.6050289,-0.25746107,0.07878366,-0.026780115,-0.12269524,0.85386,0.99981767
58,4833,22,RIGHT_THUMB,0.5219928,0.34046292,-0.76003546,0.024098957,-0.5461861,-0.2933508,0.9478814,0.9997731
58,4833,23,LEFT_HIP,0.57281405,0.6112283,0.023931708,0.13961045,0.0044998447,0.03838718,0.99988747,0.99992335
58,4833,24,RIGHT_HIP,0.43319923,0.6121096,-0.023081565,-0.13786075,-0.005619854,-0.0343937,0.99975944,0.9996215
58,4833,25,LEFT_KNEE,0.62750894,0.6679558,-0.8611758,0.09692701,0.23269463,-0.31715885,0.98567504,0.9998902
58,4833,26,RIGHT_KNEE,0.52784204,0.67076194,-0.8776801,0.039351203,0.18212615,-0.34898934,0.98899686,0.9997428
58,4833,27,LEFT_ANKLE,0.53812075,0.855056,-0.7771325,0.097982675,0.5389594,-0.33435744,0.9681102,0.9990073
58,4833,28,RIGHT_ANKLE,0.5156348,0.85897005,-0.80791193,0.06051928,0.54910684,-0.3730522,0.96120155,0.997459
58,4833,29,LEFT_HEEL,0.51042295,0.8706547,-0.7786127,0.098629594,0.58138317,-0.34075734,0.90175,0.997537
58,4833,30,RIGHT_HEEL,0.4985176,0.8752204,-0.8075692,0.062568076,0.5998686,-0.37685987,0.892224,0.99424744
58,4833,31,LEFT_FOOT_INDEX,0.53882086,0.92524993,-1.1439998,0.09695475,0.6808993,-0.4864678,0.9715434,0.99242276
58,4833,32,RIGHT_FOOT_INDEX,0.5374988,0.9309516,-1.1516539,0.048977863,0.69256365,-0.49619266,0.96767807,0.9845754
59,4917,0,NOSE,0.54239124,0.32285678,-0.19975159,0.07157176,-0.6532128,-0.091264755,0.9999889,0.9999654
59,4917,1,LEFT_EYE_INNER,0.5502074,0.31323528,-0.13616885,0.06299871,-0.684202,-0.064371474,0.99998236,0.9999329
59,4917,2,LEFT_EYE,0.55630165,0.31365782,-0.13626626,0.06412515,-0.685643,-0.06360464,0.9999853,0.99993944
59,4917,3,LEFT_EYE_OUTER,0.5625692,0.31422365,-0.13616754,0.0639245,-0.68626195,-0.0641036,0.999987,0.9999398
59,4917,4,RIGHT_EYE_INNER,0.5282013,0.31322524,-0.15012428,0.035931006,-0.6781736,-0.07063614,0.9999635,0.9998945
59,4917,5,RIGHT_EYE,0.5185935,0.31363147,-0.1503162,0.037156016,-0.6784255,-0.07043679,0.99996895,0.99986124
59,4917,6,RIGHT_EYE_OUTER,0.5095946,0.31407985,-0.15031171,0.036604267,-0.6806901,-0.07013032,0.99996585,0.99980897
59,4917,7,LEFT_EAR,0.56238246,0.32243103,0.13592824,0.08451783,-0.6477094,0.046640374,0.99998313,0.99996233
59,4917,8,RIGHT_EAR,0.4879047,0.3212828,0.07352868,-0.05567244,-0.62897044,0.0076071513,0.9998677,0.99971753
59,4917,9,MOUTH_LEFT,0.55215997,0.33918622,-0.10230479,0.08925416,-0.6238594,-0.053664163,0.999987,0.99996877
59,4917,10,MOUTH_RIGHT,0.52123713,0.3387621,-0.121290565,0.04807198,-0.61428815,-0.06281853,0.9999695,0.99992156
59,4917,11,LEFT_SHOULDER,0.63161784,0.41993326,0.163683,0.18870893,-0.43694443,0.08204717,0.99997896,0.99993026
59,4917,12,RIGHT_SHOULDER,0.40350696,0.40932631,0.052633584,-0.14041813,-0.46557122,0.0026808048,0.9996485,0.9978002
59,4917,13,LEFT_ELBOW,0.6417897,0.52526975,-0.035155505,0.14468576,-0.19506818,-0.011033622,0.95167994,0.9998134
59,4917,14,RIGHT_ELBOW,0.41136944,0.44879046,-0.41304618,-0.114900894,-0.36363658,-0.1599159,0.9895927,0.9985221
59,4917,15,LEFT_WRIST,0.5933815,0.59661007,-0.24965772,0.09517548,-0.045803506,-0.11515751,0.9257921,0.99986553
59,4917,16,RIGHT_WRIST,0.5096709,0.35976997,-0.80312645,0.012687917,-0.53246355,-0.30424944,0.98194,0.99980444
59,4917,17,LEFT_PINKY,0.577852,0.6229574,-0.313453,0.08607619,0.03299626,-0.1357051,0.8676188,0.99967754
59,4917,18,RIGHT_PINKY,0.52717423,0.33774638,-0.90895885,0.055513844,-0.54768497,-0.3374493,0.96149474,0.9997017
59,4917,19,LEFT_INDEX,0.5605932,0.61341155,-0.3316626,0.05507955,0.03478139,-0.15328209,0.86700034,0.99976224
59,4917,20,RIGHT_INDEX,0.52723956,0.33230636,-0.87302536,0.05914775,-0.5677399,-0.31646252,0.95879763,0.9997408
59,4917,21,LEFT_THUMB,0.5615552,0.6050204,-0.26160336,0.07853879,-0.027951594,-0.1216767,0.85388964,0.999826
59,4917,22,RIGHT_THUMB,0.52224416,0.34091863,-0.80150247,0.026724992,-0.53974235,-0.30015057,0.9462644,0.99982184
59,4917,23,LEFT_HIP,0.5728127,0.61122584,0.027426142,0.14025404,0.0044068983,0.04015533,0.99989134,0.99992096
59,4917,24,RIGHT_HIP,0.43233278,0.61213243,-0.026577774,-0.13845596,-0.005561131,-0.0358197,0.9997678,0.99963737
59,4917,25,LEFT_KNEE,0.62767124,0.6679555,-0.87543327,0.09767113,0.23283753,-0.3171347,0.98572266,0.9999083
59,4917,26,RIGHT_KNEE,0.5287361,0.6707739,-0.89945847,0.044485725,0.18131098,-0.3511151,0.9889552,0.9998233
59,4917,27,LEFT_ANKLE,0.53797865,0.85500705,-0.7631994,0.09906403,0.53558844,-0.32932565,0.96821415,0.9995141
59,4917,28,RIGHT_ANKLE,0.51556844,0.8589861,-0.8161107,0.06274016,0.54779893,-0.37387156,0.9616906,0.9986904
59,4917,29,LEFT_HEEL,0.51014143,0.8705537,-0.7585044,0.100316696,0.57784516,-0.3349998,0.90227336,0.99886644
59,4917,30,RIGHT_HEEL,0.4982039,0.8753499,-0.81421626,0.06440986,0.5988128,-0.3777126,0.8928605,0.9970765
59,4917,31,LEFT_FOOT_INDEX,0.538765,0.9237305,-1.1166841,0.10211264,0.67968,-0.47469652,0.97179824,0.99666256
59,4917,32,RIGHT_FOOT_INDEX,0.5375453,0.9309694,-1.1604968,0.04969338,0.6923608,-0.49641833,0.9681042,0.9920002
60,5000,0,NOSE,0.54287505,0.32269442,-0.18301734,0.070952125,-0.6542391,-0.08814905,0.9999892,0.9999751
60,5000,1,LEFT_EYE_INNER,0.5503202,0.3127063,-0.119727895,0.061459906,-0.68527365,-0.061044212,0.9999828,0.99994934
60,5000,2,LEFT_EYE,0.55654365,0.3129662,-0.11973792,0.06262802,-0.6867146,-0.060311172,0.99998564,0.9999535
60,5000,3,LEFT_EYE_OUTER,0.56292766,0.31333905,-0.11962565,0.06240492,-0.6874899,-0.06076711,0.99998736,0.9999535
60,5000,4,RIGHT_EYE_INNER,0.5284079,0.31313843,-0.13473766,0.034616854,-0.678855,-0.068090826,0.9999643,0.99992275
60,5000,5,RIGHT_EYE,0.5186926,0.31361255,-0.13494498,0.035867993,-0.6791791,-0.067879885,0.99996966,0.9998977
60,5000,6,RIGHT_EYE_OUTER,0.50960755,0.31408313,-0.13493803,0.03528976,-0.6815232,-0.06757927,0.9999667,0.99986017
60,5000,7,LEFT_EAR,0.56293464,0.32168394,0.14840172,0.07857168,-0.6480182,0.05038003,0.99998355,0.999972
60,5000,8,RIGHT_EAR,0.48779055,0.32148007,0.08132607,-0.059878908,-0.6287847,0.008593339,0.9998689,0.9997998
60,5000,9,MOUTH_LEFT,0.5535354,0.33903968,-0.0871138,0.08820121,-0.62483966,-0.05067249,0.9999872,0.999977
60,5000,10,MOUTH_RIGHT,0.5229201,0.3387347,-0.107551806,0.047190275,-0.61490405,-0.06065727,0.99996936,0.99994123
60,5000,11,LEFT_SHOULDER,0.6316375,0.4200336,0.18169709,0.18387865,-0.43699455,0.08834384,0.9999791,0.9999473
60,5000,12,RIGHT_SHOULDER,0.40316,0.40958437,0.068914704,-0.14365242,-0.4628248,0.0059045497,0.9996401,0.99836427
60,5000,13,LEFT_ELBOW,0.6423584,0.5256642,0.014521715,0.13705522,-0.19544299,0.008192955,0.95366293,0.9998511
60,5000,14,RIGHT_ELBOW,0.41194856,0.4532616,-0.3710567,-0.11984488,-0.34796807,-0.1474923,0.9895219,0.998784
60,5000,15,LEFT_WRIST,0.5927247,0.59749204,-0.17668232,0.08295016,-0.045704424,-0.085463956,0.9279607,0.99990535
60,5000,16,RIGHT_WRIST,0.5096888,0.36556196,-0.7609885,0.004492993,-0.51609087,-0.29372695,0.98186624,0.99984765
60,5000,17,LEFT_PINKY,0.57645714,0.6230464,-0.23493826,0.07169595,0.034537245,-0.10308826,0.8692809,0.9997565
60,5000,18,RIGHT_PINKY,0.52601963,0.34252194,-0.86456835,0.04733481,-0.5320822,-0.32752976,0.9612068,0.9997546
60,5000,19,LEFT_INDEX,0.5593376,0.6134187,-0.2536992,0.039849505,0.037208594,-0.12056664,0.8686842,0.99981767
60,5000,20,RIGHT_INDEX,0.52490395,0.3367955,-0.83025587,0.049936388,-0.5532021,-0.3071081,0.95844144,0.99979013
60,5000,21,LEFT_THUMB,0.56053627,0.6050785,-0.18784752,0.06556126,-0.027651193,-0.091285504,0.8554167,0.99987173
60,5000,22,RIGHT_THUMB,0.5209429,0.34478372,-0.7594173,0.018076979,-0.52429426,-0.28971514,0.94574946,0.9998568
60,5000,23,LEFT_HIP,0.57706416,0.61061305,0.025983246,0.14067683,0.0043694098,0.04021993,0.9998941,0.99991775
60,5000,24,RIGHT_HIP,0.4358891,0.6119257,-0.025161555,-0.13885204,-0.00553524,-0.035847005,0.9997725,0.9996049
60,5000,25,LEFT_KNEE,0.6276305,0.66792995,-0.8774653,0.08592397,0.23923501,-0.3171163,0.98571116,0.9999039
60,5000,26,RIGHT_KNEE,0.5286814,0.67317903,-0.8757927,0.042097427,0.18882304,-0.34696206,0.98864245,0.9997305
60,5000,27,LEFT_ANKLE,0.53797656,0.85655487,-0.7765045,0.09603536,0.5394057,-0.3310796,0.9678716,0.99909604
60,5000,28,RIGHT_ANKLE,0.51580864,0.85969895,-0.8065387,0.060413063,0.5512274,-0.3713893,0.96037525,0.99766773
60,5000,29,LEFT_HEEL,0.51034,0.8715838,-0.77637744,0.09804563,0.5819079,-0.33730084,0.8987383,0.9977569
60,5000,30,RIGHT_HEEL,0.49881396,0.8755908,-0.8068069,0.062263813,0.6021462,-0.37568542,0.8888802,0.99490017
60,5000,31,LEFT_FOOT_INDEX,0.53791994,0.9248255,-1.140814,0.09436598,0.6842431,-0.47957057,0.9716311,0.9940659
60,5000,32,RIGHT_FOOT_INDEX,0.537726,0.93165934,-1.153813,0.04724988,0.697492,-0.49504748,0.96735954,0.9871788
61,5083,0,NOSE,0.5469375,0.32419226,-0.21309407,0.08296727,-0.6486478,-0.09410881,0.9999895,0.9999764
61,5083,1,LEFT_EYE_INNER,0.55341476,0.31417263,-0.15020722,0.07273218,-0.67990965,-0.06735063,0.9999833,0.99995315
61,5083,2,LEFT_EYE,0.5597537,0.31436887,-0.15019831,0.07385844,-0.6813691,-0.06656719,0.999986,0.99995637
61,5083,3,LEFT_EYE_OUTER,0.5655482,0.31469268,-0.15018524,0.07357133,-0.6822857,-0.067045785,0.9999877,0.9999553
61,5083,4,RIGHT_EYE_INNER,0.53088206,0.31451145,-0.16900726,0.045498986,-0.67302185,-0.076046266,0.9999653,0.99993396
61,5083,5,RIGHT_EYE,0.52075934,0.3148431,-0.16920966,0.046733323,-0.67345107,-0.07588317,0.9999705,0.9999145
61,5083,6,RIGHT_EYE_OUTER,0.510252,0.3153202,-0.16920593,0.046143617,-0.6758731,-0.075486675,0.9999677,0.999884
61,5083,7,LEFT_EAR,0.5653642,0.32252243,0.13396588,0.08581646,-0.6459515,0.04843494,0.99998415,0.99997187
61,5083,8,RIGHT_EAR,0.48749954,0.3226882,0.05063636,-0.054220922,-0.6247774,0.0008419873,0.9998736,0.99983525
61,5083,9,MOUTH_LEFT,0.55811185,0.34111482,-0.10964032,0.09912946,-0.621213,-0.05451399,0.9999876,0.99997723
61,5083,10,MOUTH_RIGHT,0.5267675,0.34070513,-0.13436458,0.057627995,-0.61064476,-0.06592395,0.9999703,0.99994814
61,5083,11,LEFT_SHOULDER,0.63153505,0.4199125,0.19315584,0.18996431,-0.4371664,0.09269404,0.999979,0.99994123
61,5083,12,RIGHT_SHOULDER,0.40246654,0.40985003,0.039751917,-0.13888781,-0.46115893,-0.0019500757,0.9996465,0.99876
61,5083,13,LEFT_ELBOW,0.6424663,0.5256806,0.04077127,0.14152913,-0.19678676,0.019447334,0.9546404,0.9998499
61,5083,14,RIGHT_ELBOW,0.41263473,0.4608024,-0.3974183,-0.1165503,-0.33518448,-0.15345474,0.98987937,0.99909246
61,5083,15,LEFT_WRIST,0.5923178,0.597537,-0.17977497,0.087519646,-0.046035305,-0.08031463,0.9286041,0.9999001
61,5083,16,RIGHT_WRIST,0.5094337,0.3708441,-0.7960627,0.004430707,-0.5002705,-0.30157432,0.9826898,0.9999118
61,5083,17,LEFT_PINKY,0.5758953,0.62331134,-0.24194352,0.07791781,0.034592003,-0.09896507,0.8691574,0.9997367
61,5083,18,RIGHT_PINKY,0.5248477,0.35146353,-0.90375173,0.047284424,-0.51558715,-0.3368203,0.9628997,0.9998511
61,5083,19,LEFT_INDEX,0.5589038,0.6135805,-0.26394442,0.047271084,0.03757281,-0.11676798,0.86860913,0.99980897
61,5083,20,RIGHT_INDEX,0.52219677,0.34459823,-0.87129754,0.04979806,-0.5383019,-0.31764057,0.96025085,0.99987364
61,5083,21,LEFT_THUMB,0.5602032,0.6054355,-0.19373548,0.07066729,-0.027802419,-0.086888574,0.8557232,0.99986553
61,5083,22,RIGHT_THUMB,0.5195082,0.35285753,-0.7937279,0.01779605,-0.5093586,-0.29779807,0.94792783,0.99991655
61,5083,23,LEFT_HIP,0.5763274,0.61046344,0.04073865,0.1406303,0.004387574,0.04486295,0.99989665,0.9999151
61,5083,24,RIGHT_HIP,0.43387905,0.61095196,-0.039852165,-0.1388021,-0.005584213,-0.040392596,0.999778,0.9996526
61,5083,25,LEFT_KNEE,0.6304008,0.6663056,-0.87624425,0.101824336,0.23198155,-0.31732234,0.9857119,0.9998945
61,5083,26,RIGHT_KNEE,0.52827996,0.668925,-0.9190862,0.042232614,0.17582555,-0.36075744,0.9890057,0.99981767
61,5083,27,LEFT_ANKLE,0.53810084,0.8547324,-0.74278104,0.09946942,0.5257194,-0.32371762,0.96792257,0.9994319
61,5083,28,RIGHT_ANKLE,0.51490647,0.85962135,-0.83311015,0.06278636,0.54290676,-0.37740707,0.96125853,0.9984988
61,5083,29,LEFT_HEEL,0.51154935,0.8691276,-0.73728883,0.10065442,0.56696516,-0.32812613,0.8993967,0.9986853
61,5083,30,RIGHT_HEEL,0.4985674,0.8754913,-0.82958484,0.06527803,0.59412265,-0.3802123,0.89044034,0.99668854
61,5083,31,LEFT_FOOT_INDEX,0.5364471,0.9231046,-1.0780443,0.09860713,0.6738996,-0.46078637,0.9717768,0.99611557
61,5083,32,RIGHT_FOOT_INDEX,0.5402371,0.9321407,-1.1663986,0.06266381,0.6945769,-0.49559662,0.96782815,0.9901782
62,5167,0,NOSE,0.55304086,0.32739636,-0.21345499,0.08322307,-0.6364807,-0.10053742,0.99998945,0.99996376
62,5167,1,LEFT_EYE_INNER,0.5568636,0.31630898,-0.1543182,0.07321563,-0.6697195,-0.075957626,0.999983,0.9999324
62,5167,2,LEFT_EYE,0.5629905,0.31633636,-0.15438522,0.07433965,-0.6711575,-0.07525585,0.9999859,0.9999398
62,5167,3,LEFT_EYE_OUTER,0.56851804,0.31651884,-0.15438364,0.07407542,-0.67173517,-0.07569441,0.9999876,0.99994075
62,5167,4,RIGHT_EYE_INNER,0.53384113,0.31659096,-0.17335567,0.04630572,-0.6628306,-0.085270435,0.9999646,0.999892
62,5167,5,RIGHT_EYE,0.5230145,0.31687263,-0.17347871,0.047507867,-0.6632793,-0.08523099,0.99997,0.9998568
62,5167,6,RIGHT_EYE_OUTER,0.5114389,0.31748754,-0.17347716,0.0469484,-0.6657444,-0.08480204,0.99996704,0.99980444
62,5167,7,LEFT_EAR,0.5668746,0.3236216,0.11408813,0.08539026,-0.64337206,0.038485195,0.9999841,0.9999658
62,5167,8,RIGHT_EAR,0.48752454,0.32437596,0.029674977,-0.05415986,-0.6220602,-0.011981891,0.99987143,0.9997241
62,5167,9,MOUTH_LEFT,0.5645383,0.34487087,-0.1138534,0.09878288,-0.61211133,-0.060614847,0.99998754,0.99997497
62,5167,10,MOUTH_RIGHT,0.5340904,0.34371644,-0.1387453,0.057474427,-0.6017444,-0.073016025,0.9999701,0.99993646
62,5167,11,LEFT_SHOULDER,0.6314479,0.4193081,0.17723995,0.18806474,-0.4374894,0.0879193,0.9999799,0.9999658
62,5167,12,RIGHT_SHOULDER,0.4019659,0.40987283,0.03911969,-0.14436491,-0.45746607,-0.0047889347,0.99964935,0.99857306
62,5167,13,LEFT_ELBOW,0.6426583,0.52576697,0.04119096,0.14048304,-0.19552805,0.01745501,0.9568074,0.9998766
62,5167,14,RIGHT_ELBOW,0.41673517,0.4750846,-0.34554112,-0.11654244,-0.30020565,-0.14417243,0.9900436,0.9984145
62,5167,15,LEFT_WRIST,0.59213233,0.59772813,-0.17693564,0.08598445,-0.043717347,-0.08142365,0.9312169,0.9999132
62,5167,16,RIGHT_WRIST,0.51616037,0.3792265,-0.70983255,0.012523025,-0.46781835,-0.288383,0.9831087,0.99986553
62,5167,17,LEFT_PINKY,0.57599896,0.62352574,-0.24269395,0.07640834,0.03898131,-0.10116819,0.87232953,0.99973255
62,5167,18,RIGHT_PINKY,0.53948796,0.3632986,-0.8084944,0.058998417,-0.48470712,-0.32262102,0.9638354,0.99977833
62,5167,19,LEFT_INDEX,0.5581183,0.6136963,-0.2658429,0.043606743,0.04021691,-0.11977288,0.8719403,0.99980444
62,5167,20,RIGHT_INDEX,0.53672576,0.35504472,-0.7870253,0.058186162,-0.5140915,-0.30655348,0.9613001,0.99981624
62,5167,21,LEFT_THUMB,0.5589194,0.6057533,-0.19099787,0.068269,-0.025836071,-0.08774712,0.85936964,0.99987173
62,5167,22,RIGHT_THUMB,0.529646,0.36125246,-0.71017724,0.02546565,-0.48013118,-0.28555235,0.9490734,0.9998785
62,5167,23,LEFT_HIP,0.5762766,0.6089096,0.039450064,0.14073865,0.004385185,0.04477774,0.99989676,0.9999125
62,5167,24,RIGHT_HIP,0.4344137,0.60854155,-0.0384766,-0.13894609,-0.0055892686,-0.040317483,0.9997706,0.9994642
62,5167,25,LEFT_KNEE,0.6286484,0.6667633,-0.85811454,0.094977334,0.24439105,-0.31778228,0.9856735,0.99988675
62,5167,26,RIGHT_KNEE,0.5269219,0.6724732,-0.8084028,0.044661485,0.19984402,-0.3375176,0.988592,0.9996458
62,5167,27,LEFT_ANKLE,0.5380896,0.85447025,-0.7336614,0.09478935,0.5400956,-0.3238399,0.9675151,0.998884
62,5167,28,RIGHT_ANKLE,0.5149996,0.8596652,-0.73593134,0.054793112,0.5584326,-0.35649264,0.9594674,0.9965301
62,5167,29,LEFT_HEEL,0.5116085,0.86872464,-0.7303559,0.09606796,0.5814675,-0.32833084,0.8976389,0.99719906
62,5167,30,RIGHT_HEEL,0.4990141,0.87535846,-0.73499554,0.055089686,0.60931337,-0.3601698,0.8859396,0.99262565
62,5167,31,LEFT_FOOT_INDEX,0.53306425,0.9229957,-1.0758634,0.09235683,0.68535095,-0.46450716,0.9713216,0.9916196
62,5167,32,RIGHT_FOOT_INDEX,0.53979343,0.9324091,-1.0685396,0.046788875,0.70901686,-0.4794928,0.9663116,0.9789554
63,5250,0,NOSE,0.56214637,0.33189106,-0.25994942,0.097950906,-0.6316352,-0.11982843,0.9999894,0.999966
63,5250,1,LEFT_EYE_INNER,0.56490827,0.31931722,-0.20534416,0.090723634,-0.66674286,-0.09695895,0.9999828,0.9999417
63,5250,2,LEFT_EYE,0.5706414,0.31911314,-0.20553419,0.09146162,-0.667881,-0.096342765,0.9999857,0.99994814
63,5250,3,LEFT_EYE_OUTER,0.57628125,0.3191189,-0.2055361,0.09144381,-0.6686915,-0.096657604,0.99998736,0.99994934
63,5250,4,RIGHT_EYE_INNER,0.54229844,0.31967205,-0.2304644,0.06395287,-0.6601895,-0.109266065,0.99996424,0.9999076
63,5250,5,RIGHT_EYE,0.5300279,0.31981713,-0.23065357,0.06490786,-0.6606553,-0.10960397,0.9999697,0.9998766
63,5250,6,RIGHT_EYE_OUTER,0.51768273,0.32017308,-0.23046538,0.06458027,-0.6628153,-0.10905779,0.9999664,0.99983263
63,5250,7,LEFT_EAR,0.5736324,0.32676804,0.058441333,0.09237579,-0.64494234,0.020345379,0.99998415,0.9999702
63,5250,8,RIGHT_EAR,0.4884742,0.32634082,-0.052352704,-0.04218417,-0.62357694,-0.042797115,0.9998717,0.9997527
63,5250,9,MOUTH_LEFT,0.5747221,0.35072023,-0.16102543,0.106683925,-0.6087925,-0.07870264,0.9999876,0.9999751
63,5250,10,MOUTH_RIGHT,0.5413104,0.34910578,-0.19331461,0.06727471,-0.59894973,-0.09475029,0.99997044,0.99993944
63,5250,11,LEFT_SHOULDER,0.6306608,0.41911513,0.14836632,0.186652,-0.4454837,0.07889452,0.9999806,0.99997294
63,5250,12,RIGHT_SHOULDER,0.4016795,0.40987405,-0.036810394,-0.13954967,-0.4567048,-0.034499567,0.9996568,0.9987005
63,5250,13,LEFT_ELBOW,0.6427373,0.5249719,0.044265162,0.14714299,-0.20093445,0.01689278,0.9586797,0.99990535
63,5250,14,RIGHT_ELBOW,0.42479488,0.4901666,-0.39880562,-0.104260474,-0.27762428,-0.16631211,0.99028736,0.9984988
63,5250,15,LEFT_WRIST,0.59207314,0.5977655,-0.16870452,0.08633316,-0.0445506,-0.08233314,0.93439746,0.99994123
63,5250,16,RIGHT_WRIST,0.51822525,0.39549404,-0.7733463,0.01650019,-0.4406912,-0.31956482,0.98386383,0.9998832
63,5250,17,LEFT_PINKY,0.5759168,0.62348425,-0.23338294,0.077083796,0.035723705,-0.103714466,0.8772465,0.99979335
63,5250,18,RIGHT_PINKY,0.54149985,0.37599352,-0.87538266,0.05996052,-0.46283203,-0.3589269,0.9656498,0.99979657
63,5250,19,LEFT_INDEX,0.55819666,0.6137032,-0.25886542,0.044143837,0.033970334,-0.12306972,0.8768679,0.9998523
63,5250,20,RIGHT_INDEX,0.53845215,0.36702308,-0.85900915,0.058833513,-0.4947124,-0.34517774,0.96329033,0.99983394
63,5250,21,LEFT_THUMB,0.5589384,0.6057569,-0.18362692,0.06843098,-0.028074846,-0.0887705,0.86480033,0.9999076
63,5250,22,RIGHT_THUMB,0.53073436,0.3735768,-0.7751078,0.028223414,-0.45512456,-0.31840757,0.9514543,0.99989367
63,5250,23,LEFT_HIP,0.57261133,0.608958,0.05349906,0.13367306,0.0043831323,0.047439586,0.99989164,0.9999031
63,5250,24,RIGHT_HIP,0.4335365,0.60829157,-0.052480355,-0.13238844,-0.005585296,-0.043771777,0.99975145,0.99942076
63,5250,25,LEFT_KNEE,0.6293333,0.66972077,-0.73411995,0.121472575,0.24408595,-0.29150465,0.9849815,0.99979657
63,5250,26,RIGHT_KNEE,0.52863127,0.67270124,-0.80242324,0.05487503,0.1989063,-0.3386155,0.98849446,0.999608
63,5250,27,LEFT_ANKLE,0.54053736,0.848307,-0.6135615,0.0938955,0.54350525,-0.28345695,0.96564585,0.9986749
63,5250,28,RIGHT_ANKLE,0.51453906,0.85986793,-0.7516432,0.047321185,0.5645347,-0.35743773,0.9587159,0.9959927
63,5250,29,LEFT_HEEL,0.51378477,0.8624363,-0.6104265,0.09288428,0.5842495,-0.28705114,0.8952612,0.99690056
63,5250,30,RIGHT_HEEL,0.49813163,0.87550956,-0.75148386,0.04504281,0.61493766,-0.36094236,0.8843723,0.99090964
63,5250,31,LEFT_FOOT_INDEX,0.533066,0.9187751,-0.91212684,0.09314731,0.6857057,-0.41111737,0.9697046,0.9906961
63,5250,32,RIGHT_FOOT_INDEX,0.5425043,0.9326416,-1.0657817,0.046977166,0.7099549,-0.47686163,0.9653842,0.97394365
64,5333,0,NOSE,0.5657348,0.33516085,-0.30164304,0.09928911,-0.61646163,-0.13126299,0.99998933,0.99996877
64,5333,1,LEFT_EYE_INNER,0.5707946,0.32106662,-0.24784134,0.090966,-0.65226525,-0.10959704,0.9999823,0.9999422
64,5333,2,LEFT_EYE,0.5766453,0.32084432,-0.24785483,0.09185659,-0.65362763,-0.10894148,0.99998534,0.9999473
64,5333,3,LEFT_EYE_OUTER,0.5825816,0.3208389,-0.24785578,0.09179632,-0.6541622,-0.10934111,0.99998695,0.9999473
64,5333,4,RIGHT_EYE_INNER,0.5485262,0.3211174,-0.27226475,0.06505977,-0.64677316,-0.12245336,0.9999634,0.9999125
64,5333,5,RIGHT_EYE,0.5368393,0.3209007,-0.27245718,0.066120856,-0.64722395,-0.12253076,0.999969,0.999884
64,5333,6,RIGHT_EYE_OUTER,0.5241803,0.32081962,-0.27244246,0.065692425,-0.64962715,-0.12202353,0.99996555,0.99984396
64,5333,7,LEFT_EAR,0.5800835,0.3284251,0.02614955,0.0915311,-0.63666123,0.00712009,0.9999839,0.99996734
64,5333,8,RIGHT_EAR,0.49091864,0.32631797,-0.08308403,-0.04264776,-0.619514,-0.059553515,0.9998694,0.99977654
64,5333,9,MOUTH_LEFT,0.57640666,0.35349172,-0.19723982,0.106942646,-0.59537154,-0.08955855,0.9999876,0.9999745
64,5333,10,MOUTH_RIGHT,0.54475456,0.3509239,-0.22956017,0.06795339,-0.5869432,-0.10668219,0.9999708,0.99994564
64,5333,11,LEFT_SHOULDER,0.6283065,0.4174811,0.116445675,0.18102175,-0.4437588,0.06795254,0.9999814,0.9999678
64,5333,12,RIGHT_SHOULDER,0.40164667,0.40810972,-0.03542733,-0.1440167,-0.4536039,-0.039879937,0.999667,0.998884
64,5333,13,LEFT_ELBOW,0.64112866,0.5249316,0.014764434,0.13410869,-0.19829963,0.009618341,0.96067077,0.9999125
64,5333,14,RIGHT_ELBOW,0.42752716,0.50172883,-0.39667112,-0.09956547,-0.25157106,-0.16645126,0.9905437,0.99886644
64,5333,15,LEFT_WRIST,0.59129345,0.59859556,-0.22291861,0.08277104,-0.041312203,-0.09493263,0.937211,0.99993134
64,5333,16,RIGHT_WRIST,0.5417506,0.40521732,-0.7728602,0.0569294,-0.4146452,-0.31756493,0.98462963,0.99994564
64,5333,17,LEFT_PINKY,0.57576966,0.6240711,-0.2944994,0.07500751,0.040715702,-0.11599554,0.8811777,0.99977654
64,5333,18,RIGHT_PINKY,0.5746644,0.38293907,-0.8725681,0.11045064,-0.43287408,-0.356973,0.9672758,0.9999132
64,5333,19,LEFT_INDEX,0.5573261,0.6146479,-0.31993124,0.042222623,0.03959604,-0.13613112,0.88083696,0.99983656
64,5333,20,RIGHT_INDEX,0.56960684,0.3736946,-0.85820735,0.10638274,-0.4671613,-0.34213176,0.9650489,0.99992967
64,5333,21,LEFT_THUMB,0.55818886,0.6067003,-0.23822479,0.06529053,-0.024615677,-0.10176015,0.8692468,0.9998952
64,5333,22,RIGHT_THUMB,0.5597668,0.379933,-0.7733632,0.069844574,-0.42966023,-0.31751028,0.953476,0.9999542
64,5333,23,LEFT_HIP,0.5726177,0.60895544,0.045277014,0.1343748,0.004364386,0.047343023,0.9998897,0.9999083
64,5333,24,RIGHT_HIP,0.43443367,0.608206,-0.04411751,-0.13306125,-0.005566654,-0.043619372,0.9997426,0.9994684
64,5333,25,LEFT_KNEE,0.62440455,0.67001617,-0.82755524,0.1098615,0.24422294,-0.2986703,0.98474574,0.99986446
64,5333,26,RIGHT_KNEE,0.52427566,0.6726502,-0.8466123,0.053892363,0.20055962,-0.34241375,0.9883176,0.9997086
64,5333,27,LEFT_ANKLE,0.54034436,0.8492645,-0.6833189,0.092205025,0.5438033,-0.28913814,0.9648961,0.99900347
64,5333,28,RIGHT_ANKLE,0.51461834,0.8603736,-0.7873525,0.047711965,0.56387085,-0.3643206,0.95839286,0.9973061
64,5333,29,LEFT_HEEL,0.51287204,0.8657492,-0.680465,0.09126858,0.5847753,-0.29413205,0.89491624,0.997537
64,5333,30,RIGHT_HEEL,0.49812487,0.87632406,-0.78761125,0.0456216,0.6143811,-0.36859342,0.8847916,0.9939261
64,5333,31,LEFT_FOOT_INDEX,0.5338314,0.9190146,-1.0267526,0.09107217,0.68820184,-0.42570063,0.9694936,0.9930962
64,5333,32,RIGHT_FOOT_INDEX,0.54254586,0.9325291,-1.1281856,0.0464005,0.7094057,-0.4876645,0.9651964,0.98166555
65,5417,0,NOSE,0.5713059,0.33693543,-0.35184383,0.1033649,-0.60936284,-0.15224262,0.9999895,0.99997413
65,5417,1,LEFT_EYE_INNER,0.5767176,0.32249847,-0.29867566,0.09426258,-0.6450174,-0.13084288,0.9999823,0.9999517
65,5417,2,LEFT_EYE,0.58268625,0.3224416,-0.2986742,0.095217906,-0.6464474,-0.13023002,0.99998534,0.9999553
65,5417,3,LEFT_EYE_OUTER,0.5884588,0.32244095,-0.29867467,0.09505184,-0.6469303,-0.13070752,0.9999869,0.9999546
65,5417,4,RIGHT_EYE_INNER,0.55247355,0.32163367,-0.3221958,0.068387665,-0.6393624,-0.14323205,0.9999638,0.99993026
65,5417,5,RIGHT_EYE,0.5407737,0.32109886,-0.3222045,0.06945354,-0.63982636,-0.14335196,0.99996936,0.9999083
65,5417,6,RIGHT_EYE_OUTER,0.5274584,0.32086056,-0.32220477,0.068984866,-0.6422769,-0.14274812,0.99996597,0.9998776
65,5417,7,LEFT_EAR,0.5824248,0.32877734,-0.019727109,0.09343812,-0.6304175,-0.012274271,0.99998397,0.99997044
65,5417,8,RIGHT_EAR,0.49536884,0.32630345,-0.12651485,-0.04015261,-0.6129016,-0.077446684,0.9998733,0.99983263
65,5417,9,MOUTH_LEFT,0.5789781,0.35392538,-0.24487607,0.11106469,-0.5885259,-0.10953211,0.99998784,0.9999788
65,5417,10,MOUTH_RIGHT,0.54986703,0.3517321,-0.2763782,0.07196858,-0.5798234,-0.12613463,0.999972,0.999959
65,5417,11,LEFT_SHOULDER,0.6289897,0.41696006,0.091831684,0.1825771,-0.4395323,0.056982547,0.99998194,0.99996877
65,5417,12,RIGHT_SHOULDER,0.40460014,0.4069311,-0.074509665,-0.14371908,-0.449185,-0.056033526,0.99968445,0.99922967
65,5417,13,LEFT_ELBOW,0.6417399,0.5237082,0.009362671,0.13439101,-0.19045697,0.0070434967,0.96288604,0.99992573
65,5417,14,RIGHT_ELBOW,0.42957634,0.5103712,-0.41714752,-0.100005694,-0.23647496,-0.17361131,0.991023,0.99893504
65,5417,15,LEFT_WRIST,0.5919579,0.59874356,-0.22072904,0.083496384,-0.034502085,-0.096632026,0.94092363,0.99995244
65,5417,16,RIGHT_WRIST,0.5659402,0.41801873,-0.77394444,0.0703493,-0.3771377,-0.31566307,0.98546004,0.9999453
65,5417,17,LEFT_PINKY,0.5761026,0.6240746,-0.29282063,0.07595341,0.046718966,-0.117935896,0.8869288,0.9998287
65,5417,18,RIGHT_PINKY,0.6074789,0.40197998,-0.8727537,0.12900046,-0.39017823,-0.35420218,0.9689079,0.99990463
65,5417,19,LEFT_INDEX,0.5579722,0.6147327,-0.32010692,0.04385589,0.04475331,-0.13878435,0.88662213,0.99987566
65,5417,20,RIGHT_INDEX,0.6030503,0.38804516,-0.8548784,0.1309759,-0.4271314,-0.34030968,0.96679306,0.9999274
65,5417,21,LEFT_THUMB,0.55915,0.60677046,-0.23645511,0.06657488,-0.018240435,-0.103827156,0.8754932,0.99992275
65,5417,22,RIGHT_THUMB,0.588884,0.39516634,-0.772052,0.08662438,-0.39208654,-0.3153743,0.95547277,0.9999542
65,5417,23,LEFT_HIP,0.57259446,0.6084136,0.046921592,0.13460648,0.004574596,0.048824828,0.99988717,0.9998902
65,5417,24,RIGHT_HIP,0.43617833,0.6069156,-0.045791976,-0.13326544,-0.0057804766,-0.04497569,0.9997348,0.9994579
65,5417,25,LEFT_KNEE,0.6247811,0.6715731,-0.8264557,0.108236976,0.2532672,-0.30019858,0.984122,0.9997677
65,5417,26,RIGHT_KNEE,0.5243315,0.6725844,-0.8545743,0.054412358,0.20031507,-0.346831,0.9880795,0.99961853
65,5417,27,LEFT_ANKLE,0.5405572,0.84869224,-0.6899353,0.08825908,0.54884017,-0.2917546,0.9630364,0.9987503
65,5417,28,RIGHT_ANKLE,0.5137953,0.8607628,-0.81392986,0.047847454,0.56569743,-0.37223357,0.9571537,0.9961456
65,5417,29,LEFT_HEEL,0.51396203,0.8636284,-0.6882772,0.08791014,0.58908033,-0.29626355,0.89492196,0.99693656
65,5417,30,RIGHT_HEEL,0.49729234,0.87654316,-0.81551725,0.04616836,0.6163256,-0.37673897,0.88280064,0.99155444
65,5417,31,LEFT_FOOT_INDEX,0.5347366,0.91916007,-1.0285369,0.092471585,0.6885615,-0.43130386,0.96858037,0.99193794
65,5417,32,RIGHT_FOOT_INDEX,0.54286426,0.93263376,-1.1568507,0.045888122,0.7103878,-0.49493182,0.964133,0.9773276
66,5500,0,NOSE,0.57629806,0.33797035,-0.33275715,0.11739184,-0.61138564,-0.15022,0.9999897,0.9999621
66,5500,1,LEFT_EYE_INNER,0.5836191,0.32429004,-0.27806908,0.10777493,-0.64663875,-0.12767695,0.9999825,0.9999286
66,5500,2,LEFT_EYE,0.58928424,0.3245506,-0.2780729,0.108875915,-0.6479792,-0.12699735,0.99998546,0.9999335
66,5500,3,LEFT_EYE_OUTER,0.5949049,0.32476208,-0.27807236,0.10867521,-0.64856875,-0.1274778,0.999987,0.9999329
66,5500,4,RIGHT_EYE_INNER,0.5583089,0.3226656,-0.3002042,0.08220133,-0.640881,-0.13954882,0.9999649,0.99990606
66,5500,5,RIGHT_EYE,0.54612374,0.321786,-0.30035454,0.083303824,-0.64133954,-0.13960135,0.99997026,0.99988127
66,5500,6,RIGHT_EYE_OUTER,0.5327362,0.321281,-0.30035204,0.08278056,-0.64370245,-0.13906637,0.99996704,0.99984884
66,5500,7,LEFT_EAR,0.58583635,0.33009678,-0.0039927643,0.10748306,-0.6296758,-0.009631752,0.9999842,0.99995244
66,5500,8,RIGHT_EAR,0.5005801,0.32646686,-0.10374352,-0.024959957,-0.61185867,-0.072915025,0.99987847,0.9998148
66,5500,9,MOUTH_LEFT,0.58102804,0.35426506,-0.2295985,0.12612589,-0.58974177,-0.108504005,0.9999882,0.9999671
66,5500,10,MOUTH_RIGHT,0.55398875,0.35202074,-0.25898293,0.08683206,-0.5809556,-0.12455627,0.99997354,0.9999473
66,5500,11,LEFT_SHOULDER,0.6342519,0.41959095,0.089081466,0.19872917,-0.43292442,0.05437819,0.9999813,0.99993396
66,5500,12,RIGHT_SHOULDER,0.4106338,0.4067207,-0.0783514,-0.13075523,-0.44916895,-0.060531456,0.9996975,0.9990564
66,5500,13,LEFT_ELBOW,0.6463089,0.5287245,-0.03229462,0.15520477,-0.19045833,-0.0073871627,0.96444005,0.9998499
66,5500,14,RIGHT_ELBOW,0.43162248,0.51645356,-0.42996758,-0.088936545,-0.23282494,-0.18086767,0.99116886,0.99861693
66,5500,15,LEFT_WRIST,0.59370065,0.5987288,-0.27047852,0.10418417,-0.041052394,-0.11388495,0.9424947,0.9998634
66,5500,16,RIGHT_WRIST,0.59111,0.43893164,-0.77302116,0.109997265,-0.3438406,-0.3152223,0.9856661,0.99992096
66,5500,17,LEFT_PINKY,0.575948,0.6242251,-0.3447889,0.09513499,0.036242526,-0.13507693,0.8888515,0.9995745
66,5500,18,RIGHT_PINKY,0.63835347,0.42773128,-0.8692874,0.17370436,-0.3470993,-0.3523644,0.9693463,0.9998776
66,5500,19,LEFT_INDEX,0.5580963,0.6147444,-0.36568668,0.06451257,0.031463947,-0.15405585,0.88854223,0.9997017
66,5500,20,RIGHT_INDEX,0.6364599,0.41405383,-0.840832,0.17960595,-0.38378647,-0.339026,0.96725935,0.9999083
66,5500,21,LEFT_THUMB,0.55932134,0.60668683,-0.2842169,0.08814279,-0.0262282,-0.120477565,0.87782055,0.99980134
66,5500,22,RIGHT_THUMB,0.62046367,0.41649595,-0.76639897,0.12840083,-0.35658982,-0.31337813,0.95565325,0.9999379
66,5500,23,LEFT_HIP,0.5663398,0.61294216,0.049267545,0.13476507,0.0059125386,0.050539095,0.99988157,0.99984276
66,5500,24,RIGHT_HIP,0.43078703,0.6112753,-0.048173085,-0.13340616,-0.0071407896,-0.046511874,0.9997266,0.9992986
66,5500,25,LEFT_KNEE,0.62783265,0.6715933,-0.817223,0.12326407,0.23586747,-0.30081847,0.98341644,0.9997584
66,5500,26,RIGHT_KNEE,0.5243754,0.6698758,-0.89403576,0.056776647,0.1611071,-0.3643251,0.9883519,0.9997198
66,5500,27,LEFT_ANKLE,0.54177856,0.84856427,-0.67403555,0.09746293,0.5232051,-0.29517758,0.9619548,0.9989309
66,5500,28,RIGHT_ANKLE,0.5143341,0.85929525,-0.815133,0.060216263,0.53302884,-0.38013333,0.9582161,0.9975561
66,5500,29,LEFT_HEEL,0.5151639,0.86243886,-0.66982687,0.09655564,0.56218827,-0.2998839,0.8957421,0.997537
66,5500,30,RIGHT_HEEL,0.49630716,0.8752836,-0.81325996,0.05965402,0.5838127,-0.3831524,0.88635397,0.99442345
66,5500,31,LEFT_FOOT_INDEX,0.5365046,0.9191802,-0.9935962,0.10659465,0.6624942,-0.43079394,0.96814775,0.9930153
66,5500,32,RIGHT_FOOT_INDEX,0.54216325,0.93209016,-1.1543047,0.05912685,0.67794627,-0.4958123,0.96482164,0.983343
67,5583,0,NOSE,0.57608265,0.33783168,-0.35428,0.11909434,-0.61151433,-0.15291333,0.9999897,0.9999478
67,5583,1,LEFT_EYE_INNER,0.58342254,0.3244416,-0.30247247,0.10920848,-0.6467173,-0.13021198,0.9999825,0.9999001
67,5583,2,LEFT_EYE,0.58944106,0.3247147,-0.30247137,0.11039937,-0.648066,-0.12949744,0.9999855,0.9999083
67,5583,3,LEFT_EYE_OUTER,0.5952372,0.32485205,-0.30247158,0.110196665,-0.648626,-0.13006556,0.99998707,0.99990976
67,5583,4,RIGHT_EYE_INNER,0.55854326,0.32296056,-0.32133964,0.083026566,-0.640199,-0.14083257,0.9999654,0.9998697
67,5583,5,RIGHT_EYE,0.54689157,0.32220584,-0.3215296,0.08418183,-0.6406255,-0.14092852,0.9999706,0.99983776
67,5583,6,RIGHT_EYE_OUTER,0.5337991,0.32176745,-0.32135406,0.083690956,-0.64305353,-0.14026995,0.99996746,0.9997918
67,5583,7,LEFT_EAR,0.58855355,0.33015725,-0.030097084,0.11321579,-0.6286036,-0.012895713,0.9999842,0.99993646
67,5583,8,RIGHT_EAR,0.5039238,0.32693076,-0.114092894,-0.021892777,-0.6080221,-0.07161721,0.9998812,0.9997428
67,5583,9,MOUTH_LEFT,0.5811519,0.35410142,-0.2508935,0.13047892,-0.58927745,-0.111962356,0.99998844,0.999959
67,5583,10,MOUTH_RIGHT,0.55366266,0.35195762,-0.2759225,0.09021417,-0.5797895,-0.12648655,0.99997455,0.99992514
67,5583,11,LEFT_SHOULDER,0.63469195,0.4251186,0.08263142,0.20758523,-0.42830387,0.055058725,0.99998075,0.99993134
67,5583,12,RIGHT_SHOULDER,0.4196432,0.4067788,-0.089147165,-0.11396648,-0.4469399,-0.062966205,0.99970645,0.99883956
67,5583,13,LEFT_ELBOW,0.64693594,0.5341764,-0.03303083,0.16434632,-0.19005863,-0.006553987,0.9658632,0.9998697
67,5583,14,RIGHT_ELBOW,0.4393354,0.52326185,-0.4131221,-0.054085385,-0.22193101,-0.17562439,0.9910545,0.99889696
67,5583,15,LEFT_WRIST,0.5955577,0.5986184,-0.27018583,0.12742594,-0.053015474,-0.112410195,0.9450169,0.99989605
67,5583,16,RIGHT_WRIST,0.6275326,0.463883,-0.6989028,0.16565655,-0.29866073,-0.28352067,0.98551494,0.9999076
67,5583,17,LEFT_PINKY,0.5782212,0.6239234,-0.3422041,0.11826813,0.017745402,-0.13231549,0.8931499,0.9997198
67,5583,18,RIGHT_PINKY,0.6736301,0.457927,-0.78758,0.23035353,-0.29267302,-0.31158435,0.9689887,0.9998697
67,5583,19,LEFT_INDEX,0.5599908,0.6144477,-0.3623562,0.09035283,0.010540341,-0.15235174,0.89279675,0.9997981
67,5583,20,RIGHT_INDEX,0.6764183,0.44587255,-0.7558919,0.23537457,-0.32823342,-0.29004174,0.9668426,0.9998952
67,5583,21,LEFT_THUMB,0.5616804,0.6059875,-0.28267682,0.1127811,-0.040951386,-0.11870348,0.8823007,0.99986017
67,5583,22,RIGHT_THUMB,0.6616501,0.4459845,-0.6886844,0.1837391,-0.3092764,-0.27605382,0.95454663,0.9999274
67,5583,23,LEFT_HIP,0.5615222,0.61786854,0.04913906,0.1347943,0.0074587255,0.050621886,0.9998752,0.99987364
67,5583,24,RIGHT_HIP,0.4255371,0.61508846,-0.04801418,-0.13337855,-0.008663018,-0.046550974,0.99972,0.99939525
67,5583,25,LEFT_KNEE,0.6295253,0.6686751,-0.8495108,0.13108775,0.19987005,-0.3022373,0.9827149,0.99968743
67,5583,26,RIGHT_KNEE,0.52387255,0.66827905,-0.9658006,0.054962717,0.13859425,-0.3822689,0.98855335,0.99972194
67,5583,27,LEFT_ANKLE,0.54252255,0.8493862,-0.7336099,0.115728006,0.50510234,-0.30412015,0.96053624,0.99813974
67,5583,28,RIGHT_ANKLE,0.514547,0.86127585,-0.8665507,0.066928715,0.51173156,-0.38717097,0.95883334,0.99683964
67,5583,29,LEFT_HEEL,0.51587695,0.86433136,-0.73154604,0.11522174,0.5453822,-0.30977964,0.89597327,0.99584997
67,5583,30,RIGHT_HEEL,0.4965815,0.87830466,-0.8604476,0.06743167,0.5612042,-0.388949,0.88972604,0.9927672
67,5583,31,LEFT_FOOT_INDEX,0.542579,0.92002743,-1.0607554,0.124025136,0.6403092,-0.43567792,0.9676973,0.9890976
67,5583,32,RIGHT_FOOT_INDEX,0.5439317,0.9320942,-1.181615,0.0703057,0.64835477,-0.49811172,0.9651776,0.98083925
68,5667,0,NOSE,0.5758587,0.33788487,-0.37003726,0.086747415,-0.60795605,-0.16062754,0.9999896,0.9999403
68,5667,1,LEFT_EYE_INNER,0.5828874,0.32509416,-0.32295322,0.08361119,-0.6441645,-0.13940316,0.99998206,0.99988043
68,5667,2,LEFT_EYE,0.58918667,0.3254443,-0.3231305,0.08464527,-0.6455316,-0.13867238,0.9999853,0.9998859
68,5667,3,LEFT_EYE_OUTER,0.5952518,0.32564047,-0.32313064,0.08463802,-0.6460357,-0.13918401,0.99998677,0.99988496
68,5667,4,RIGHT_EYE_INNER,0.5581461,0.32364506,-0.33599716,0.054701887,-0.6378903,-0.14634214,0.99996513,0.9998579
68,5667,5,RIGHT_EYE,0.54654473,0.32312018,-0.33601922,0.055719018,-0.63828874,-0.14663911,0.99997056,0.9998287
68,5667,6,RIGHT_EYE_OUTER,0.5335784,0.3227789,-0.33599585,0.05547289,-0.6404699,-0.14582802,0.99996734,0.9997868
68,5667,7,LEFT_EAR,0.59251964,0.33052462,-0.060927227,0.107827015,-0.6280707,-0.02364894,0.99998325,0.9999069
68,5667,8,RIGHT_EAR,0.50624,0.3282594,-0.11690207,-0.036349528,-0.6080981,-0.07004226,0.9998822,0.9997367
68,5667,9,MOUTH_LEFT,0.5810285,0.35412687,-0.2689262,0.104765825,-0.5855957,-0.12009912,0.9999885,0.9999567
68,5667,10,MOUTH_RIGHT,0.55263513,0.35220873,-0.28570455,0.061760634,-0.57706106,-0.13028248,0.9999754,0.9999286
68,5667,11,LEFT_SHOULDER,0.63542426,0.42344555,0.065717384,0.20032293,-0.4284645,0.052320242,0.99998033,0.99992514
68,5667,12,RIGHT_SHOULDER,0.42897424,0.40740734,-0.091573864,-0.11634279,-0.44559124,-0.062056527,0.99971855,0.999089
68,5667,13,LEFT_ELBOW,0.645805,0.5303794,-0.04756078,0.1611178,-0.1891852,-0.010665653,0.9662325,0.99986756
68,5667,14,RIGHT_ELBOW,0.4581683,0.52812386,-0.3450116,-0.046316057,-0.2085161,-0.15425977,0.9910365,0.9991928
68,5667,15,LEFT_WRIST,0.5993976,0.59812915,-0.30447644,0.1262462,-0.05596759,-0.12537271,0.94636124,0.99987173
68,5667,16,RIGHT_WRIST,0.661842,0.49636048,-0.59400743,0.17066099,-0.2567978,-0.25272697,0.98546195,0.99991107
68,5667,17,LEFT_PINKY,0.58404905,0.62317586,-0.38461173,0.11652457,0.0080142245,-0.15120931,0.89639837,0.99968004
68,5667,18,RIGHT_PINKY,0.7100928,0.4923672,-0.6828516,0.23249127,-0.24801286,-0.28283727,0.9691419,0.99986124
68,5667,19,LEFT_INDEX,0.56800115,0.6141828,-0.41208255,0.0853276,-0.0013591533,-0.17293319,0.89613414,0.9997584
68,5667,20,RIGHT_INDEX,0.70602745,0.4820209,-0.66298324,0.23616788,-0.2856299,-0.264128,0.9671483,0.9998952
68,5667,21,LEFT_THUMB,0.5708261,0.6059993,-0.32096583,0.10943182,-0.046549615,-0.13309127,0.8859478,0.99983525
68,5667,22,RIGHT_THUMB,0.69268274,0.4812078,-0.58792305,0.18770882,-0.2680849,-0.2466132,0.95465714,0.9999274
68,5667,23,LEFT_HIP,0.5698814,0.6183834,0.045331895,0.13201912,0.008842179,0.04809354,0.9998703,0.9998822
68,5667,24,RIGHT_HIP,0.4308797,0.61539316,-0.04420297,-0.13076058,-0.009939381,-0.044454537,0.99970967,0.9994536
68,5667,25,LEFT_KNEE,0.634367,0.6685578,-0.85963523,0.12915379,0.18204616,-0.31222704,0.9824525,0.99981767
68,5667,26,RIGHT_KNEE,0.5288402,0.66686624,-0.9403461,0.05429201,0.13405287,-0.37959284,0.98883027,0.9998247
68,5667,27,LEFT_ANKLE,0.544247,0.84968007,-0.7226006,0.09970643,0.499981,-0.30222115,0.96076393,0.999015
68,5667,28,RIGHT_ANKLE,0.5143753,0.8609292,-0.82890254,0.044288542,0.50074834,-0.37543267,0.96016514,0.9979493
68,5667,29,LEFT_HEEL,0.51965374,0.86483306,-0.71398985,0.09635287,0.54071695,-0.3061126,0.89780504,0.9977569
68,5667,30,RIGHT_HEEL,0.49657232,0.8774886,-0.8167265,0.040728625,0.54889774,-0.3755256,0.89402336,0.99568534
68,5667,31,LEFT_FOOT_INDEX,0.5442055,0.92253417,-1.0425613,0.099820465,0.63410825,-0.4332559,0.96803504,0.9928509
68,5667,32,RIGHT_FOOT_INDEX,0.53988504,0.9304735,-1.1286839,0.04400126,0.6362278,-0.4855553,0.9662082,0.98752034
69,5750,0,NOSE,0.5772885,0.33707637,-0.40493917,0.09174981,-0.60650474,-0.17186591,0.9999898,0.999956
69,5750,1,LEFT_EYE_INNER,0.58569956,0.32462236,-0.35761613,0.092721485,-0.64373046,-0.1509593,0.9999825,0.99990904
69,5750,2,LEFT_EYE,0.5925172,0.32497424,-0.3578143,0.093219474,-0.64473104,-0.15042706,0.9999856,0.9999138
69,5750,3,LEFT_EYE_OUTER,0.59884053,0.32509917,-0.35781446,0.0935042,-0.6454192,-0.1508193,0.99998707,0.9999145
69,5750,4,RIGHT_EYE_INNER,0.5600913,0.3234192,-0.37293592,0.06343914,-0.6371611,-0.15683514,0.9999662,0.9998969
69,5750,5,RIGHT_EYE,0.5483242,0.3230818,-0.37311593,0.06414905,-0.6377711,-0.15770549,0.9999713,0.9998795
69,5750,6,RIGHT_EYE_OUTER,0.5359897,0.32277128,-0.37311625,0.0640931,-0.6396607,-0.15674007,0.99996823,0.9998511
69,5750,7,LEFT_EAR,0.5989491,0.3301205,-0.09059484,0.12079772,-0.62828493,-0.036041483,0.99998313,0.99993026
69,5750,8,RIGHT_EAR,0.5114814,0.32860047,-0.15656538,-0.021090541,-0.60819715,-0.07736054,0.9998892,0.99984646
69,5750,9,MOUTH_LEFT,0.58491397,0.35359612,-0.30178455,0.109892435,-0.5837362,-0.13187096,0.99998903,0.9999727
69,5750,10,MOUTH_RIGHT,0.5545025,0.35216847,-0.32138517,0.06746089,-0.57529646,-0.14138299,0.99997705,0.99995935
69,5750,11,LEFT_SHOULDER,0.6418531,0.4252948,0.06612285,0.20367317,-0.4283024,0.04944498,0.99998,0.9999318
69,5750,12,RIGHT_SHOULDER,0.4386429,0.40839332,-0.15993476,-0.08993457,-0.44414115,-0.081794046,0.99974066,0.9996244
69,5750,13,LEFT_ELBOW,0.64671814,0.53622776,-0.11685849,0.16899826,-0.16992293,-0.03864564,0.9657554,0.9997284
69,5750,14,RIGHT_ELBOW,0.4750609,0.5323137,-0.3432692,-0.0024593966,-0.203372,-0.1516775,0.9912713,0.9995435
69,5750,15,LEFT_WRIST,0.61392146,0.58849674,-0.49373424,0.13384019,-0.070852354,-0.1957244,0.9468303,0.9998247
69,5750,16,RIGHT_WRIST,0.6715136,0.5295218,-0.51576656,0.20041862,-0.19809689,-0.22889219,0.98523074,0.99986756
69,5750,17,LEFT_PINKY,0.5932369,0.6151837,-0.59246117,0.12824443,-0.03016641,-0.22947457,0.89906245,0.9996594
69,5750,18,RIGHT_PINKY,0.7213318,0.5303319,-0.6065277,0.25698602,-0.17961894,-0.26247007,0.9689564,0.999764
69,5750,19,LEFT_INDEX,0.5798951,0.60744727,-0.6155041,0.11058215,-0.04930216,-0.24761766,0.8990167,0.9997367
69,5750,20,RIGHT_INDEX,0.72256595,0.51622283,-0.60265267,0.26775363,-0.2179436,-0.2521304,0.9672476,0.99982184
69,5750,21,LEFT_THUMB,0.5872055,0.59657145,-0.5143486,0.12256583,-0.06986979,-0.20464715,0.8888431,0.9998118
69,5750,22,RIGHT_THUMB,0.70713586,0.5133697,-0.5155962,0.21850151,-0.20760304,-0.22650036,0.9545795,0.99987566
69,5750,23,LEFT_HIP,0.5688993,0.62043005,0.054987755,0.12362135,0.009254557,0.047023162,0.99986917,0.999892
69,5750,24,RIGHT_HIP,0.42955396,0.6162682,-0.053858005,-0.12313042,-0.010177791,-0.044107098,0.99971277,0.99961853
69,5750,25,LEFT_KNEE,0.63484466,0.66777736,-0.8297716,0.14331014,0.18169735,-0.30974865,0.9812313,0.9998029
69,5750,26,RIGHT_KNEE,0.53395975,0.6616541,-0.98754585,0.061181087,0.12168344,-0.3917392,0.98929334,0.9998832
69,5750,27,LEFT_ANKLE,0.5447552,0.8495391,-0.67202383,0.09760918,0.5024751,-0.2849612,0.9598828,0.9990452
69,5750,28,RIGHT_ANKLE,0.51439524,0.8601122,-0.84221727,0.04447202,0.4987713,-0.3730294,0.9617341,0.9984452
69,5750,29,LEFT_HEEL,0.5179237,0.86552036,-0.6646931,0.093114406,0.5433267,-0.28747267,0.89948416,0.9979412
69,5750,30,RIGHT_HEEL,0.4956125,0.8774682,-0.82999927,0.040564056,0.54723406,-0.37198135,0.89831907,0.99671423
69,5750,31,LEFT_FOOT_INDEX,0.54763407,0.92285997,-0.98571295,0.101567246,0.630126,-0.40324792,0.96784073,0.99371004
69,5750,32,RIGHT_FOOT_INDEX,0.5448866,0.93178284,-1.1498494,0.047532614,0.62973356,-0.4817732,0.9674546,0.990732
70,5833,0,NOSE,0.58241117,0.33684316,-0.47143808,0.09467597,-0.59850204,-0.19638984,0.99999005,0.99991715
70,5833,1,LEFT_EYE_INNER,0.59134,0.32459384,-0.42227235,0.09488761,-0.63720345,-0.17418298,0.9999831,0.9998233
70,5833,2,LEFT_EYE,0.5985767,0.3249362,-0.42265812,0.09530224,-0.6377612,-0.17370197,0.99998605,0.999826
70,5833,3,LEFT_EYE_OUTER,0.60543275,0.32508862,-0.42265815,0.09567747,-0.6386384,-0.1740636,0.9999874,0.999826
70,5833,4,RIGHT_EYE_INNER,0.56545943,0.3234041,-0.43622842,0.06491894,-0.6292067,-0.17912878,0.9999676,0.9998191
70,5833,5,RIGHT_EYE,0.5529851,0.32308584,-0.43623632,0.06553781,-0.62965417,-0.18003644,0.99997234,0.99978846
70,5833,6,RIGHT_EYE_OUTER,0.5416712,0.32286534,-0.43623775,0.06562174,-0.6315913,-0.17903821,0.9999695,0.99973875
70,5833,7,LEFT_EAR,0.6067187,0.33067086,-0.152074,0.124734506,-0.6215959,-0.05809605,0.99998313,0.9998623
70,5833,8,RIGHT_EAR,0.51790833,0.32891077,-0.20529427,-0.01922826,-0.59771436,-0.094208434,0.99989635,0.99973875
70,5833,9,MOUTH_LEFT,0.5906981,0.35355172,-0.36692235,0.11539041,-0.57468635,-0.15663058,0.9999896,0.9999646
70,5833,10,MOUTH_RIGHT,0.5581726,0.35227916,-0.38285193,0.07199093,-0.56496346,-0.16490196,0.9999786,0.9999435
70,5833,11,LEFT_SHOULDER,0.6491445,0.4284652,0.030786382,0.20840776,-0.41883832,0.036377292,0.99997944,0.99989927
70,5833,12,RIGHT_SHOULDER,0.4474153,0.41011462,-0.22941889,-0.0754817,-0.4279872,-0.111870565,0.9997607,0.99959713
70,5833,13,LEFT_ELBOW,0.6493818,0.53979933,-0.16044639,0.16784228,-0.16033791,-0.059706733,0.9643122,0.999529
70,5833,14,RIGHT_ELBOW,0.501491,0.53535587,-0.34896538,0.033737153,-0.18674302,-0.15690035,0.9917356,0.9995678
70,5833,15,LEFT_WRIST,0.6125514,0.58892375,-0.5346609,0.12744254,-0.06916613,-0.22060792,0.94440943,0.9996402
70,5833,16,RIGHT_WRIST,0.71491545,0.55932105,-0.46561474,0.2537969,-0.11136525,-0.21888624,0.98465097,0.9996923
70,5833,17,LEFT_PINKY,0.59263223,0.6157659,-0.6346405,0.11716813,-0.02405494,-0.25692487,0.89850575,0.99936384
70,5833,18,RIGHT_PINKY,0.7652845,0.5664944,-0.55426544,0.3102335,-0.07141671,-0.25384754,0.96794546,0.99938095
70,5833,19,LEFT_INDEX,0.58138984,0.6077633,-0.6601937,0.105965525,-0.04273346,-0.27652058,0.8987764,0.99950635
70,5833,20,RIGHT_INDEX,0.773458,0.5565283,-0.5595877,0.32970104,-0.10664223,-0.24734832,0.96662533,0.9995103
70,5833,21,LEFT_THUMB,0.5856179,0.5972587,-0.55641925,0.11769956,-0.06594448,-0.23056814,0.8886205,0.99964297
70,5833,22,RIGHT_THUMB,0.7591734,0.553913,-0.4679165,0.27478328,-0.11452538,-0.21808161,0.9538888,0.9996458
70,5833,23,LEFT_HIP,0.5689242,0.62266064,0.05721169,0.12131649,0.010875942,0.046548814,0.9998659,0.9998233
70,5833,24,RIGHT_HIP,0.4278663,0.6176913,-0.056024615,-0.12100533,-0.011575951,-0.043905515,0.99971324,0.99941623
70,5833,25,LEFT_KNEE,0.6356817,0.6647402,-0.81012785,0.14863491,0.14778063,-0.3094487,0.9818359,0.9998746
70,5833,26,RIGHT_KNEE,0.53997177,0.65613776,-0.97729266,0.06459396,0.11462404,-0.39042318,0.9899633,0.9999145
70,5833,27,LEFT_ANKLE,0.5447821,0.849405,-0.6433192,0.09762779,0.48728678,-0.27477065,0.9616871,0.9993333
70,5833,28,RIGHT_ANKLE,0.51289755,0.8594656,-0.8118398,0.041901987,0.48821345,-0.35507265,0.96415436,0.99877447
70,5833,29,LEFT_HEEL,0.51904535,0.8659506,-0.63504547,0.09288212,0.52983236,-0.27588105,0.9031409,0.99850464
70,5833,30,RIGHT_HEEL,0.4932063,0.8771518,-0.8001615,0.036589514,0.536017,-0.3526396,0.9039434,0.997285
70,5833,31,LEFT_FOOT_INDEX,0.5469391,0.9230048,-0.957062,0.09594595,0.61753833,-0.39347312,0.9690923,0.99371004
70,5833,32,RIGHT_FOOT_INDEX,0.5401749,0.92899024,-1.1193755,0.044470225,0.6187815,-0.46246216,0.9694221,0.9912209
71,5917,0,NOSE,0.58781487,0.3364949,-0.56821847,0.10945699,-0.59218687,-0.23363829,0.9999907,0.9999584
71,5917,1,LEFT_EYE_INNER,0.5967175,0.3244483,-0.5159069,0.103890896,-0.6329494,-0.20924422,0.99998426,0.9999031
71,5917,2,LEFT_EYE,0.60390216,0.32482618,-0.51592064,0.10436124,-0.633361,-0.20865147,0.999987,0.99989843
71,5917,3,LEFT_EYE_OUTER,0.6109409,0.32502788,-0.5159207,0.10473511,-0.6342958,-0.20901208,0.99998826,0.99989283
71,5917,4,RIGHT_EYE_INNER,0.56907076,0.3233011,-0.53273386,0.07287819,-0.62185663,-0.21508917,0.99996996,0.99991584
71,5917,5,RIGHT_EYE,0.55758804,0.32306388,-0.53273165,0.07358647,-0.6226082,-0.21597536,0.99997437,0.9999039
71,5917,6,RIGHT_EYE_OUTER,0.54667115,0.3229743,-0.53273237,0.073724784,-0.62418747,-0.21498401,0.99997175,0.99988127
71,5917,7,LEFT_EAR,0.6143779,0.3307342,-0.23128995,0.13244176,-0.6200219,-0.088401034,0.999984,0.99990904
71,5917,8,RIGHT_EAR,0.52647585,0.33026105,-0.29622287,-0.014942545,-0.5851844,-0.12740818,0.99990517,0.99988043
71,5917,9,MOUTH_LEFT,0.5987742,0.35319963,-0.45848247,0.13195758,-0.56925625,-0.19297257,0.99999046,0.9999826
71,5917,10,MOUTH_RIGHT,0.56502694,0.35238123,-0.4775481,0.08735285,-0.55627996,-0.20210701,0.99998045,0.9999722
71,5917,11,LEFT_SHOULDER,0.65324104,0.43024763,-0.0076209977,0.21698001,-0.41612116,0.019879531,0.9999794,0.99991846
71,5917,12,RIGHT_SHOULDER,0.46205962,0.41607723,-0.33992654,-0.05378632,-0.41048265,-0.15600878,0.9997815,0.9998134
71,5917,13,LEFT_ELBOW,0.64856046,0.5428278,-0.20450674,0.1625224,-0.15749507,-0.07615542,0.95896727,0.99953806
71,5917,14,RIGHT_ELBOW,0.52641743,0.54265034,-0.47128144,0.058573525,-0.16661146,-0.19440775,0.9923306,0.9997918
71,5917,15,LEFT_WRIST,0.61085993,0.5951455,-0.5954371,0.12329907,-0.06300425,-0.23915264,0.9359937,0.99958104
71,5917,16,RIGHT_WRIST,0.7376209,0.5865879,-0.517099,0.28043377,-0.061699443,-0.22243519,0.9848687,0.99978846
71,5917,17,LEFT_PINKY,0.59164715,0.61876726,-0.6946611,0.114200056,-0.020179095,-0.2766268,0.89172834,0.99932814
71,5917,18,RIGHT_PINKY,0.7858462,0.5945817,-0.5962266,0.33482057,-0.014599204,-0.26058623,0.9682802,0.9995363
71,5917,19,LEFT_INDEX,0.5815694,0.60832155,-0.72534466,0.10119871,-0.036600318,-0.2977105,0.89247394,0.99948066
71,5917,20,RIGHT_INDEX,0.7944922,0.584406,-0.58596253,0.36021027,-0.049134657,-0.2576709,0.96723557,0.99960953
71,5917,21,LEFT_THUMB,0.5845737,0.6010172,-0.6211792,0.11635559,-0.061253857,-0.25074583,0.88206285,0.9996125
71,5917,22,RIGHT_THUMB,0.7793694,0.5809983,-0.5119314,0.3032706,-0.06283943,-0.22033507,0.9547742,0.9997241
71,5917,23,LEFT_HIP,0.5669951,0.6265256,0.07221368,0.11922755,0.012130121,0.047837794,0.99986565,0.9998795
71,5917,24,RIGHT_HIP,0.42675588,0.622175,-0.07100258,-0.118911214,-0.012706836,-0.045431297,0.99972284,0.99968255
71,5917,25,LEFT_KNEE,0.6359187,0.6644916,-0.80265003,0.15548682,0.13181652,-0.30934423,0.9826852,0.99992216
71,5917,26,RIGHT_KNEE,0.54076993,0.65642774,-0.99718374,0.06982168,0.09804963,-0.39577305,0.9907245,0.99995804
71,5917,27,LEFT_ANKLE,0.5477862,0.8471435,-0.59699994,0.105532326,0.46980962,-0.26170704,0.96409017,0.99961555
71,5917,28,RIGHT_ANKLE,0.5127906,0.85950786,-0.81210715,0.050597057,0.4673004,-0.353871,0.9670323,0.9995141
71,5917,29,LEFT_HEEL,0.5232886,0.8639635,-0.5850913,0.09986196,0.5123212,-0.26148182,0.90857846,0.9991541
71,5917,30,RIGHT_HEEL,0.4917194,0.8771712,-0.8026494,0.045254067,0.5147035,-0.35027015,0.91112995,0.9988796
71,5917,31,LEFT_FOOT_INDEX,0.5486023,0.9234648,-0.89924866,0.09908228,0.6034542,-0.37206054,0.9709303,0.99630713
71,5917,32,RIGHT_FOOT_INDEX,0.54079175,0.9300108,-1.1153575,0.05996264,0.6052256,-0.45318404,0.9718132,0.99588215
72,6000,0,NOSE,0.5946987,0.3363945,-0.5449715,0.121470824,-0.5929593,-0.22936898,0.9999914,0.99996734
72,6000,1,LEFT_EYE_INNER,0.6029252,0.32441828,-0.48938853,0.11261449,-0.63355947,-0.20380156,0.9999855,0.9999269
72,6000,2,LEFT_EYE,0.61103886,0.3247975,-0.48972604,0.11315893,-0.6338684,-0.20311831,0.999988,0.99992394
72,6000,3,LEFT_EYE_OUTER,0.6177559,0.32500482,-0.489726,0.11352519,-0.63483226,-0.20348512,0.99998915,0.99991965
72,6000,4,RIGHT_EYE_INNER,0.574961,0.32333452,-0.50771326,0.080973566,-0.622626,-0.20978485,0.99997234,0.9999349
72,6000,5,RIGHT_EYE,0.5642064,0.32312185,-0.5080485,0.08177474,-0.62336534,-0.21056019,0.9999764,0.99992454
72,6000,6,RIGHT_EYE_OUTER,0.5530743,0.32312006,-0.50804806,0.08197018,-0.6249691,-0.20958425,0.999974,0.99990606
72,6000,7,LEFT_EAR,0.6214247,0.3308686,-0.201246,0.14055969,-0.62113774,-0.08280832,0.99998504,0.9999318
72,6000,8,RIGHT_EAR,0.5362038,0.33101076,-0.2712291,-0.009171507,-0.5844495,-0.12155196,0.9999136,0.9999008
72,6000,9,MOUTH_LEFT,0.60715985,0.3531103,-0.43512407,0.1451863,-0.56997037,-0.18906254,0.99999124,0.9999865
72,6000,10,MOUTH_RIGHT,0.5722226,0.35251403,-0.45581082,0.09997827,-0.5568885,-0.19799405,0.9999821,0.9999764
72,6000,11,LEFT_SHOULDER,0.6585361,0.432621,0.005482733,0.22599824,-0.4145611,0.021565225,0.9999794,0.99992216
72,6000,12,RIGHT_SHOULDER,0.47844794,0.41883454,-0.33974668,-0.038588755,-0.4053788,-0.15816791,0.9998005,0.999826
72,6000,13,LEFT_ELBOW,0.64833057,0.54219663,-0.17534143,0.16071242,-0.15837131,-0.07135956,0.9501742,0.99957937
72,6000,14,RIGHT_ELBOW,0.5510326,0.54321563,-0.48424166,0.06964412,-0.1558658,-0.19929183,0.99291795,0.9998104
72,6000,15,LEFT_WRIST,0.615392,0.5958282,-0.5497955,0.13067006,-0.053635832,-0.22524175,0.9263809,0.9995778
72,6000,16,RIGHT_WRIST,0.74836427,0.6008894,-0.5369962,0.28952417,-0.03353623,-0.22850138,0.98545146,0.9998273
72,6000,17,LEFT_PINKY,0.59918016,0.6209763,-0.64748996,0.12641947,-0.01220916,-0.26163182,0.8844147,0.9993411
72,6000,18,RIGHT_PINKY,0.79679114,0.6117041,-0.6140926,0.34334296,0.017353756,-0.26538727,0.96936375,0.99962735
72,6000,19,LEFT_INDEX,0.589122,0.6106338,-0.686658,0.11406637,-0.026857087,-0.2843438,0.88567275,0.99948466
72,6000,20,RIGHT_INDEX,0.8080286,0.60052246,-0.59810996,0.37124142,-0.015519923,-0.2595791,0.9685097,0.99968004
72,6000,21,LEFT_THUMB,0.59010965,0.60246766,-0.57916665,0.12334503,-0.050197802,-0.23735753,0.87502414,0.999617
72,6000,22,RIGHT_THUMB,0.7933241,0.5966292,-0.5322089,0.31365454,-0.03303164,-0.22629015,0.95647466,0.9997713
72,6000,23,LEFT_HIP,0.5663992,0.6286746,0.08670862,0.1176624,0.014617186,0.050311394,0.9998677,0.99988675
72,6000,24,RIGHT_HIP,0.42687485,0.62372607,-0.08557703,-0.11728877,-0.015108958,-0.04801921,0.99973273,0.9996947
72,6000,25,LEFT_KNEE,0.6368487,0.66496557,-0.8000997,0.16439614,0.13124101,-0.30881295,0.9836906,0.99993026
72,6000,26,RIGHT_KNEE,0.54062676,0.6591441,-0.9930062,0.07218964,0.10309301,-0.39430845,0.99145937,0.9999573
72,6000,27,LEFT_ANKLE,0.54780835,0.84750414,-0.5819996,0.10466516,0.46981823,-0.25242442,0.966672,0.9997241
72,6000,28,RIGHT_ANKLE,0.5117734,0.85954875,-0.79211885,0.050634075,0.47133347,-0.33823055,0.96973103,0.999566
72,6000,29,LEFT_HEEL,0.52335906,0.8640059,-0.56954753,0.09737877,0.51231575,-0.251612,0.9143995,0.9994185
72,6000,30,RIGHT_HEEL,0.4900556,0.87817746,-0.7754007,0.045285806,0.51834863,-0.33279186,0.91745067,0.9990527
72,6000,31,LEFT_FOOT_INDEX,0.548739,0.92393255,-0.87638813,0.096235245,0.6050558,-0.35867658,0.9728359,0.99709916
72,6000,32,RIGHT_FOOT_INDEX,0.5375518,0.9299366,-1.0806234,0.059760638,0.6101938,-0.43048128,0.97404534,0.9967649
73,6083,0,NOSE,0.6014691,0.33640003,-0.6454125,0.13407497,-0.5918492,-0.25098878,0.9999922,0.9999924
73,6083,1,LEFT_EYE_INNER,0.61096805,0.32451826,-0.58236307,0.12539987,-0.6330277,-0.22327882,0.9999869,0.99998116
73,6083,2,LEFT_EYE,0.619537,0.32487613,-0.58275086,0.12596197,-0.6333473,-0.22254841,0.9999891,0.9999802
73,6083,3,LEFT_EYE_OUTER,0.62728435,0.32513466,-0.58275086,0.12632567,-0.63430107,-0.22291252,0.99999017,0.99997854
73,6083,4,RIGHT_EYE_INNER,0.5824579,0.3238529,-0.6023773,0.09218827,-0.62114567,-0.22825003,0.9999749,0.9999831
73,6083,5,RIGHT_EYE,0.57130045,0.32371825,-0.6023901,0.09307715,-0.6219207,-0.22899449,0.9999786,0.99997926
73,6083,6,RIGHT_EYE_OUTER,0.56091475,0.32385525,-0.6023904,0.09333302,-0.62343687,-0.22801311,0.9999764,0.9999722
73,6083,7,LEFT_EAR,0.6309592,0.33135083,-0.2633119,0.15792936,-0.62030685,-0.096619725,0.99998635,0.999982
73,6083,8,RIGHT_EAR,0.5445327,0.33188242,-0.34049234,0.0016642433,-0.58111954,-0.13175826,0.9999218,0.99996734
73,6083,9,MOUTH_LEFT,0.6157509,0.35357225,-0.5251029,0.15956087,-0.5679128,-0.20961763,0.9999921,0.9999964
73,6083,10,MOUTH_RIGHT,0.57919717,0.35351995,-0.54815394,0.112531915,-0.5542502,-0.2174945,0.9999838,0.9999927
73,6083,11,LEFT_SHOULDER,0.6609426,0.43401408,0.0025881843,0.23589876,-0.41004252,0.020499941,0.9999806,0.99997556
73,6083,12,RIGHT_SHOULDER,0.49339885,0.4219586,-0.396515,-0.014200001,-0.39632693,-0.1701957,0.9998184,0.9998969
73,6083,13,LEFT_ELBOW,0.6483033,0.5424311,-0.16622521,0.16551979,-0.15440479,-0.06672599,0.94770676,0.99983907
73,6083,14,RIGHT_ELBOW,0.5779832,0.54753745,-0.5196666,0.104639925,-0.14509867,-0.20348053,0.99341947,0.9998795
73,6083,15,LEFT_WRIST,0.62145007,0.5967287,-0.55348945,0.14256097,-0.045857828,-0.22038294,0.9245883,0.9998623
73,6083,16,RIGHT_WRIST,0.762136,0.6129817,-0.58106667,0.31128752,-0.01716818,-0.2301218,0.98603517,0.99984646
73,6083,17,LEFT_PINKY,0.60346687,0.62124586,-0.65125537,0.13630515,-0.0046179798,-0.25643444,0.8839603,0.9997695
73,6083,18,RIGHT_PINKY,0.809373,0.62562644,-0.6786735,0.36050344,0.033909723,-0.26631242,0.9704327,0.99968493
73,6083,19,LEFT_INDEX,0.5959144,0.61131966,-0.6915794,0.1242117,-0.020308906,-0.2791995,0.8853685,0.99982184
73,6083,20,RIGHT_INDEX,0.82154924,0.6140026,-0.6805261,0.38661838,0.0020668916,-0.25889945,0.96973526,0.99971753
73,6083,21,LEFT_THUMB,0.60204,0.6033875,-0.5831327,0.13457733,-0.042355206,-0.23242462,0.87421405,0.9998697
73,6083,22,RIGHT_THUMB,0.807766,0.6091341,-0.5831611,0.3338297,-0.016059576,-0.2280917,0.9579836,0.99979657
73,6083,23,LEFT_HIP,0.56115264,0.6301092,0.09549753,0.11593306,0.016439248,0.051267445,0.99987483,0.9999546
73,6083,24,RIGHT_HIP,0.42670533,0.6254464,-0.09450765,-0.11548298,-0.016874624,-0.048982743,0.9997502,0.9998568
73,6083,25,LEFT_KNEE,0.6374992,0.6666062,-0.7928039,0.16621627,0.13456924,-0.3027109,0.9846258,0.99996734
73,6083,26,RIGHT_KNEE,0.54068035,0.6615397,-1.060158,0.07181505,0.10563242,-0.40245417,0.992117,0.99997663
73,6083,27,LEFT_ANKLE,0.548004,0.8472268,-0.52787745,0.10476176,0.4706412,-0.23018795,0.9689518,0.99980897
73,6083,28,RIGHT_ANKLE,0.5115776,0.8607626,-0.8319851,0.05128612,0.4724244,-0.33994016,0.97221524,0.99976224
73,6083,29,LEFT_HEEL,0.52353215,0.86364543,-0.51098704,0.09743705,0.51303357,-0.2286111,0.9195879,0.99959713
73,6083,30,RIGHT_HEEL,0.48802868,0.87840825,-0.8115156,0.046287663,0.51991814,-0.33465323,0.9231246,0.9994536
73,6083,31,LEFT_FOOT_INDEX,0.5498158,0.9246457,-0.82100654,0.09637345,0.60696,-0.33281034,0.9746074,0.9981969
73,6083,32,RIGHT_FOOT_INDEX,0.53867584,0.9321133,-1.1254754,0.06582723,0.61467534,-0.43362358,0.97612685,0.9980882
74,6167,0,NOSE,0.61066735,0.33734402,-0.6798447,0.14751117,-0.59158653,-0.2645503,0.99999285,0.9999908
74,6167,1,LEFT_EYE_INNER,0.6170231,0.32544947,-0.6175095,0.14020027,-0.6331147,-0.23689376,0.999988,0.99997723
74,6167,2,LEFT_EYE,0.625002,0.32551482,-0.6175296,0.14075235,-0.63344616,-0.23615761,0.99999,0.9999745
74,6167,3,LEFT_EYE_OUTER,0.63211596,0.32571557,-0.6175296,0.14113733,-0.6343916,-0.23641793,0.999991,0.9999709
74,6167,4,RIGHT_EYE_INNER,0.5905789,0.3256871,-0.6397021,0.1061186,-0.6210783,-0.2425586,0.9999771,0.9999821
74,6167,5,RIGHT_EYE,0.5804619,0.3258502,-0.6397009,0.10703413,-0.6218538,-0.24329524,0.99998045,0.99997854
74,6167,6,RIGHT_EYE_OUTER,0.57099736,0.3261775,-0.639701,0.10733099,-0.6233484,-0.24231498,0.9999784,0.99997187
74,6167,7,LEFT_EAR,0.6346328,0.33234188,-0.29363304,0.17209707,-0.6204622,-0.10737554,0.9999873,0.9999738
74,6167,8,RIGHT_EAR,0.55326706,0.3348385,-0.38240802,0.013927062,-0.5816958,-0.1446538,0.99992895,0.99996734
74,6167,9,MOUTH_LEFT,0.6242077,0.3547989,-0.55699325,0.1723899,-0.5675466,-0.22219218,0.9999927,0.99999547
74,6167,10,MOUTH_RIGHT,0.5905158,0.35525885,-0.58297926,0.1247727,-0.55400693,-0.23077092,0.9999852,0.9999914
74,6167,11,LEFT_SHOULDER,0.6625946,0.43403393,0.008004419,0.23805055,-0.40957925,0.022487162,0.9999808,0.9999577
74,6167,12,RIGHT_SHOULDER,0.5056065,0.42432222,-0.43786412,0.011420969,-0.39530417,-0.18575649,0.99983406,0.9999008
74,6167,13,LEFT_ELBOW,0.64932626,0.54374826,-0.08745693,0.17016882,-0.15488946,-0.031680692,0.9360504,0.99973875
74,6167,14,RIGHT_ELBOW,0.5970301,0.55161285,-0.5347226,0.13718216,-0.14014165,-0.20658691,0.99388105,0.99988496
74,6167,15,LEFT_WRIST,0.6339872,0.59749544,-0.46165216,0.17620155,-0.037862908,-0.18040048,0.91226095,0.9996724
74,6167,16,RIGHT_WRIST,0.7687797,0.6195694,-0.5866446,0.3358532,-0.0018268477,-0.227377,0.9867359,0.99984884
74,6167,17,LEFT_PINKY,0.6157487,0.62038857,-0.5471667,0.1763009,0.00439474,-0.21507618,0.8723855,0.9995005
74,6167,18,RIGHT_PINKY,0.81646734,0.6334623,-0.6828969,0.38093743,0.05005082,-0.26296726,0.97180486,0.99968255
74,6167,19,LEFT_INDEX,0.60657084,0.6111009,-0.59954256,0.16926341,-0.0076138363,-0.24125901,0.8741875,0.99959236
74,6167,20,RIGHT_INDEX,0.82872325,0.62340266,-0.6854991,0.40596852,0.021796243,-0.25479895,0.9712193,0.99970406
74,6167,21,LEFT_THUMB,0.61519307,0.60415953,-0.49657297,0.17117296,-0.032980453,-0.19494629,0.86235636,0.9996923
74,6167,22,RIGHT_THUMB,0.8149267,0.6182099,-0.588798,0.3568618,0.0004772819,-0.22540097,0.9598027,0.99978846
74,6167,23,LEFT_HIP,0.55605274,0.62993497,0.107485704,0.11260776,0.017850392,0.054432712,0.9998764,0.99993134
74,6167,24,RIGHT_HIP,0.42678148,0.62505704,-0.10661278,-0.11211982,-0.018282818,-0.052123796,0.99975693,0.9997998
74,6167,25,LEFT_KNEE,0.6431059,0.6753531,-0.7775879,0.17233422,0.16338277,-0.2947016,0.98536325,0.999944
74,6167,26,RIGHT_KNEE,0.5347133,0.67126685,-1.0378311,0.065758094,0.1361831,-0.40061733,0.9926411,0.9999577
74,6167,27,LEFT_ANKLE,0.5459924,0.8480921,-0.5304635,0.10464947,0.4980949,-0.2259436,0.97079897,0.99968255
74,6167,28,RIGHT_ANKLE,0.51149344,0.8628332,-0.8270575,0.051562123,0.50215554,-0.3336955,0.97422117,0.9996125
74,6167,29,LEFT_HEEL,0.5209311,0.8641424,-0.5155903,0.09619858,0.5400322,-0.22530761,0.9233409,0.9993462
74,6167,30,RIGHT_HEEL,0.48760232,0.87992823,-0.8061666,0.047080137,0.5487105,-0.32853112,0.9273892,0.9991541
74,6167,31,LEFT_FOOT_INDEX,0.5477724,0.9246626,-0.8213945,0.09310016,0.6311528,-0.32888046,0.97598696,0.99723166
74,6167,32,RIGHT_FOOT_INDEX,0.5405888,0.9348219,-1.1167569,0.070953205,0.6500488,-0.42726025,0.9778318,0.997399
75,6250,0,NOSE,0.61694604,0.33927372,-0.6405855,0.15054956,-0.5852071,-0.25838628,0.9999935,0.9999927
75,6250,1,LEFT_EYE_INNER,0.6234316,0.32710263,-0.5894754,0.14404199,-0.62777776,-0.229121,0.99998915,0.999982
75,6250,2,LEFT_EYE,0.6311987,0.3270219,-0.58894765,0.14462529,-0.628089,-0.22815524,0.9999909,0.9999802
75,6250,3,LEFT_EYE_OUTER,0.638357,0.32722992,-0.5889471,0.14499347,-0.6290212,-0.22866638,0.99999183,0.99997735
75,6250,4,RIGHT_EYE_INNER,0.59574574,0.3280899,-0.6042976,0.109494954,-0.6156341,-0.23283938,0.99997926,0.999985
75,6250,5,RIGHT_EYE,0.58537936,0.3284507,-0.604489,0.11046895,-0.6163838,-0.23341744,0.99998224,0.99998164
75,6250,6,RIGHT_EYE_OUTER,0.5754548,0.32886833,-0.6053342,0.110725984,-0.61784256,-0.23224056,0.99998045,0.99997497
75,6250,7,LEFT_EAR,0.6417188,0.33419257,-0.24541107,0.17904125,-0.61595577,-0.09567976,0.99998844,0.9999795
75,6250,8,RIGHT_EAR,0.5573638,0.33790332,-0.35065708,0.017749202,-0.5785224,-0.12695429,0.99993575,0.99996996
75,6250,9,MOUTH_LEFT,0.6309914,0.35700834,-0.5489658,0.17666136,-0.561067,-0.21444829,0.9999934,0.9999956
75,6250,10,MOUTH_RIGHT,0.5950833,0.35782203,-0.5608738,0.12801886,-0.54809237,-0.22056003,0.9999866,0.9999908
75,6250,11,LEFT_SHOULDER,0.6675213,0.4358662,0.09023195,0.23973402,-0.4035055,0.054127913,0.9999814,0.9999629
75,6250,12,RIGHT_SHOULDER,0.51331145,0.42505145,-0.3999378,0.022037234,-0.39120066,-0.17209694,0.9998481,0.9998785
75,6250,13,LEFT_ELBOW,0.6492762,0.549667,0.008200722,0.16755587,-0.1517034,0.008735573,0.92173994,0.99978846
75,6250,14,RIGHT_ELBOW,0.60783774,0.55547345,-0.45666045,0.14697969,-0.13964011,-0.17511879,0.99419135,0.99989367
75,6250,15,LEFT_WRIST,0.63241994,0.6009783,-0.32088134,0.1684823,-0.035389297,-0.120681174,0.8975416,0.99976224
75,6250,16,RIGHT_WRIST,0.7814813,0.6247975,-0.4883222,0.34600136,-2.090676e-05,-0.18326077,0.98708767,0.99982053
75,6250,17,LEFT_PINKY,0.6166575,0.6206965,-0.3963898,0.16717295,0.0070342035,-0.15061949,0.8582336,0.99961853
75,6250,18,RIGHT_PINKY,0.8290713,0.6400107,-0.57646376,0.39367324,0.053326994,-0.21447493,0.9725159,0.99961996
75,6250,19,LEFT_INDEX,0.6064727,0.61320055,-0.44225565,0.1598652,-0.0042218417,-0.17390135,0.86033297,0.9996923
75,6250,20,RIGHT_INDEX,0.8417353,0.6298911,-0.5770985,0.4161691,0.024891477,-0.205063,0.97202486,0.99963593
75,6250,21,LEFT_THUMB,0.61469907,0.60663354,-0.35140672,0.1628426,-0.030240532,-0.13297363,0.84765315,0.99977654
75,6250,22,RIGHT_THUMB,0.8276507,0.62438244,-0.48916838,0.36630237,0.0021597065,-0.18119769,0.9607315,0.99973255
75,6250,23,LEFT_HIP,0.55512595,0.6319835,0.11275966,0.1111395,0.020086577,0.05617278,0.9998796,0.999936
75,6250,24,RIGHT_HIP,0.42681372,0.62543,-0.11183791,-0.11059592,-0.020502195,-0.053783234,0.9997678,0.99979013
75,6250,25,LEFT_KNEE,0.6461986,0.6745995,-0.75470656,0.17628595,0.15662855,-0.28455806,0.98591435,0.9999478
75,6250,26,RIGHT_KNEE,0.53799313,0.6703793,-1.0850708,0.062185027,0.1168368,-0.41001916,0.99318504,0.9999671
75,6250,27,LEFT_ANKLE,0.54547095,0.8481655,-0.5248867,0.104553595,0.49607775,-0.22665776,0.9723968,0.9996513
75,6250,28,RIGHT_ANKLE,0.51256526,0.8628988,-0.8749542,0.05698058,0.49263546,-0.351045,0.97631043,0.9996898
75,6250,29,LEFT_HEEL,0.5169541,0.8654817,-0.51105064,0.095366724,0.5383986,-0.2269768,0.9269527,0.99929583
75,6250,30,RIGHT_HEEL,0.48806244,0.8810089,-0.8540134,0.054173093,0.53944504,-0.34536102,0.93249285,0.9992792
75,6250,31,LEFT_FOOT_INDEX,0.54937065,0.92503816,-0.8149191,0.09325845,0.6302336,-0.33128613,0.9772507,0.9966756
75,6250,32,RIGHT_FOOT_INDEX,0.55163413,0.93643826,-1.1572514,0.08380877,0.64254546,-0.4452251,0.97958225,0.99727446
76,6333,0,NOSE,0.6225934,0.34072584,-0.62346536,0.16047405,-0.58258086,-0.25560373,0.9999941,0.9999932
76,6333,1,LEFT_EYE_INNER,0.62850696,0.32808834,-0.56556916,0.15442337,-0.62555075,-0.22530596,0.99999017,0.99998343
76,6333,2,LEFT_EYE,0.63597864,0.32800037,-0.5655103,0.15511191,-0.6261271,-0.22440313,0.9999917,0.9999815
76,6333,3,LEFT_EYE_OUTER,0.64312196,0.328211,-0.5655547,0.15548411,-0.62705064,-0.22486307,0.99999255,0.9999789
76,6333,4,RIGHT_EYE_INNER,0.60093224,0.32966477,-0.58457726,0.11943232,-0.613687,-0.22915195,0.99998116,0.9999862
76,6333,5,RIGHT_EYE,0.5903999,0.33022997,-0.584657,0.12046388,-0.61441565,-0.22952616,0.99998385,0.9999831
76,6333,6,RIGHT_EYE_OUTER,0.58014244,0.33072704,-0.584889,0.12072034,-0.61586535,-0.22841716,0.99998224,0.99997675
76,6333,7,LEFT_EAR,0.6457805,0.33505613,-0.23726349,0.18898122,-0.6142403,-0.08961503,0.9999894,0.99998105
76,6333,8,RIGHT_EAR,0.56172687,0.3397168,-0.33306697,0.026395995,-0.57786345,-0.12157756,0.9999418,0.9999709
76,6333,9,MOUTH_LEFT,0.6364485,0.3580726,-0.5150947,0.18639499,-0.5582864,-0.21031216,0.999994,0.9999958
76,6333,10,MOUTH_RIGHT,0.60117644,0.3589386,-0.53295237,0.13714363,-0.54562205,-0.21639563,0.9999878,0.9999913
76,6333,11,LEFT_SHOULDER,0.6704216,0.43550086,0.11197775,0.24426456,-0.40202436,0.068799555,0.99998206,0.9999709
76,6333,12,RIGHT_SHOULDER,0.518403,0.42700338,-0.3849437,0.03328473,-0.38876146,-0.17055911,0.9998608,0.9998822
76,6333,13,LEFT_ELBOW,0.6507604,0.5503737,0.067398414,0.17041582,-0.15144381,0.039040193,0.90612525,0.99983907
76,6333,14,RIGHT_ELBOW,0.6203859,0.55802774,-0.45215717,0.15468727,-0.13211116,-0.16864632,0.9944586,0.999892
76,6333,15,LEFT_WRIST,0.6360419,0.60388124,-0.24758464,0.18463342,-0.028705064,-0.08594472,0.883315,0.99977654
76,6333,16,RIGHT_WRIST,0.78504086,0.62765324,-0.49077278,0.34953734,0.009135424,-0.17653406,0.9874873,0.9998273
76,6333,17,LEFT_PINKY,0.6204354,0.6216707,-0.31927413,0.18696971,0.0160439,-0.11485655,0.8444962,0.99961996
76,6333,18,RIGHT_PINKY,0.8328974,0.64367336,-0.5800957,0.3957325,0.06116972,-0.20787977,0.9733665,0.99963737
76,6333,19,LEFT_INDEX,0.6156114,0.6146609,-0.37280563,0.18273713,0.0054180687,-0.139532,0.8470488,0.99968743
76,6333,20,RIGHT_INDEX,0.84424186,0.63426363,-0.5830962,0.41811,0.03307621,-0.19878554,0.97297126,0.99964714
76,6333,21,LEFT_THUMB,0.617535,0.60966736,-0.28102615,0.18100028,-0.023075873,-0.09883649,0.8335373,0.99977833
76,6333,22,RIGHT_THUMB,0.8307868,0.6286954,-0.49284133,0.36944437,0.011118059,-0.17465875,0.9618629,0.9997428
76,6333,23,LEFT_HIP,0.5534648,0.63214713,0.11887091,0.11022325,0.021681884,0.05814591,0.9998816,0.9999379
76,6333,24,RIGHT_HIP,0.42674837,0.62533677,-0.11793037,-0.10964666,-0.022096442,-0.055706337,0.99977577,0.99978
76,6333,25,LEFT_KNEE,0.6465658,0.67418945,-0.7509115,0.18010499,0.15928225,-0.27962485,0.98626995,0.9999403
76,6333,26,RIGHT_KNEE,0.54124606,0.6701654,-1.0977046,0.060645968,0.116970345,-0.4134453,0.9936278,0.9999573
76,6333,27,LEFT_ANKLE,0.5457701,0.8484831,-0.5208305,0.10882837,0.49729133,-0.22603886,0.9735356,0.9995678
76,6333,28,RIGHT_ANKLE,0.5143202,0.86322325,-0.88920075,0.061974943,0.49309936,-0.35881403,0.9780625,0.99960333
76,6333,29,LEFT_HEEL,0.5167668,0.86554897,-0.50708365,0.09911671,0.5395574,-0.22683054,0.9296455,0.9991541
76,6333,30,RIGHT_HEEL,0.48849705,0.881176,-0.86912155,0.060214534,0.54001653,-0.35354042,0.93668216,0.99909604
76,6333,31,LEFT_FOOT_INDEX,0.5500719,0.9250194,-0.80729234,0.1006303,0.63006496,-0.32985917,0.9781354,0.9962638
76,6333,32,RIGHT_FOOT_INDEX,0.55695146,0.93903667,-1.1739175,0.09252904,0.64251554,-0.45409954,0.98105544,0.99693656
77,6417,0,NOSE,0.6294495,0.3417543,-0.65722185,0.16739513,-0.582407,-0.25154898,0.9999946,0.9999925
77,6417,1,LEFT_EYE_INNER,0.6332984,0.32988286,-0.59090066,0.16026488,-0.6253362,-0.22244574,0.999991,0.9999808
77,6417,2,LEFT_EYE,0.64026535,0.32971308,-0.5912378,0.16086665,-0.62584084,-0.22158793,0.99999243,0.99997723
77,6417,3,LEFT_EYE_OUTER,0.6470715,0.32967776,-0.59123516,0.16125701,-0.6267581,-0.22201474,0.99999315,0.99997246
77,6417,4,RIGHT_EYE_INNER,0.6080075,0.33054408,-0.6175856,0.12563166,-0.61361504,-0.2273163,0.99998283,0.9999863
77,6417,5,RIGHT_EYE,0.59812456,0.33108944,-0.61759377,0.12668166,-0.6143358,-0.2277948,0.9999853,0.99998367
77,6417,6,RIGHT_EYE_OUTER,0.58768076,0.33198375,-0.61763024,0.12694758,-0.61578554,-0.22670166,0.99998385,0.99997854
77,6417,7,LEFT_EAR,0.64833474,0.33618212,-0.24993646,0.19017467,-0.6134099,-0.0888903,0.99999005,0.9999722
77,6417,8,RIGHT_EAR,0.56878126,0.3410882,-0.3617591,0.030043041,-0.57795835,-0.12511136,0.9999472,0.99997306
77,6417,9,MOUTH_LEFT,0.6423288,0.35859308,-0.52966195,0.1913651,-0.55763894,-0.20734458,0.9999944,0.99999464
77,6417,10,MOUTH_RIGHT,0.6090919,0.35958618,-0.5607629,0.14285877,-0.54534966,-0.21491152,0.9999888,0.9999906
77,6417,11,LEFT_SHOULDER,0.6728647,0.43543524,0.10059057,0.24365279,-0.40216205,0.06938239,0.9999813,0.99994814
77,6417,12,RIGHT_SHOULDER,0.5244309,0.4291164,-0.42414856,0.038705315,-0.3875309,-0.1723108,0.9998721,0.9999039
77,6417,13,LEFT_ELBOW,0.6509429,0.55102766,0.08048339,0.1702238,-0.15551817,0.050528575,0.87931734,0.99980134
77,6417,14,RIGHT_ELBOW,0.6255344,0.5605147,-0.49021903,0.15900064,-0.13014379,-0.17232788,0.99472713,0.9999083
77,6417,15,LEFT_WRIST,0.6359161,0.60502565,-0.21771668,0.18180758,-0.025676103,-0.06879449,0.85864145,0.9996971
77,6417,16,RIGHT_WRIST,0.7903832,0.6306495,-0.51894265,0.35138035,0.015043369,-0.18244578,0.9879038,0.99986446
77,6417,17,LEFT_PINKY,0.6216503,0.6223405,-0.28589013,0.18281618,0.021645509,-0.095768794,0.8202059,0.9995272
77,6417,18,RIGHT_PINKY,0.83777857,0.6468951,-0.6095277,0.39530373,0.06710963,-0.2143169,0.9741964,0.99972194
77,6417,19,LEFT_INDEX,0.6186338,0.6176463,-0.34349138,0.17853992,0.011247565,-0.121775314,0.823151,0.999608
77,6417,20,RIGHT_INDEX,0.84907496,0.6380216,-0.61168015,0.41891733,0.039977495,-0.20446701,0.9738755,0.99973255
77,6417,21,LEFT_THUMB,0.61868984,0.6110102,-0.25279188,0.17793858,-0.01957054,-0.08228613,0.8086759,0.99970406
77,6417,22,RIGHT_THUMB,0.83598715,0.6323719,-0.5196358,0.3712675,0.017567566,-0.18013638,0.9628222,0.99980897
77,6417,23,LEFT_HIP,0.5535308,0.6329811,0.12245005,0.10880807,0.022641322,0.05950281,0.99988186,0.9999318
77,6417,24,RIGHT_HIP,0.42849594,0.62558025,-0.12156449,-0.108210415,-0.02303663,-0.057037793,0.9997839,0.9998273
77,6417,25,LEFT_KNEE,0.64966166,0.6746734,-0.7569738,0.1798278,0.15969573,-0.27791753,0.9865736,0.9999528
77,6417,26,RIGHT_KNEE,0.5414251,0.67082113,-1.1185597,0.05142515,0.11671661,-0.41453418,0.99396807,0.9999685
77,6417,27,LEFT_ANKLE,0.5459247,0.850167,-0.5240732,0.10659211,0.49712878,-0.225796,0.9745035,0.9997367
77,6417,28,RIGHT_ANKLE,0.51461816,0.8633394,-0.91622186,0.059454504,0.493581,-0.36049137,0.9795044,0.9997546
77,6417,29,LEFT_HEEL,0.51609945,0.8670028,-0.51012844,0.096585125,0.53937936,-0.22677135,0.9324326,0.9994947
77,6417,30,RIGHT_HEEL,0.48855072,0.88164264,-0.89820266,0.05835365,0.54077095,-0.35564798,0.93988776,0.99946004
77,6417,31,LEFT_FOOT_INDEX,0.5505172,0.92369443,-0.81040084,0.100640684,0.6283632,-0.32857332,0.9790198,0.9979412
77,6417,32,RIGHT_FOOT_INDEX,0.55701715,0.9385341,-1.2130865,0.09107345,0.64227086,-0.45847413,0.982316,0.9983059
78,6500,0,NOSE,0.63408625,0.34171444,-0.6714107,0.17350511,-0.5820828,-0.25401917,0.999995,0.9999918
78,6500,1,LEFT_EYE_INNER,0.6370897,0.32973665,-0.6045064,0.16474164,-0.6246656,-0.22520465,0.9999918,0.9999802
78,6500,2,LEFT_EYE,0.64400005,0.3295733,-0.6048895,0.1653385,-0.62510294,-0.22434247,0.999993,0.99997723
78,6500,3,LEFT_EYE_OUTER,0.6504685,0.32957166,-0.60488504,0.16570346,-0.62602013,-0.22481303,0.99999374,0.9999733
78,6500,4,RIGHT_EYE_INNER,0.6117364,0.33051682,-0.63253975,0.13021341,-0.6127045,-0.23194666,0.9999843,0.9999846
78,6500,5,RIGHT_EYE,0.6015764,0.33106703,-0.63254005,0.13130917,-0.61340636,-0.23250195,0.9999865,0.99998116
78,6500,6,RIGHT_EYE_OUTER,0.590991,0.33192047,-0.6325479,0.13164009,-0.6150554,-0.23139739,0.9999852,0.9999745
78,6500,7,LEFT_EAR,0.65024006,0.33616596,-0.2635329,0.19369185,-0.6109961,-0.09130286,0.9999907,0.99997354
78,6500,8,RIGHT_EAR,0.56956416,0.34114477,-0.3817418,0.03467432,-0.574812,-0.1345,0.999952,0.9999658
78,6500,9,MOUTH_LEFT,0.64604175,0.35851786,-0.5417253,0.19826582,-0.5569657,-0.21001674,0.9999948,0.99999416
78,6500,10,MOUTH_RIGHT,0.6136857,0.3595653,-0.5760404,0.1501633,-0.54473525,-0.22000681,0.9999897,0.99998844
78,6500,11,LEFT_SHOULDER,0.67553353,0.4353714,0.09548909,0.24750939,-0.39994854,0.06752394,0.99998087,0.99995244
78,6500,12,RIGHT_SHOULDER,0.52660465,0.42945257,-0.44574684,0.047414076,-0.3831126,-0.18024209,0.9998817,0.99986124
78,6500,13,LEFT_ELBOW,0.65202755,0.5521015,0.07893311,0.1729447,-0.15477943,0.050964624,0.856399,0.9998074
78,6500,14,RIGHT_ELBOW,0.6272277,0.56111073,-0.5083773,0.1686033,-0.1255518,-0.18075344,0.99491936,0.99988854
78,6500,15,LEFT_WRIST,0.6466848,0.60705614,-0.20099935,0.193877,-0.02185059,-0.061134413,0.8365932,0.99968255
78,6500,16,RIGHT_WRIST,0.7916143,0.63172734,-0.53281116,0.35913873,0.017983643,-0.1851202,0.98817575,0.99981767
78,6500,17,LEFT_PINKY,0.6241867,0.6233128,-0.26291668,0.19769965,0.02563562,-0.08654761,0.7983798,0.9994766
78,6500,18,RIGHT_PINKY,0.8397609,0.64797974,-0.6214027,0.4028671,0.069821425,-0.21729545,0.97478205,0.9996302
78,6500,19,LEFT_INDEX,0.62210196,0.6177968,-0.32079068,0.1958993,0.01647139,-0.112114854,0.80177087,0.9995627
78,6500,20,RIGHT_INDEX,0.850807,0.6390271,-0.62057304,0.42578298,0.04249798,-0.207325,0.97453856,0.9996345
78,6500,21,LEFT_THUMB,0.62844604,0.6128814,-0.23526318,0.19159643,-0.01516267,-0.07435473,0.7867031,0.99967754
78,6500,22,RIGHT_THUMB,0.8378457,0.6335963,-0.53249377,0.37869918,0.020306297,-0.1828516,0.96349555,0.9997367
78,6500,23,LEFT_HIP,0.55122393,0.632934,0.12812415,0.10801735,0.023155568,0.061724342,0.99988115,0.99992967
78,6500,24,RIGHT_HIP,0.42725512,0.6254054,-0.12726048,-0.1073752,-0.023562465,-0.059206165,0.99978924,0.99979013
78,6500,25,LEFT_KNEE,0.64957416,0.67454386,-0.7509965,0.18304566,0.16276337,-0.27383938,0.9865734,0.99993134
78,6500,26,RIGHT_KNEE,0.5422706,0.6706851,-1.1320716,0.053094067,0.114135765,-0.42119375,0.99427664,0.9999553
78,6500,27,LEFT_ANKLE,0.5468212,0.8497224,-0.5066783,0.10881573,0.49693176,-0.2218271,0.9751914,0.99962294
78,6500,28,RIGHT_ANKLE,0.51572675,0.86334467,-0.9093237,0.06423614,0.49252275,-0.36299384,0.9808873,0.99968255
78,6500,29,LEFT_HEEL,0.51609546,0.8671242,-0.4910736,0.098770626,0.53924394,-0.22282171,0.9347462,0.9992986
78,6500,30,RIGHT_HEEL,0.48964554,0.8819723,-0.88900036,0.062998705,0.5398642,-0.3576688,0.94322306,0.99929583
78,6500,31,LEFT_FOOT_INDEX,0.5514998,0.92365897,-0.78364784,0.10553109,0.6278617,-0.32058167,0.97959894,0.9970536
78,6500,32,RIGHT_FOOT_INDEX,0.5595736,0.93842924,-1.1982404,0.09378453,0.6419017,-0.45952663,0.9834864,0.99773055
79,6583,0,NOSE,0.63563806,0.34195322,-0.6637089,0.17368366,-0.5823757,-0.25291374,0.9999954,0.99999535
79,6583,1,LEFT_EYE_INNER,0.63836116,0.3300784,-0.5956583,0.16530813,-0.62509114,-0.22471543,0.99999255,0.99998724
79,6583,2,LEFT_EYE,0.64571327,0.329866,-0.5958864,0.16591534,-0.62549025,-0.22387718,0.9999936,0.99998474
79,6583,3,LEFT_EYE_OUTER,0.6522235,0.3298645,-0.5960307,0.16634679,-0.6265613,-0.22431305,0.9999943,0.99998176
79,6583,4,RIGHT_EYE_INNER,0.6135309,0.33086196,-0.62236696,0.13034374,-0.6135253,-0.23138392,0.9999858,0.99999094
79,6583,5,RIGHT_EYE,0.6031524,0.33120197,-0.6223704,0.13135397,-0.61403304,-0.23194483,0.9999878,0.99998915
79,6583,6,RIGHT_EYE_OUTER,0.5924336,0.33199093,-0.62236446,0.1317372,-0.6157849,-0.23086216,0.9999866,0.99998534
79,6583,7,LEFT_EAR,0.6515156,0.33646417,-0.25431144,0.19504534,-0.6112194,-0.08880004,0.9999914,0.99998236
79,6583,8,RIGHT_EAR,0.56937915,0.34125847,-0.37586936,0.033923447,-0.5762321,-0.1321542,0.9999566,0.999982
79,6583,9,MOUTH_LEFT,0.64721197,0.35866076,-0.53333473,0.19859052,-0.55707306,-0.20938191,0.99999523,0.99999666
79,6583,10,MOUTH_RIGHT,0.61440575,0.359699,-0.56585866,0.14967857,-0.54511255,-0.21927486,0.9999906,0.99999404
79,6583,11,LEFT_SHOULDER,0.67683315,0.43527922,0.098724715,0.24757712,-0.39993522,0.06779763,0.99998134,0.9999671
79,6583,12,RIGHT_SHOULDER,0.5258785,0.4293818,-0.43252963,0.045683157,-0.38399285,-0.17848134,0.99989164,0.9999274
79,6583,13,LEFT_ELBOW,0.6518881,0.55234957,0.060413383,0.17235088,-0.15480946,0.046150647,0.8475629,0.9998313
79,6583,14,RIGHT_ELBOW,0.62641245,0.5607187,-0.52694476,0.16464855,-0.1316242,-0.19007616,0.99521995,0.99993443
79,6583,15,LEFT_WRIST,0.62896454,0.6070444,-0.23239435,0.16676581,-0.022304164,-0.06823702,0.8299631,0.9998029
79,6583,16,RIGHT_WRIST,0.79272765,0.6308772,-0.5706853,0.3573218,0.014450405,-0.19770165,0.98881966,0.99987566
79,6583,17,LEFT_PINKY,0.61269516,0.62331796,-0.30145836,0.16056545,0.025078308,-0.09544735,0.79044074,0.9996594
79,6583,18,RIGHT_PINKY,0.84071666,0.6469445,-0.6639677,0.40166286,0.06620275,-0.23042579,0.97601676,0.9997086
79,6583,19,LEFT_INDEX,0.6079818,0.6178473,-0.3614098,0.15448745,0.015943725,-0.123002976,0.7935223,0.9997284
79,6583,20,RIGHT_INDEX,0.8517749,0.63834286,-0.65807915,0.42496398,0.03927783,-0.21720687,0.9758173,0.9997284
79,6583,21,LEFT_THUMB,0.615557,0.6128354,-0.26967794,0.16079059,-0.015697973,-0.082794316,0.7772554,0.99980134
79,6583,22,RIGHT_THUMB,0.838647,0.63299304,-0.5686228,0.3769163,0.016934771,-0.19401774,0.96507347,0.9998104
79,6583,23,LEFT_HIP,0.55123925,0.6332541,0.12759145,0.10742829,0.024276601,0.062190406,0.9998824,0.9999403
79,6583,24,RIGHT_HIP,0.42740592,0.6253949,-0.12676828,-0.106743276,-0.024655465,-0.059666302,0.999798,0.99984765
79,6583,25,LEFT_KNEE,0.649916,0.6747564,-0.74565583,0.18279761,0.16289236,-0.27254134,0.9868832,0.999943
79,6583,26,RIGHT_KNEE,0.5427163,0.67141396,-1.1449419,0.05456438,0.10926263,-0.42549852,0.9945645,0.9999671
79,6583,27,LEFT_ANKLE,0.54699033,0.8496917,-0.4893642,0.1102572,0.4963755,-0.21228023,0.97598726,0.9996288
79,6583,28,RIGHT_ANKLE,0.51573414,0.86333084,-0.92143095,0.06406566,0.49106777,-0.3641903,0.98208916,0.99971753
79,6583,29,LEFT_HEEL,0.51551515,0.8670839,-0.47284037,0.10057415,0.53834635,-0.21278268,0.9369431,0.9993013
79,6583,30,RIGHT_HEEL,0.48812747,0.8819726,-0.90000516,0.062721856,0.5387225,-0.35847285,0.94585633,0.9993563
79,6583,31,LEFT_FOOT_INDEX,0.5530113,0.9238818,-0.7661986,0.10814364,0.6258018,-0.31118178,0.9803219,0.9971328
79,6583,32,RIGHT_FOOT_INDEX,0.559321,0.93838084,-1.2064168,0.09312344,0.64149535,-0.4601222,0.9845558,0.9979572
80,6667,0,NOSE,0.63548326,0.34157252,-0.6622194,0.17279682,-0.5826725,-0.25173956,0.9999958,0.9999956
80,6667,1,LEFT_EYE_INNER,0.6385814,0.32962853,-0.5936364,0.16453908,-0.62540317,-0.22327507,0.9999932,0.9999883
80,6667,2,LEFT_EYE,0.6457678,0.3295414,-0.5939373,0.16514991,-0.6257836,-0.2224188,0.99999416,0.9999865
80,6667,3,LEFT_EYE_OUTER,0.6521927,0.32965133,-0.5940136,0.16557986,-0.62681204,-0.22288734,0.99999475,0.99998415
80,6667,4,RIGHT_EYE_INNER,0.6135111,0.33062002,-0.62144464,0.12965776,-0.6140056,-0.23023507,0.9999871,0.9999908
80,6667,5,RIGHT_EYE,0.6028744,0.33101812,-0.62144613,0.130669,-0.61441594,-0.23080269,0.99998885,0.99998856
80,6667,6,RIGHT_EYE_OUTER,0.59232235,0.331702,-0.62144333,0.13103633,-0.6162232,-0.22970325,0.9999878,0.99998426
80,6667,7,LEFT_EAR,0.6512514,0.3363729,-0.25381458,0.19450359,-0.6112743,-0.08746027,0.9999921,0.9999846
80,6667,8,RIGHT_EAR,0.56908983,0.3408122,-0.36843377,0.03350743,-0.5768896,-0.13184917,0.99996066,0.99997926
80,6667,9,MOUTH_LEFT,0.64662516,0.35825244,-0.53085005,0.19785309,-0.55720377,-0.20805493,0.9999956,0.99999666
80,6667,10,MOUTH_RIGHT,0.61387956,0.35907096,-0.5649119,0.14891599,-0.54542,-0.21834153,0.99999136,0.9999932
80,6667,11,LEFT_SHOULDER,0.6765827,0.43465048,0.102915004,0.24426056,-0.39975232,0.069217026,0.9999816,0.999969
80,6667,12,RIGHT_SHOULDER,0.5250704,0.42934054,-0.42985886,0.043975145,-0.38434106,-0.17789,0.9998999,0.99990463
80,6667,13,LEFT_ELBOW,0.65173495,0.55230033,0.07410523,0.17102838,-0.15444505,0.047799367,0.8380988,0.9998746
80,6667,14,RIGHT_ELBOW,0.6258439,0.5600568,-0.51975954,0.16335827,-0.13190573,-0.1882281,0.99543583,0.9999263
80,6667,15,LEFT_WRIST,0.62910557,0.6071823,-0.2299626,0.16721748,-0.02135421,-0.06963305,0.82327986,0.99985576
80,6667,16,RIGHT_WRIST,0.79308766,0.630265,-0.5647262,0.35645777,0.01374469,-0.19542682,0.9892762,0.99988043
80,6667,17,LEFT_PINKY,0.61342263,0.623705,-0.2989965,0.16205049,0.025764158,-0.09682682,0.7824494,0.99974877
80,6667,18,RIGHT_PINKY,0.84061193,0.6464058,-0.6575127,0.40099838,0.06567697,-0.22779149,0.97690785,0.99974483
80,6667,19,LEFT_INDEX,0.6071263,0.6181943,-0.35311666,0.15611862,0.015949866,-0.12169593,0.78552324,0.9997981
80,6667,20,RIGHT_INDEX,0.85150206,0.6379411,-0.65347236,0.4241725,0.0392787,-0.21478668,0.9767456,0.9997565
80,6667,21,LEFT_THUMB,0.6151959,0.6130114,-0.26329702,0.16147882,-0.015063008,-0.0825672,0.7682194,0.9998535
80,6667,22,RIGHT_THUMB,0.8383675,0.63241684,-0.56350976,0.37603953,0.016521355,-0.19164515,0.96611917,0.999826
80,6667,23,LEFT_HIP,0.55139536,0.6327952,0.12797831,0.10684598,0.024379324,0.06224196,0.99988425,0.99994934
80,6667,24,RIGHT_HIP,0.42793784,0.6247612,-0.12718157,-0.106180884,-0.024753636,-0.059724435,0.999806,0.9998579
80,6667,25,LEFT_KNEE,0.6516392,0.67472607,-0.7471163,0.18432273,0.16386527,-0.27037537,0.9870529,0.99995315
80,6667,26,RIGHT_KNEE,0.5445979,0.6714157,-1.146633,0.052142125,0.11093108,-0.42483026,0.9948099,0.9999697
80,6667,27,LEFT_ANKLE,0.54701126,0.8503971,-0.49405167,0.107882515,0.49779728,-0.21273156,0.9766241,0.9997508
80,6667,28,RIGHT_ANKLE,0.51589817,0.86355484,-0.94146365,0.063725755,0.49396262,-0.36658525,0.98320836,0.9997868
80,6667,29,LEFT_HEEL,0.5147904,0.86804855,-0.47725856,0.09754076,0.53969234,-0.21349828,0.9389766,0.9995308
80,6667,30,RIGHT_HEEL,0.4881179,0.8826395,-0.92333156,0.06255428,0.5415955,-0.3616089,0.9483836,0.9995197
80,6667,31,LEFT_FOOT_INDEX,0.5520509,0.9238552,-0.77253497,0.10570515,0.626484,-0.3124984,0.98096234,0.99813974
80,6667,32,RIGHT_FOOT_INDEX,0.5592338,0.9383876,-1.2394577,0.09252133,0.64218956,-0.46554878,0.9855294,0.99849296
81,6750,0,NOSE,0.63189715,0.34139976,-0.678693,0.16963342,-0.5828024,-0.25395513,0.9999962,0.99999344
81,6750,1,LEFT_EYE_INNER,0.6350869,0.32961446,-0.6106637,0.16183844,-0.6255448,-0.22557233,0.9999938,0.99998343
81,6750,2,LEFT_EYE,0.64271057,0.32952404,-0.6110475,0.16243139,-0.6259175,-0.22478725,0.99999464,0.99998105
81,6750,3,LEFT_EYE_OUTER,0.649755,0.3296386,-0.61105126,0.16284041,-0.6269241,-0.22519624,0.9999952,0.9999778
81,6750,4,RIGHT_EYE_INNER,0.6107645,0.32999617,-0.63730586,0.12690555,-0.6141575,-0.23240684,0.99998826,0.999987
81,6750,5,RIGHT_EYE,0.6000651,0.3303634,-0.6373055,0.12795842,-0.61463183,-0.23299496,0.9999898,0.9999839
81,6750,6,RIGHT_EYE_OUTER,0.58878547,0.33120087,-0.63730675,0.12825312,-0.6163614,-0.23189387,0.99998885,0.9999782
81,6750,7,LEFT_EAR,0.6501056,0.33609462,-0.26657277,0.19181259,-0.6118564,-0.091052294,0.9999926,0.9999794
81,6750,8,RIGHT_EAR,0.5658182,0.3404644,-0.3767596,0.030556045,-0.57753754,-0.13419858,0.9999642,0.99997187
81,6750,9,MOUTH_LEFT,0.64334786,0.35793504,-0.54715747,0.19417767,-0.5572969,-0.21017279,0.99999595,0.99999595
81,6750,10,MOUTH_RIGHT,0.60966974,0.3588705,-0.5797134,0.14520362,-0.5455277,-0.22025165,0.9999921,0.9999918
81,6750,11,LEFT_SHOULDER,0.6751236,0.43364173,0.08148154,0.24269335,-0.40018988,0.06395189,0.99998194,0.9999665
81,6750,12,RIGHT_SHOULDER,0.5226506,0.42924768,-0.4364447,0.040135246,-0.38518393,-0.1784959,0.99990726,0.99988496
81,6750,13,LEFT_ELBOW,0.65175724,0.5506211,0.03809192,0.17120862,-0.15450837,0.036967568,0.83230495,0.9998313
81,6750,14,RIGHT_ELBOW,0.62635195,0.55910736,-0.5241519,0.16259691,-0.1322163,-0.19126284,0.9956239,0.9998952
81,6750,15,LEFT_WRIST,0.6338559,0.6067743,-0.28444943,0.16974154,-0.021482304,-0.08862693,0.81830776,0.99978346
81,6750,16,RIGHT_WRIST,0.7931436,0.62998074,-0.5772,0.35574597,0.012974454,-0.20276682,0.989576,0.9998287
81,6750,17,LEFT_PINKY,0.61660075,0.62363636,-0.35949197,0.16558264,0.025678307,-0.11790696,0.77688587,0.99961996
81,6750,18,RIGHT_PINKY,0.84018385,0.64631784,-0.6732434,0.40039203,0.064802215,-0.23644023,0.977506,0.9996259
81,6750,19,LEFT_INDEX,0.60807675,0.617941,-0.4133304,0.15903276,0.015593263,-0.14309743,0.780096,0.9996947
81,6750,20,RIGHT_INDEX,0.8511093,0.6376989,-0.67156017,0.423811,0.038349897,-0.22415704,0.97740537,0.9996513
81,6750,21,LEFT_THUMB,0.61722857,0.6124619,-0.31807795,0.16406243,-0.015256714,-0.10186709,0.76206714,0.99978
81,6750,22,RIGHT_THUMB,0.8379778,0.6319978,-0.5772832,0.375457,0.015718667,-0.1995272,0.9668667,0.9997508
81,6750,23,LEFT_HIP,0.55143595,0.6326997,0.12750863,0.10681622,0.024421416,0.06223849,0.99988407,0.99993134
81,6750,24,RIGHT_HIP,0.4280627,0.6247433,-0.12668721,-0.10615033,-0.02479741,-0.05971968,0.9998093,0.9997851
81,6750,25,LEFT_KNEE,0.65044093,0.6747381,-0.75883484,0.1794402,0.16411695,-0.27274868,0.98709965,0.9999374
81,6750,26,RIGHT_KNEE,0.54456306,0.6713598,-1.1392598,0.056235295,0.11161255,-0.42343146,0.9949582,0.99995315
81,6750,27,LEFT_ANKLE,0.54703003,0.8503957,-0.49938008,0.10751606,0.49710488,-0.21368094,0.9770048,0.99960333
81,6750,28,RIGHT_ANKLE,0.51638806,0.86338675,-0.9087615,0.063726164,0.49353936,-0.36199874,0.98396784,0.9996345
81,6750,29,LEFT_HEEL,0.5148502,0.86797506,-0.48120016,0.09748051,0.5387805,-0.21423605,0.9402203,0.9992387
81,6750,30,RIGHT_HEEL,0.4886537,0.88258857,-0.88790035,0.06236588,0.5411112,-0.35656685,0.9500308,0.9992022
81,6750,31,LEFT_FOOT_INDEX,0.55206615,0.92372787,-0.7817248,0.10504193,0.6243396,-0.31434223,0.9812816,0.99698395
81,6750,32,RIGHT_FOOT_INDEX,0.5591922,0.9378685,-1.2009032,0.09204438,0.6416885,-0.4592269,0.98621583,0.99760324
82,6833,0,NOSE,0.62741065,0.34012246,-0.6125038,0.16406934,-0.58420676,-0.24557759,0.9999965,0.9999927
82,6833,1,LEFT_EYE_INNER,0.6307516,0.3282318,-0.54974025,0.15614909,-0.62716156,-0.21765992,0.99999434,0.99998176
82,6833,2,LEFT_EYE,0.6382452,0.328151,-0.5497477,0.1567513,-0.6275167,-0.21692331,0.99999505,0.99997973
82,6833,3,LEFT_EYE_OUTER,0.64492464,0.32833424,-0.55012727,0.15713382,-0.6284798,-0.21739292,0.9999955,0.99997675
82,6833,4,RIGHT_EYE_INNER,0.6058016,0.32897383,-0.5747592,0.122092605,-0.6154462,-0.22452168,0.9999893,0.99998546
82,6833,5,RIGHT_EYE,0.5952866,0.3292628,-0.5747586,0.12300664,-0.61580735,-0.22512084,0.99999064,0.9999825
82,6833,6,RIGHT_EYE_OUTER,0.5843919,0.32986775,-0.57476026,0.12335308,-0.61764294,-0.22411849,0.99998975,0.999977
82,6833,7,LEFT_EAR,0.6438356,0.33506852,-0.22947815,0.18423088,-0.6150044,-0.08703174,0.9999931,0.99997985
82,6833,8,RIGHT_EAR,0.5613103,0.33889246,-0.3318109,0.025461286,-0.5784541,-0.12959611,0.9999674,0.99997294
82,6833,9,MOUTH_LEFT,0.6380795,0.35689324,-0.4903952,0.18757096,-0.5592166,-0.20292845,0.99999624,0.9999962
82,6833,10,MOUTH_RIGHT,0.6052347,0.35755134,-0.5208054,0.13948439,-0.54678947,-0.2130723,0.9999927,0.9999926
82,6833,11,LEFT_SHOULDER,0.6716723,0.43246207,0.08452798,0.23886187,-0.40189773,0.063510984,0.9999826,0.99997044
82,6833,12,RIGHT_SHOULDER,0.51550263,0.42760476,-0.40070698,0.030533312,-0.38644713,-0.17444426,0.9999143,0.99990535
82,6833,13,LEFT_ELBOW,0.6496995,0.5484985,0.01340891,0.17110518,-0.15462457,0.02284541,0.8333737,0.99980134
82,6833,14,RIGHT_ELBOW,0.621211,0.5566112,-0.49151534,0.15857102,-0.13708027,-0.18979597,0.99584323,0.9998902
82,6833,15,LEFT_WRIST,0.6295375,0.6050271,-0.3103641,0.15271516,-0.024221964,-0.10749039,0.8163271,0.9997658
82,6833,16,RIGHT_WRIST,0.78943753,0.62449384,-0.53099394,0.3528305,0.0045983545,-0.20230316,0.9898338,0.999795
82,6833,17,LEFT_PINKY,0.6120562,0.6226794,-0.38769773,0.1436887,0.022747805,-0.1385105,0.773922,0.9995778
82,6833,18,RIGHT_PINKY,0.83504087,0.64488643,-0.6233491,0.3975846,0.057353612,-0.23628643,0.9779705,0.9995272
82,6833,19,LEFT_INDEX,0.6055159,0.61717576,-0.42961082,0.13226989,0.010746048,-0.16086502,0.7768111,0.9996673
82,6833,20,RIGHT_INDEX,0.8452901,0.6363474,-0.6234093,0.4205882,0.030579314,-0.22402665,0.9779206,0.99956435
82,6833,21,LEFT_THUMB,0.6138886,0.6113648,-0.33866444,0.14401364,-0.018540751,-0.11920852,0.7583085,0.999764
82,6833,22,RIGHT_THUMB,0.83222765,0.6289549,-0.53181344,0.3722807,0.007489485,-0.19932243,0.9675445,0.9996898
82,6833,23,LEFT_HIP,0.5514651,0.6322564,0.12349392,0.10679062,0.024119586,0.062220544,0.9998844,0.9999379
82,6833,24,RIGHT_HIP,0.42841285,0.62463,-0.122646086,-0.10612389,-0.024489084,-0.05970864,0.99981207,0.99979657
82,6833,25,LEFT_KNEE,0.65128124,0.6748881,-0.7304035,0.18069327,0.16435981,-0.272189,0.9874374,0.9999329
82,6833,26,RIGHT_KNEE,0.544663,0.6708985,-1.0824207,0.059575144,0.11878315,-0.41600925,0.99517006,0.99995387
82,6833,27,LEFT_ANKLE,0.5463611,0.8508959,-0.50268036,0.107338846,0.49919844,-0.21508598,0.9778201,0.99948466
82,6833,28,RIGHT_ANKLE,0.51639974,0.86365813,-0.88693637,0.06402167,0.4963063,-0.36096132,0.9847803,0.9995327
82,6833,29,LEFT_HEEL,0.5145127,0.86806166,-0.481916,0.09710948,0.5409159,-0.21595196,0.9414908,0.9989556
82,6833,30,RIGHT_HEEL,0.48890576,0.8824542,-0.8688257,0.062301822,0.54349434,-0.3557296,0.95181763,0.99890983
82,6833,31,LEFT_FOOT_INDEX,0.5513434,0.92395353,-0.78251886,0.10115514,0.6294214,-0.31846386,0.98182607,0.9952632
82,6833,32,RIGHT_FOOT_INDEX,0.55909026,0.93886435,-1.1686162,0.09179926,0.645554,-0.45614034,0.9869378,0.99630713
83,6917,0,NOSE,0.61462146,0.33862573,-0.7023422,0.14785394,-0.5840447,-0.27241996,0.9999965,0.9999794
83,6917,1,LEFT_EYE_INNER,0.6209639,0.32666188,-0.64329743,0.14003925,-0.62713903,-0.24555065,0.9999944,0.999956
83,6917,2,LEFT_EYE,0.6291345,0.3266642,-0.6432739,0.14061351,-0.62749356,-0.24482495,0.9999951,0.9999528
83,6917,3,LEFT_EYE_OUTER,0.6362762,0.32691863,-0.64329064,0.14099129,-0.6284489,-0.24508661,0.9999955,0.9999478
83,6917,4,RIGHT_EYE_INNER,0.59398794,0.3274564,-0.6645999,0.10549376,-0.61503404,-0.25125638,0.9999895,0.99996173
83,6917,5,RIGHT_EYE,0.5834042,0.32778513,-0.6645995,0.1064474,-0.6155087,-0.2517496,0.9999908,0.9999542
83,6917,6,RIGHT_EYE_OUTER,0.5726006,0.32829955,-0.66460055,0.106672235,-0.6172352,-0.25100836,0.9999899,0.9999403
83,6917,7,LEFT_EAR,0.63780373,0.33412027,-0.32606915,0.17271179,-0.6152816,-0.11713401,0.99999285,0.9999546
83,6917,8,RIGHT_EAR,0.5514461,0.33698967,-0.4103297,0.013456397,-0.5774968,-0.15295263,0.99996895,0.999928
83,6917,9,MOUTH_LEFT,0.6274753,0.35571003,-0.58169365,0.17395014,-0.5592371,-0.23025507,0.99999636,0.9999918
83,6917,10,MOUTH_RIGHT,0.5913766,0.35646284,-0.60638136,0.12592955,-0.54642135,-0.23857683,0.999993,0.9999827
83,6917,11,LEFT_SHOULDER,0.67053044,0.4324708,-0.014579032,0.23941801,-0.4019213,0.02330603,0.99998206,0.9999485
83,6917,12,RIGHT_SHOULDER,0.5034183,0.4242808,-0.4457912,0.0037528956,-0.38661462,-0.18728358,0.9999185,0.99980897
83,6917,13,LEFT_ELBOW,0.65016824,0.5437381,-0.09597548,0.16981122,-0.15430897,-0.022940567,0.83229804,0.99969935
83,6917,14,RIGHT_ELBOW,0.5733819,0.55082214,-0.5264283,0.109500095,-0.13429849,-0.20057759,0.9958939,0.9997658
83,6917,15,LEFT_WRIST,0.63123125,0.60188603,-0.43255618,0.15372333,-0.025711684,-0.15990731,0.809841,0.9995956
83,6917,16,RIGHT_WRIST,0.7520093,0.6187686,-0.58505094,0.30423856,0.005886495,-0.22099666,0.98929006,0.99968255
83,6917,17,LEFT_PINKY,0.6104844,0.6213602,-0.5174963,0.1465471,0.020818038,-0.19392745,0.7682211,0.99937856
83,6917,18,RIGHT_PINKY,0.79562575,0.6385595,-0.68098515,0.34866923,0.059895333,-0.25506157,0.9769755,0.99939525
83,6917,19,LEFT_INDEX,0.6055922,0.6153259,-0.5651821,0.13611406,0.007098116,-0.21769667,0.7711176,0.99948066
83,6917,20,RIGHT_INDEX,0.8134718,0.6282481,-0.68626726,0.3751425,0.030878488,-0.24668868,0.97702,0.9994319
83,6917,21,LEFT_THUMB,0.611248,0.6094831,-0.4638991,0.14573506,-0.020796642,-0.1728712,0.7523825,0.99961853
83,6917,22,RIGHT_THUMB,0.7995485,0.6206644,-0.58905786,0.32649413,0.008156813,-0.21958606,0.9663717,0.99957615
83,6917,23,LEFT_HIP,0.5527137,0.62819153,0.117956206,0.10752118,0.023351718,0.06135502,0.99988025,0.99991846
83,6917,24,RIGHT_HIP,0.42865068,0.62176293,-0.117096655,-0.10692211,-0.023749664,-0.058893766,0.999808,0.9997347
83,6917,25,LEFT_KNEE,0.6506576,0.6746317,-0.7165152,0.18096219,0.1670586,-0.27114365,0.987734,0.99992037
83,6917,26,RIGHT_KNEE,0.54477656,0.6714959,-1.0265687,0.06776291,0.13821015,-0.3953079,0.99537945,0.99993944
83,6917,27,LEFT_ANKLE,0.5458838,0.850821,-0.4738578,0.10729082,0.50244176,-0.20898893,0.97859883,0.9995272
83,6917,28,RIGHT_ANKLE,0.516412,0.86447924,-0.8188446,0.06415928,0.5044291,-0.3384233,0.98554456,0.9994642
83,6917,29,LEFT_HEEL,0.5146965,0.86758864,-0.4585518,0.09707399,0.54423827,-0.20872812,0.94213796,0.9990638
83,6917,30,RIGHT_HEEL,0.48956817,0.88256514,-0.8012402,0.06221313,0.5510109,-0.33326358,0.9532065,0.998844
83,6917,31,LEFT_FOOT_INDEX,0.5478216,0.92304695,-0.7641648,0.0972367,0.6353985,-0.3123792,0.98212457,0.9957188
83,6917,32,RIGHT_FOOT_INDEX,0.5591363,0.9394522,-1.1048002,0.09088279,0.6551527,-0.42939982,0.9875123,0.9960699
84,7000,0,NOSE,0.6064654,0.3377197,-0.6813442,0.14073321,-0.5839812,-0.26077735,0.99999607,0.9999465
84,7000,1,LEFT_EYE_INNER,0.613242,0.32565302,-0.6271049,0.13049713,-0.6270023,-0.23511012,0.99999386,0.999892
84,7000,2,LEFT_EYE,0.62144184,0.32565647,-0.6268222,0.13103862,-0.62735945,-0.23440018,0.99999464,0.99988675
84,7000,3,LEFT_EYE_OUTER,0.62843204,0.32583663,-0.6275076,0.13147666,-0.6283023,-0.2348332,0.99999505,0.9998785
84,7000,4,RIGHT_EYE_INNER,0.586437,0.32605714,-0.65387654,0.097903855,-0.6145536,-0.24238765,0.9999887,0.99990463
84,7000,5,RIGHT_EYE,0.575806,0.32620153,-0.6538722,0.098764084,-0.6149564,-0.24295633,0.99999005,0.9998894
84,7000,6,RIGHT_EYE_OUTER,0.5650849,0.32660285,-0.65388364,0.09909345,-0.61675763,-0.24209514,0.99998915,0.99986017
84,7000,7,LEFT_EAR,0.6301308,0.3327086,-0.30733597,0.1557828,-0.6150791,-0.11492208,0.9999917,0.99989605
84,7000,8,RIGHT_EAR,0.54363745,0.33525422,-0.39579684,0.0051533356,-0.5754621,-0.15096237,0.9999684,0.9998416
84,7000,9,MOUTH_LEFT,0.61956537,0.35490003,-0.5675699,0.16482516,-0.55924857,-0.22134013,0.99999624,0.9999808
84,7000,10,MOUTH_RIGHT,0.58236444,0.355786,-0.5972547,0.119216576,-0.54593897,-0.23086639,0.9999929,0.9999627
84,7000,11,LEFT_SHOULDER,0.66989696,0.43287677,0.009257807,0.23950283,-0.4019403,0.025345447,0.99998003,0.99989605
84,7000,12,RIGHT_SHOULDER,0.48600003,0.42467672,-0.4277863,-0.02403613,-0.3858295,-0.17992868,0.9999176,0.9996513
84,7000,13,LEFT_ELBOW,0.65053505,0.5406432,-0.11105284,0.16985534,-0.15820101,-0.03803727,0.83065027,0.9995592
84,7000,14,RIGHT_ELBOW,0.52471876,0.55519676,-0.49863413,0.06852327,-0.12913157,-0.1908302,0.9958363,0.99965537
84,7000,15,LEFT_WRIST,0.62352496,0.6016394,-0.5086029,0.13909648,-0.045868162,-0.19121338,0.79808986,0.9993358
84,7000,16,RIGHT_WRIST,0.715942,0.6163689,-0.53882164,0.25848123,-0.0041164216,-0.20811372,0.98841166,0.9996594
84,7000,17,LEFT_PINKY,0.597757,0.6216458,-0.6080067,0.12883028,0.001913207,-0.22883585,0.7575147,0.9991066
84,7000,18,RIGHT_PINKY,0.7556163,0.6319203,-0.628677,0.30412436,0.047641274,-0.2396446,0.9754958,0.9994185
84,7000,19,LEFT_INDEX,0.5921203,0.6157476,-0.6440466,0.112032056,-0.016485905,-0.2480202,0.7608181,0.9992706
84,7000,20,RIGHT_INDEX,0.77390397,0.6214305,-0.6446535,0.3278054,0.013576178,-0.23535405,0.9756892,0.9994536
84,7000,21,LEFT_THUMB,0.5983001,0.609331,-0.5375777,0.12754028,-0.043084286,-0.20272137,0.7428431,0.999423
84,7000,22,RIGHT_THUMB,0.7586596,0.6154345,-0.544503,0.27920258,-0.004896188,-0.2077725,0.96468276,0.99958426
84,7000,23,LEFT_HIP,0.5508183,0.6282297,0.1171356,0.10948907,0.022155672,0.060549803,0.99988097,0.99992573
84,7000,24,RIGHT_HIP,0.42488673,0.6218255,-0.1161909,-0.10889182,-0.022542903,-0.0581195,0.99980897,0.9997695
84,7000,25,LEFT_KNEE,0.6564489,0.6715562,-0.73754424,0.18441156,0.14644858,-0.27329934,0.9881575,0.9999274
84,7000,26,RIGHT_KNEE,0.55334455,0.66643834,-1.0477883,0.08966128,0.1298286,-0.3950383,0.99561805,0.9999502
84,7000,27,LEFT_ANKLE,0.54546064,0.85006726,-0.4814254,0.10534166,0.48683992,-0.20923066,0.97954285,0.9996388
84,7000,28,RIGHT_ANKLE,0.5157844,0.8639182,-0.8386469,0.064133406,0.48470104,-0.33864686,0.9863438,0.9995678
84,7000,29,LEFT_HEEL,0.51487213,0.8672187,-0.46657974,0.09452384,0.52953666,-0.2086897,0.9439154,0.99929583
84,7000,30,RIGHT_HEEL,0.4894637,0.88076526,-0.82012796,0.06047426,0.5301921,-0.3332576,0.9550584,0.99915075
84,7000,31,LEFT_FOOT_INDEX,0.5475223,0.92465734,-0.77388966,0.08966258,0.6263027,-0.31169546,0.9827114,0.9967269
84,7000,32,RIGHT_FOOT_INDEX,0.5561863,0.93944436,-1.1241254,0.08434438,0.6388489,-0.42529127,0.98810464,0.99679
85,7083,0,NOSE,0.594154,0.33730218,-0.55632025,0.13904552,-0.58438164,-0.2372873,0.99999374,0.99974483
85,7083,1,LEFT_EYE_INNER,0.60261875,0.32522693,-0.50804406,0.13145263,-0.6271295,-0.21429151,0.99999017,0.99954695
85,7083,2,LEFT_EYE,0.6111529,0.32517695,-0.5080132,0.13203059,-0.6274838,-0.21368912,0.9999918,0.9995627
85,7083,3,LEFT_EYE_OUTER,0.61846596,0.3252713,-0.50843704,0.13242638,-0.6284255,-0.21418038,0.9999922,0.999566
85,7083,4,RIGHT_EYE_INNER,0.5750129,0.32559174,-0.5226081,0.09867484,-0.614964,-0.21916348,0.9999819,0.9995523
85,7083,5,RIGHT_EYE,0.5645186,0.3257274,-0.52260774,0.099501684,-0.6153344,-0.21976858,0.9999842,0.99949074
85,7083,6,RIGHT_EYE_OUTER,0.55395913,0.32613525,-0.52260876,0.099820435,-0.6171848,-0.21893921,0.99998295,0.9994
85,7083,7,LEFT_EAR,0.6214266,0.33185738,-0.23460238,0.1575491,-0.6153588,-0.10190141,0.99998647,0.99966073
85,7083,8,RIGHT_EAR,0.53462136,0.33478308,-0.28400028,0.005964935,-0.57819873,-0.12549254,0.9999581,0.99939525
85,7083,9,MOUTH_LEFT,0.608254,0.3543283,-0.45196092,0.16349834,-0.5599503,-0.19970162,0.9999951,0.9999145
85,7083,10,MOUTH_RIGHT,0.57117057,0.3554106,-0.46707788,0.117657885,-0.5469894,-0.20503633,0.9999914,0.99984276
85,7083,11,LEFT_SHOULDER,0.6671015,0.4309407,0.016888332,0.25154853,-0.40537226,0.02778116,0.9999769,0.9998499
85,7083,12,RIGHT_SHOULDER,0.47343808,0.42470565,-0.3039038,-0.0362558,-0.39311212,-0.14459975,0.99991155,0.9990188
85,7083,13,LEFT_ELBOW,0.65973604,0.53458655,-0.09413621,0.19926074,-0.16771415,-0.03742545,0.83499295,0.9993358
85,7083,14,RIGHT_ELBOW,0.4714194,0.5551968,-0.3606207,0.015216078,-0.12923834,-0.15481825,0.9953078,0.9985104
85,7083,15,LEFT_WRIST,0.62084734,0.60222715,-0.48114663,0.14504394,-0.0513846,-0.19490829,0.7906509,0.9985506
85,7083,16,RIGHT_WRIST,0.6463973,0.6121732,-0.4290118,0.19281882,-0.016384795,-0.18865605,0.9852983,0.9992592
85,7083,17,LEFT_PINKY,0.5983872,0.6229342,-0.5785861,0.13099301,0.0019439077,-0.23277484,0.75026345,0.9975751
85,7083,18,RIGHT_PINKY,0.6938038,0.62764454,-0.51053214,0.24060558,0.035984896,-0.21898918,0.97070885,0.9988752
85,7083,19,LEFT_INDEX,0.5898335,0.6168231,-0.6102176,0.116959706,-0.015414312,-0.24960862,0.7538965,0.9980882
85,7083,20,RIGHT_INDEX,0.7040127,0.61732864,-0.5287143,0.26387066,0.0009120535,-0.21830323,0.9712914,0.9990073
85,7083,21,LEFT_THUMB,0.5903908,0.60985696,-0.5066912,0.12916996,-0.047184013,-0.20489177,0.7374056,0.99857855
85,7083,22,RIGHT_THUMB,0.6903932,0.61235154,-0.4345484,0.21407332,-0.018545989,-0.18964203,0.9599891,0.9992237
85,7083,23,LEFT_HIP,0.54350305,0.6266538,0.11402963,0.11131691,0.021257987,0.060528535,0.9998712,0.9998697
85,7083,24,RIGHT_HIP,0.41998398,0.6210929,-0.11307071,-0.11067764,-0.02167333,-0.058101792,0.9997829,0.99939525
85,7083,25,LEFT_KNEE,0.65723455,0.6666302,-0.6716727,0.20146446,0.14426728,-0.26198456,0.9880246,0.99974483
85,7083,26,RIGHT_KNEE,0.5538211,0.66668427,-0.9371563,0.113114946,0.13311374,-0.3724905,0.9958137,0.9998104
85,7083,27,LEFT_ANKLE,0.54573715,0.8487749,-0.4694696,0.11459065,0.48456717,-0.209424,0.979884,0.9988883
85,7083,28,RIGHT_ANKLE,0.51543057,0.8615279,-0.74236643,0.065035075,0.48300523,-0.3219119,0.9869458,0.9982109
85,7083,29,LEFT_HEEL,0.5169232,0.8650643,-0.4590163,0.10381799,0.52744603,-0.20898883,0.9443105,0.9979412
85,7083,30,RIGHT_HEEL,0.48948532,0.87861,-0.72285944,0.060169365,0.527657,-0.31609568,0.95666,0.99664956
85,7083,31,LEFT_FOOT_INDEX,0.5462794,0.9248163,-0.75075954,0.107879646,0.62633485,-0.3098095,0.9824683,0.98892784
85,7083,32,RIGHT_FOOT_INDEX,0.55089986,0.9390669,-0.99478847,0.08437178,0.63897455,-0.39816892,0.98838866,0.98752034
86,7167,0,NOSE,0.5836577,0.33705577,-0.46679506,0.13161632,-0.58981204,-0.20368478,0.99999046,0.9995592
86,7167,1,LEFT_EYE_INNER,0.5932181,0.32495072,-0.42056847,0.12905324,-0.6305921,-0.18180591,0.9999841,0.99921453
86,7167,2,LEFT_EYE,0.6017489,0.3249768,-0.42056486,0.12976341,-0.631248,-0.18143982,0.9999869,0.9992706
86,7167,3,LEFT_EYE_OUTER,0.6092713,0.32504922,-0.42095512,0.13006757,-0.6318614,-0.18182068,0.9999878,0.9993148
86,7167,4,RIGHT_EYE_INNER,0.56595385,0.3247767,-0.43082088,0.0963935,-0.62078303,-0.18457265,0.99997103,0.9991573
86,7167,5,RIGHT_EYE,0.55535746,0.32500476,-0.43082085,0.09714922,-0.6211089,-0.18529953,0.9999745,0.9990415
86,7167,6,RIGHT_EYE_OUTER,0.54435,0.32554477,-0.43082097,0.09745892,-0.6230341,-0.1844583,0.9999734,0.9988927
86,7167,7,LEFT_EAR,0.6127821,0.3309073,-0.16327956,0.15910788,-0.61561924,-0.0745137,0.99997693,0.99950826
86,7167,8,RIGHT_EAR,0.52501583,0.33402246,-0.19575077,0.0066219782,-0.58748126,-0.08937472,0.9999366,0.9989759
86,7167,9,MOUTH_LEFT,0.59707856,0.35409033,-0.3694721,0.15555859,-0.5641003,-0.16798632,0.9999935,0.99988127
86,7167,10,MOUTH_RIGHT,0.56012464,0.35484678,-0.3790796,0.110189684,-0.5536571,-0.17033891,0.99998957,0.9997868
86,7167,11,LEFT_SHOULDER,0.66221887,0.43102533,0.048112947,0.25669265,-0.40587738,0.032370284,0.9999746,0.9998977
86,7167,12,RIGHT_SHOULDER,0.45585123,0.42181864,-0.21077406,-0.06688233,-0.4076381,-0.10043626,0.9999064,0.9989718
86,7167,13,LEFT_ELBOW,0.6609314,0.53502285,-0.06847762,0.20710628,-0.17644419,-0.033787165,0.84071237,0.9995827
86,7167,14,RIGHT_ELBOW,0.43084037,0.5551679,-0.27753448,-0.06838452,-0.13584608,-0.11397203,0.99421066,0.9982317
86,7167,15,LEFT_WRIST,0.6212076,0.60001236,-0.4673155,0.15716793,-0.06468802,-0.19601706,0.7904604,0.9991374
86,7167,16,RIGHT_WRIST,0.5856391,0.6106044,-0.39675242,0.109542616,-0.02463937,-0.1738753,0.9809016,0.9995178
86,7167,17,LEFT_PINKY,0.62019485,0.6215657,-0.5722802,0.14545038,-0.007054654,-0.23772287,0.75219715,0.9984988
86,7167,18,RIGHT_PINKY,0.6153516,0.6278745,-0.47805464,0.15724236,0.031177951,-0.20372297,0.9645483,0.99933845
86,7167,19,LEFT_INDEX,0.5967964,0.61487085,-0.6055317,0.12143447,-0.026865058,-0.25360596,0.75637174,0.9988752
86,7167,20,RIGHT_INDEX,0.6328323,0.6160253,-0.50137,0.18588002,-0.0050838967,-0.20731224,0.96554536,0.9994493
86,7167,21,LEFT_THUMB,0.5921541,0.60868394,-0.49349082,0.13981493,-0.061657418,-0.20564844,0.7404166,0.99916387
86,7167,22,RIGHT_THUMB,0.6224026,0.6109799,-0.4039982,0.13417077,-0.02707335,-0.17648934,0.9540081,0.9995627
86,7167,23,LEFT_HIP,0.54055685,0.6267172,0.10937877,0.11448847,0.020426577,0.059832234,0.99986833,0.99993074
86,7167,24,RIGHT_HIP,0.41342703,0.6210118,-0.108484566,-0.11382932,-0.020836871,-0.05748789,0.99976224,0.9995523
86,7167,25,LEFT_KNEE,0.6571715,0.6604001,-0.71656924,0.20288502,0.13498032,-0.273385,0.9877994,0.99986553
86,7167,26,RIGHT_KNEE,0.5555821,0.66674864,-0.86312103,0.12029589,0.1436663,-0.34368378,0.9958573,0.99983394
86,7167,27,LEFT_ANKLE,0.54755366,0.8485757,-0.57242316,0.11874436,0.48451817,-0.24073285,0.9799048,0.9992792
86,7167,28,RIGHT_ANKLE,0.515,0.86141384,-0.6607328,0.06301298,0.48332077,-0.28850755,0.9870365,0.9982109
86,7167,29,LEFT_HEEL,0.5177354,0.8651991,-0.566889,0.10866711,0.52781916,-0.2411124,0.94333094,0.99863833
86,7167,30,RIGHT_HEEL,0.48926908,0.8786479,-0.6400064,0.05439457,0.52843577,-0.2819327,0.95677733,0.99698395
86,7167,31,LEFT_FOOT_INDEX,0.5490682,0.9265196,-0.86732036,0.11917907,0.6272269,-0.34552234,0.98195857,0.99242276
86,7167,32,RIGHT_FOOT_INDEX,0.5509498,0.9390521,-0.9024977,0.084373854,0.64030856,-0.36313933,0.98812705,0.99002504
87,7250,0,NOSE,0.56979823,0.33644423,-0.40548825,0.09639874,-0.59300894,-0.19679065,0.99999034,0.9997851
87,7250,1,LEFT_EYE_INNER,0.5827301,0.32440594,-0.36262786,0.09838798,-0.63233155,-0.17469598,0.99998295,0.99945146
87,7250,2,LEFT_EYE,0.5912598,0.3245004,-0.36262694,0.09912408,-0.6328484,-0.17434289,0.9999858,0.99941623
87,7250,3,LEFT_EYE_OUTER,0.599582,0.32459724,-0.362828,0.09942223,-0.6336028,-0.17461331,0.9999866,0.9993905
87,7250,4,RIGHT_EYE_INNER,0.55265313,0.3237843,-0.36951798,0.06625061,-0.62420803,-0.17747125,0.9999706,0.9995876
87,7250,5,RIGHT_EYE,0.5417706,0.3238176,-0.36951798,0.0671036,-0.6248395,-0.17830454,0.9999744,0.9995827
87,7250,6,RIGHT_EYE_OUTER,0.5307411,0.32427093,-0.36970407,0.0671974,-0.6264879,-0.17745566,0.99997365,0.9995695
87,7250,7,LEFT_EAR,0.6048286,0.33047542,-0.13295443,0.13374208,-0.61556137,-0.066808216,0.99997354,0.9994887
87,7250,8,RIGHT_EAR,0.51289177,0.3325517,-0.15499727,-0.017101549,-0.59347,-0.08405624,0.99993783,0.9996724
87,7250,9,MOUTH_LEFT,0.58497125,0.35403112,-0.31935441,0.11811977,-0.56647867,-0.1611252,0.9999934,0.99990535
87,7250,10,MOUTH_RIGHT,0.54399455,0.3542546,-0.32562062,0.07341918,-0.558204,-0.1641148,0.99999005,0.99990463
87,7250,11,LEFT_SHOULDER,0.6571209,0.4314107,0.041588232,0.22759514,-0.41060358,0.031516496,0.999973,0.99978846
87,7250,12,RIGHT_SHOULDER,0.42825046,0.42067823,-0.1531711,-0.109964065,-0.41003853,-0.084666036,0.99991125,0.9995827
87,7250,13,LEFT_ELBOW,0.6580522,0.5376643,-0.05414614,0.18505877,-0.18163519,-0.031844296,0.84445167,0.9991991
87,7250,14,RIGHT_ELBOW,0.3786662,0.55446595,-0.23172915,-0.14563636,-0.13645317,-0.10434182,0.9939771,0.99879336
87,7250,15,LEFT_WRIST,0.6159516,0.5964413,-0.41674808,0.1329267,-0.07098772,-0.19201389,0.7871938,0.9982248
87,7250,16,RIGHT_WRIST,0.5309331,0.60846657,-0.3864967,0.03988125,-0.02669719,-0.17458281,0.9790647,0.99966204
87,7250,17,LEFT_PINKY,0.6066031,0.6215478,-0.51851106,0.12242679,-0.013555464,-0.23344406,0.7516837,0.9969722
87,7250,18,RIGHT_PINKY,0.5612892,0.6278939,-0.46816686,0.08946617,0.027557187,-0.2071141,0.9616045,0.9994116
87,7250,19,LEFT_INDEX,0.58928895,0.61332315,-0.5471989,0.09686798,-0.033457916,-0.2508232,0.7563703,0.99776566
87,7250,20,RIGHT_INDEX,0.57939816,0.61426157,-0.4818358,0.120817944,-0.011877793,-0.21240711,0.96282583,0.9995778
87,7250,21,LEFT_THUMB,0.5837338,0.6062992,-0.43960053,0.11770224,-0.067968,-0.20203248,0.74054235,0.998319
87,7250,22,RIGHT_THUMB,0.57127476,0.60809064,-0.3903132,0.06646689,-0.030688964,-0.17845654,0.951487,0.9996947
87,7250,23,LEFT_HIP,0.5522023,0.6245172,0.077153765,0.11714828,0.017344508,0.053900786,0.99985576,0.9998977
87,7250,24,RIGHT_HIP,0.41643584,0.6202869,-0.0763351,-0.11656066,-0.017779946,-0.051663563,0.9997409,0.9996526
87,7250,25,LEFT_KNEE,0.65327793,0.66052765,-0.7566152,0.18490031,0.12760606,-0.2985602,0.9877521,0.999795
87,7250,26,RIGHT_KNEE,0.5462513,0.6663074,-0.8549008,0.096682645,0.14002766,-0.35102797,0.99572885,0.99986017
87,7250,27,LEFT_ANKLE,0.54742235,0.8436624,-0.5480572,0.11277392,0.46981052,-0.2413872,0.9795901,0.9987551
87,7250,28,RIGHT_ANKLE,0.5142651,0.8592903,-0.6427964,0.04661987,0.48369756,-0.2934628,0.98674226,0.99732697
87,7250,29,LEFT_HEEL,0.5189839,0.8584703,-0.54107636,0.103765525,0.5131631,-0.23945409,0.9400045,0.9976769
87,7250,30,RIGHT_HEEL,0.4892275,0.8767017,-0.6212852,0.03827566,0.52896583,-0.2870751,0.956479,0.9950755
87,7250,31,LEFT_FOOT_INDEX,0.5452424,0.92431164,-0.8595798,0.099685766,0.6152855,-0.34877214,0.9808866,0.98707944
87,7250,32,RIGHT_FOOT_INDEX,0.5497213,0.93810195,-0.89116454,0.07641676,0.63929963,-0.37558505,0.98731965,0.98054343
88,7333,0,NOSE,0.55779,0.33570436,-0.4425527,0.09574396,-0.5952749,-0.20351826,0.99999076,0.99992156
88,7333,1,LEFT_EYE_INNER,0.57091355,0.32291362,-0.39944395,0.09574862,-0.6332318,-0.182487,0.99998355,0.99980444
88,7333,2,LEFT_EYE,0.5798925,0.3232035,-0.39944607,0.09648205,-0.633923,-0.18210883,0.99998623,0.9997998
88,7333,3,LEFT_EYE_OUTER,0.58744663,0.32351807,-0.39979452,0.09667026,-0.63454336,-0.18256901,0.99998695,0.999795
88,7333,4,RIGHT_EYE_INNER,0.5418158,0.3220858,-0.40819067,0.0647345,-0.6257006,-0.18547599,0.9999722,0.9998247
88,7333,5,RIGHT_EYE,0.53053063,0.32223123,-0.4081907,0.06550274,-0.6262301,-0.18645026,0.99997586,0.9998104
88,7333,6,RIGHT_EYE_OUTER,0.520036,0.32282177,-0.40822026,0.06554445,-0.6280273,-0.18578106,0.9999752,0.99978846
88,7333,7,LEFT_EAR,0.5925931,0.32981163,-0.15955263,0.12833828,-0.61494803,-0.07565447,0.999974,0.99983394
88,7333,8,RIGHT_EAR,0.5039953,0.33076328,-0.19936064,-0.018331634,-0.5931546,-0.09800503,0.99994177,0.9998191
88,7333,9,MOUTH_LEFT,0.57334125,0.35295227,-0.35556972,0.11567781,-0.56852776,-0.16853702,0.9999937,0.9999528
88,7333,10,MOUTH_RIGHT,0.53464985,0.3529938,-0.3656269,0.072392724,-0.56035036,-0.17273189,0.9999908,0.9999473
88,7333,11,LEFT_SHOULDER,0.6468991,0.4312095,-0.019811114,0.21967016,-0.41146007,0.007429993,0.9999733,0.9998977
88,7333,12,RIGHT_SHOULDER,0.41571078,0.41845435,-0.18237223,-0.10779967,-0.4092308,-0.09477628,0.9999163,0.9995908
88,7333,13,LEFT_ELBOW,0.6558696,0.5377614,-0.10326993,0.18498409,-0.17879899,-0.050584868,0.8557423,0.9995178
88,7333,14,RIGHT_ELBOW,0.3510423,0.5462238,-0.2656549,-0.14466795,-0.13569316,-0.11260251,0.9935819,0.99857855
88,7333,15,LEFT_WRIST,0.6018381,0.596658,-0.41845164,0.12121147,-0.06931055,-0.20399292,0.80011535,0.9993687
88,7333,16,RIGHT_WRIST,0.49223074,0.60772,-0.4106069,0.0036876563,-0.022469327,-0.21637993,0.97623605,0.9993513
88,7333,17,LEFT_PINKY,0.58747506,0.62157214,-0.5191052,0.10878358,-0.009286125,-0.2455363,0.765019,0.998487
88,7333,18,RIGHT_PINKY,0.527414,0.6278384,-0.49769977,0.041995987,0.03210802,-0.25138688,0.9570999,0.9986749
88,7333,19,LEFT_INDEX,0.5705344,0.611793,-0.548076,0.07910198,-0.027179612,-0.26398948,0.76966697,0.99896777
88,7333,20,RIGHT_INDEX,0.54094833,0.6134153,-0.517794,0.07591083,-0.0014438952,-0.25442767,0.9586222,0.9990996
88,7333,21,LEFT_THUMB,0.56908894,0.60435116,-0.442099,0.104732834,-0.0646925,-0.21384369,0.7541727,0.99929035
88,7333,22,RIGHT_THUMB,0.535332,0.6067959,-0.42009577,0.029474832,-0.023627002,-0.22007196,0.94750357,0.9994
88,7333,23,LEFT_HIP,0.55364656,0.6213652,0.071248874,0.117622435,0.014614023,0.05218447,0.9998497,0.99987066
88,7333,24,RIGHT_HIP,0.41616267,0.61690974,-0.07039406,-0.11706635,-0.015121792,-0.049927626,0.999729,0.9995523
88,7333,25,LEFT_KNEE,0.6435214,0.6608585,-0.7519276,0.16727173,0.12978558,-0.3052237,0.986391,0.9996499
88,7333,26,RIGHT_KNEE,0.5381809,0.658934,-0.8780351,0.09432222,0.1245531,-0.36373973,0.9951738,0.99979013
88,7333,27,LEFT_ANKLE,0.5466474,0.8445364,-0.5710237,0.11284166,0.47129998,-0.26400733,0.9771127,0.9981828
88,7333,28,RIGHT_ANKLE,0.5120089,0.8593262,-0.7286618,0.04771384,0.48674053,-0.3400475,0.985159,0.9956346
88,7333,29,LEFT_HEEL,0.51887035,0.8609818,-0.56264275,0.10603997,0.5141293,-0.2630688,0.9357915,0.9963924
88,7333,30,RIGHT_HEEL,0.48751137,0.8767349,-0.7195364,0.039128203,0.53464746,-0.33783728,0.95406413,0.9911527
88,7333,31,LEFT_FOOT_INDEX,0.5483974,0.9246024,-0.8532124,0.11400936,0.61450195,-0.3780304,0.97807294,0.983597
88,7333,32,RIGHT_FOOT_INDEX,0.5482696,0.93552244,-1.0094894,0.07496251,0.6326876,-0.44382706,0.98543775,0.9719393
89,7417,0,NOSE,0.54441345,0.33376187,-0.44021326,0.08626572,-0.60301197,-0.20900841,0.9999911,0.99992156
89,7417,1,LEFT_EYE_INNER,0.55858684,0.3206159,-0.39764187,0.0806758,-0.6385555,-0.18724737,0.9999841,0.99980134
89,7417,2,LEFT_EYE,0.5678118,0.32112116,-0.3979657,0.08173049,-0.6393889,-0.18672627,0.99998665,0.999795
89,7417,3,LEFT_EYE_OUTER,0.5746203,0.3216998,-0.39802277,0.08172785,-0.6402614,-0.18725544,0.9999873,0.9997918
89,7417,4,RIGHT_EYE_INNER,0.52912307,0.31956044,-0.40615982,0.050850216,-0.6303993,-0.1909454,0.9999737,0.9998233
89,7417,5,RIGHT_EYE,0.5181096,0.3196664,-0.40615982,0.05185706,-0.6311738,-0.19118883,0.99997723,0.9998104
89,7417,6,RIGHT_EYE_OUTER,0.5074081,0.32010767,-0.40616417,0.05166838,-0.63310707,-0.19082832,0.99997663,0.99979335
89,7417,7,LEFT_EAR,0.57916284,0.32877684,-0.16776432,0.108348265,-0.61489105,-0.08035283,0.9999743,0.99983263
89,7417,8,RIGHT_EAR,0.49223608,0.327966,-0.2057446,-0.03567421,-0.59292626,-0.10720774,0.99994534,0.9998273
89,7417,9,MOUTH_LEFT,0.55919814,0.35056716,-0.3563204,0.10701969,-0.57510597,-0.17397055,0.999994,0.9999528
89,7417,10,MOUTH_RIGHT,0.520898,0.34986055,-0.36622557,0.0640026,-0.56575155,-0.17955022,0.9999915,0.99994934
89,7417,11,LEFT_SHOULDER,0.63644373,0.4277874,-0.032261863,0.20960762,-0.41257855,-0.0009875314,0.99997354,0.99989605
89,7417,12,RIGHT_SHOULDER,0.40314847,0.41684094,-0.17386983,-0.121406354,-0.4078379,-0.09778737,0.9999212,0.99963737
89,7417,13,LEFT_ELBOW,0.6499017,0.5371387,-0.117012575,0.16851291,-0.17833482,-0.05769326,0.8657249,0.9995253
89,7417,14,RIGHT_ELBOW,0.33822778,0.54208845,-0.25007135,-0.16108926,-0.13073558,-0.1170771,0.9931909,0.9985952
89,7417,15,LEFT_WRIST,0.5875148,0.59628487,-0.43102708,0.10670837,-0.06778868,-0.211856,0.81166965,0.9993411
89,7417,16,RIGHT_WRIST,0.46577993,0.60733616,-0.42020175,-0.018411728,-0.011427181,-0.22060172,0.97346616,0.9993094
89,7417,17,LEFT_PINKY,0.5737269,0.62070227,-0.5313107,0.092552595,-0.0017951146,-0.25294223,0.7771,0.9984269
89,7417,18,RIGHT_PINKY,0.5049609,0.6275476,-0.5033829,0.017837677,0.048041373,-0.25486013,0.952773,0.9985952
89,7417,19,LEFT_INDEX,0.55697155,0.6106646,-0.5602563,0.059680205,-0.014809631,-0.27281937,0.7816915,0.9989309
89,7417,20,RIGHT_INDEX,0.51692766,0.6130258,-0.52463007,0.051187012,0.018620938,-0.25870278,0.95459336,0.999071
89,7417,21,LEFT_THUMB,0.5561617,0.60233814,-0.45211935,0.088960774,-0.062077347,-0.2221745,0.7662489,0.9992649
89,7417,22,RIGHT_THUMB,0.5111496,0.60617197,-0.42430216,0.00699537,-0.009930072,-0.2242199,0.9437118,0.99938095
89,7417,23,LEFT_HIP,0.55429727,0.61867154,0.062476117,0.1238702,0.012954647,0.052083537,0.99984306,0.99986017
89,7417,24,RIGHT_HIP,0.41628584,0.6157909,-0.06161054,-0.12289273,-0.013816419,-0.0493776,0.99971735,0.99954
89,7417,25,LEFT_KNEE,0.63574547,0.6611735,-0.74951476,0.14863685,0.1412261,-0.30753493,0.9853648,0.99961406
89,7417,26,RIGHT_KNEE,0.52617466,0.65959823,-0.8710082,0.08028562,0.12482433,-0.36411276,0.99447864,0.9997428
89,7417,27,LEFT_ANKLE,0.5458768,0.8449305,-0.5955629,0.11495186,0.47666615,-0.28140506,0.9748999,0.99787605
89,7417,28,RIGHT_ANKLE,0.51100886,0.85934913,-0.75135267,0.057070468,0.49414665,-0.35632294,0.9832523,0.99486035
89,7417,29,LEFT_HEEL,0.51901084,0.8611798,-0.58900476,0.11210155,0.5194574,-0.28215837,0.9312608,0.9957188
89,7417,30,RIGHT_HEEL,0.48700646,0.87782687,-0.74421895,0.053580172,0.54370326,-0.3562885,0.9506508,0.98951083
89,7417,31,LEFT_FOOT_INDEX,0.55027115,0.9245086,-0.8866742,0.12659442,0.6148591,-0.4044455,0.9755582,0.9816304
89,7417,32,RIGHT_FOOT_INDEX,0.5482265,0.9343813,-1.0481093,0.07835197,0.6328918,-0.468491,0.98339933,0.96909106
90,7500,0,NOSE,0.53733253,0.3326281,-0.4371093,0.07102315,-0.6044082,-0.22627182,0.99999166,0.99995637
90,7500,1,LEFT_EYE_INNER,0.5511742,0.31937477,-0.39590302,0.065816216,-0.639312,-0.20359334,0.9999848,0.9998785
90,7500,2,LEFT_EYE,0.55850536,0.31979388,-0.39597413,0.06690089,-0.6401848,-0.20311016,0.9999872,0.9998727
90,7500,3,LEFT_EYE_OUTER,0.56471306,0.32017606,-0.39598405,0.0668321,-0.6411127,-0.20363349,0.99998784,0.99987066
90,7500,4,RIGHT_EYE_INNER,0.52036977,0.3187206,-0.40437487,0.03614849,-0.63163304,-0.20857972,0.9999754,0.99988675
90,7500,5,RIGHT_EYE,0.5089099,0.3189362,-0.4043748,0.03713486,-0.63225454,-0.20872183,0.9999787,0.9998746
90,7500,6,RIGHT_EYE_OUTER,0.4980864,0.3194847,-0.40437546,0.03684961,-0.63421804,-0.20847625,0.9999782,0.99986124
90,7500,7,LEFT_EAR,0.5689759,0.3275022,-0.17136781,0.092028566,-0.61457026,-0.092735775,0.99997497,0.9999008
90,7500,8,RIGHT_EAR,0.48059312,0.32704824,-0.20706505,-0.05158421,-0.5928956,-0.126314,0.9999491,0.9998766
90,7500,9,MOUTH_LEFT,0.55115384,0.3500056,-0.35787594,0.090147994,-0.5767805,-0.18934684,0.99999434,0.9999747
90,7500,10,MOUTH_RIGHT,0.51296794,0.3490375,-0.36859292,0.04747381,-0.56763554,-0.19723547,0.9999922,0.99997246
90,7500,11,LEFT_SHOULDER,0.6242797,0.4266397,-0.06736545,0.19116388,-0.4142249,-0.018379008,0.9999747,0.9999473
90,7500,12,RIGHT_SHOULDER,0.38785866,0.41646162,-0.17916319,-0.13988855,-0.4055523,-0.102611266,0.99992615,0.99974877
90,7500,13,LEFT_ELBOW,0.6450174,0.5371021,-0.13051218,0.15605067,-0.17813168,-0.06659279,0.8766914,0.9997154
90,7500,14,RIGHT_ELBOW,0.33994186,0.5427063,-0.24235614,-0.16585393,-0.124367304,-0.118133366,0.99290097,0.99894744
90,7500,15,LEFT_WRIST,0.5762547,0.5950359,-0.42155546,0.085509464,-0.066723,-0.21653517,0.8257069,0.9996526
90,7500,16,RIGHT_WRIST,0.46332502,0.6092961,-0.42391658,-0.02183143,-0.00335632,-0.2310621,0.97075945,0.99938095
90,7500,17,LEFT_PINKY,0.5570824,0.61995125,-0.5192113,0.067587234,-0.0011161522,-0.25863233,0.79183155,0.99894744
90,7500,18,RIGHT_PINKY,0.50060785,0.6277268,-0.50891274,0.013130684,0.056548547,-0.26606146,0.94842213,0.99851626
90,7500,19,LEFT_INDEX,0.5401757,0.6086108,-0.54400057,0.033296533,-0.014686724,-0.2784902,0.7962718,0.99929583
90,7500,20,RIGHT_INDEX,0.5114897,0.6135972,-0.52937937,0.046571687,0.026448559,-0.27125764,0.9506241,0.9990452
90,7500,21,LEFT_THUMB,0.5406949,0.5998907,-0.43929404,0.06664495,-0.060905527,-0.2267148,0.7809917,0.999554
90,7500,22,RIGHT_THUMB,0.50524104,0.60643375,-0.4307536,0.0036743537,-0.0019996897,-0.23516916,0.9402024,0.9993905
90,7500,23,LEFT_HIP,0.5573799,0.6147621,0.04700538,0.12644663,0.009415875,0.050081283,0.9998344,0.9999039
90,7500,24,RIGHT_HIP,0.41704902,0.6140023,-0.04628707,-0.12544419,-0.010533719,-0.04677394,0.99970067,0.99966466
90,7500,25,LEFT_KNEE,0.62450314,0.66369015,-0.7128624,0.13147801,0.17151558,-0.30638963,0.983841,0.99964166
90,7500,26,RIGHT_KNEE,0.51004606,0.66314876,-0.7739903,0.061178148,0.1494483,-0.3515623,0.992484,0.9996259
90,7500,27,LEFT_ANKLE,0.54476094,0.847544,-0.5933893,0.11302093,0.49973533,-0.279159,0.9711425,0.99693656
90,7500,28,RIGHT_ANKLE,0.5115417,0.8591487,-0.68213546,0.058031738,0.51878005,-0.3547875,0.9786481,0.9924521
90,7500,29,LEFT_HEEL,0.5190943,0.86124927,-0.5802551,0.11180317,0.5415838,-0.27970853,0.92104244,0.9935369
90,7500,30,RIGHT_HEEL,0.4907659,0.87751806,-0.6780505,0.056271736,0.5680396,-0.35089374,0.94190186,0.9845754
90,7500,31,LEFT_FOOT_INDEX,0.5498729,0.924627,-0.87613714,0.124919,0.63123196,-0.40787643,0.971086,0.9738444
90,7500,32,RIGHT_FOOT_INDEX,0.5466837,0.93317014,-0.9800004,0.074983425,0.64831775,-0.46182176,0.9790837,0.95430803
91,7583,0,NOSE,0.5236223,0.33276248,-0.45655975,0.056988362,-0.60218465,-0.24645136,0.9999921,0.99993443
91,7583,1,LEFT_EYE_INNER,0.5380817,0.31955248,-0.41931993,0.051124725,-0.6365635,-0.22354989,0.9999854,0.9998313
91,7583,2,LEFT_EYE,0.54544646,0.31995064,-0.41973284,0.0521343,-0.6375072,-0.22306946,0.9999876,0.99982184
91,7583,3,LEFT_EYE_OUTER,0.55376047,0.3203208,-0.419673,0.052022085,-0.63817877,-0.22346385,0.9999882,0.9998148
91,7583,4,RIGHT_EYE_INNER,0.5084444,0.31898403,-0.42868412,0.021950679,-0.6290184,-0.23017718,0.9999769,0.9998523
91,7583,5,RIGHT_EYE,0.49580032,0.31919873,-0.429127,0.022917246,-0.6295566,-0.23035854,0.99998003,0.99984396
91,7583,6,RIGHT_EYE_OUTER,0.48461092,0.3197363,-0.4291182,0.02252037,-0.6315375,-0.23006591,0.9999796,0.9998313
91,7583,7,LEFT_EAR,0.5582501,0.32753676,-0.21134812,0.073902816,-0.611088,-0.10855735,0.99997544,0.9998523
91,7583,8,RIGHT_EAR,0.4655882,0.32707208,-0.25586092,-0.067585446,-0.58943903,-0.15016213,0.99995244,0.9998579
91,7583,9,MOUTH_LEFT,0.5367155,0.35004035,-0.3811248,0.07461374,-0.5757207,-0.20770419,0.99999464,0.9999517
91,7583,10,MOUTH_RIGHT,0.49765587,0.34907064,-0.39385894,0.03277839,-0.56644154,-0.21787152,0.9999928,0.9999546
91,7583,11,LEFT_SHOULDER,0.61496055,0.42633134,-0.08895141,0.1732635,-0.41432917,-0.026561193,0.99997413,0.99984527
91,7583,12,RIGHT_SHOULDER,0.37634128,0.41654524,-0.18839736,-0.15082835,-0.39918694,-0.12194504,0.9999296,0.99960953
91,7583,13,LEFT_ELBOW,0.6401302,0.5374496,-0.12387033,0.14563031,-0.17158571,-0.063517965,0.88447005,0.9993255
91,7583,14,RIGHT_ELBOW,0.3445876,0.5427853,-0.24819504,-0.16023485,-0.11213349,-0.1317819,0.99252063,0.99854493
91,7583,15,LEFT_WRIST,0.56930435,0.5968479,-0.33885294,0.08087354,-0.047161218,-0.1910032,0.8308313,0.99903405
91,7583,16,RIGHT_WRIST,0.45295024,0.61001915,-0.4249123,-0.02501511,0.009154203,-0.23885144,0.96692884,0.99915075
91,7583,17,LEFT_PINKY,0.5480598,0.6211936,-0.42390814,0.066789225,0.021023154,-0.2292091,0.79498124,0.99736834
91,7583,18,RIGHT_PINKY,0.48999834,0.62776047,-0.509404,0.007769201,0.06828489,-0.27388555,0.9426854,0.9979966
91,7583,19,LEFT_INDEX,0.5313841,0.60974824,-0.4533108,0.03286094,0.010783804,-0.25193638,0.7997589,0.9981104
91,7583,20,RIGHT_INDEX,0.50419456,0.6144944,-0.52970433,0.03900493,0.039838072,-0.27810952,0.9454384,0.99863833
91,7583,21,LEFT_THUMB,0.5322992,0.6005863,-0.35746503,0.06291536,-0.03798105,-0.20206839,0.7847807,0.9987696
91,7583,22,RIGHT_THUMB,0.49686864,0.60694414,-0.43290764,-0.0007821942,0.010660318,-0.24272883,0.93551314,0.9991239
91,7583,23,LEFT_HIP,0.5573728,0.61123323,0.04469658,0.12706123,0.006153885,0.05008856,0.9998182,0.99986756
91,7583,24,RIGHT_HIP,0.41746813,0.6119166,-0.043930195,-0.12603547,-0.00740008,-0.046716176,0.9996755,0.9996049
91,7583,25,LEFT_KNEE,0.6196351,0.6648136,-0.7150202,0.12450108,0.18936908,-0.30622268,0.98215455,0.9994493
91,7583,26,RIGHT_KNEE,0.5082955,0.6654607,-0.76796305,0.062947474,0.15943922,-0.35054415,0.99103236,0.9995234
91,7583,27,LEFT_ANKLE,0.5447492,0.8459755,-0.5879015,0.112990014,0.50455725,-0.2764096,0.96756285,0.99566853
91,7583,28,RIGHT_ANKLE,0.5120467,0.8579465,-0.67025954,0.06907639,0.5228351,-0.3536401,0.97495943,0.98971164
91,7583,29,LEFT_HEEL,0.5191549,0.8608859,-0.57454675,0.11200778,0.5457632,-0.27690035,0.9115954,0.99111825
91,7583,30,RIGHT_HEEL,0.49424616,0.874688,-0.66535723,0.069160774,0.5722241,-0.3486295,0.9342113,0.97947216
91,7583,31,LEFT_FOOT_INDEX,0.54521453,0.92185515,-0.8620921,0.124263965,0.6364,-0.40161875,0.96714854,0.9659639
91,7583,32,RIGHT_FOOT_INDEX,0.5472814,0.93242854,-0.9643422,0.082871646,0.65527683,-0.45812464,0.9751224,0.9378969
92,7667,0,NOSE,0.50930214,0.33388537,-0.45830345,0.045194183,-0.6020862,-0.2529003,0.9999925,0.9999385
92,7667,1,LEFT_EYE_INNER,0.52410156,0.32074636,-0.4235082,0.03936437,-0.6364166,-0.2302794,0.9999859,0.99984026
92,7667,2,LEFT_EYE,0.5324537,0.32106712,-0.42367476,0.04034974,-0.63737464,-0.2297032,0.99998796,0.99983
92,7667,3,LEFT_EYE_OUTER,0.5409008,0.32127315,-0.4236166,0.040205043,-0.6380951,-0.2301662,0.9999885,0.99982053
92,7667,4,RIGHT_EYE_INNER,0.49500698,0.32043046,-0.43135706,0.009788636,-0.62873936,-0.23617381,0.9999782,0.9998623
92,7667,5,RIGHT_EYE,0.48260692,0.32066545,-0.43159646,0.010731413,-0.62926406,-0.23638484,0.9999812,0.9998568
92,7667,6,RIGHT_EYE_OUTER,0.47178248,0.3210782,-0.43158704,0.010288285,-0.63124603,-0.23605734,0.99998087,0.99984396
92,7667,7,LEFT_EAR,0.5469889,0.32814035,-0.21806732,0.06679115,-0.6108097,-0.11401311,0.9999759,0.9998499
92,7667,8,RIGHT_EAR,0.45370185,0.32798806,-0.25583676,-0.076922305,-0.5875775,-0.15232128,0.99995536,0.9998697
92,7667,9,MOUTH_LEFT,0.5233364,0.3502745,-0.38405266,0.065139286,-0.57598764,-0.21375008,0.9999949,0.9999478
92,7667,10,MOUTH_RIGHT,0.4844764,0.34932715,-0.39533392,0.022778038,-0.566395,-0.22285932,0.9999933,0.9999517
92,7667,11,LEFT_SHOULDER,0.6094234,0.42636412,-0.086209565,0.17022537,-0.41571802,-0.02765383,0.99997246,0.9997998
92,7667,12,RIGHT_SHOULDER,0.3698288,0.41782513,-0.19216307,-0.15322047,-0.39809725,-0.1255611,0.9999325,0.999608
92,7667,13,LEFT_ELBOW,0.6345929,0.5400401,-0.104622744,0.14300922,-0.16999142,-0.062399894,0.89051235,0.99928194
92,7667,14,RIGHT_ELBOW,0.34092304,0.5431485,-0.24415389,-0.15980086,-0.1129069,-0.13533652,0.99216133,0.9987207
92,7667,15,LEFT_WRIST,0.5668347,0.6015723,-0.29210886,0.082217336,-0.03474642,-0.17239492,0.8318003,0.9989956
92,7667,16,RIGHT_WRIST,0.4464338,0.6099553,-0.40853167,-0.025211077,0.008649146,-0.23774064,0.9628396,0.9992931
92,7667,17,LEFT_PINKY,0.54715353,0.62381756,-0.371132,0.07028548,0.03543186,-0.20828116,0.79371613,0.9972638
92,7667,18,RIGHT_PINKY,0.4841488,0.62757915,-0.48828027,0.0089721205,0.06812083,-0.27198532,0.9366597,0.998319
92,7667,19,LEFT_INDEX,0.5298046,0.6138956,-0.4020751,0.037065826,0.029914735,-0.2318756,0.7989812,0.9979966
92,7667,20,RIGHT_INDEX,0.49878383,0.6153544,-0.5067622,0.040471733,0.04098756,-0.27552506,0.939943,0.99882597
92,7667,21,LEFT_THUMB,0.5308816,0.6050197,-0.3107599,0.06501614,-0.022724953,-0.18368526,0.7850794,0.9986904
92,7667,22,RIGHT_THUMB,0.49022612,0.60766363,-0.41644025,-0.0008325723,0.010491248,-0.24127153,0.9307018,0.9992446
92,7667,23,LEFT_HIP,0.5546238,0.61138403,0.04650732,0.12732086,0.004369871,0.050434366,0.9998026,0.9998785
92,7667,24,RIGHT_HIP,0.41663238,0.61196744,-0.04572099,-0.126295,-0.0056784754,-0.046930447,0.99965584,0.99968255
92,7667,25,LEFT_KNEE,0.61441016,0.66695356,-0.71663105,0.12881134,0.18823333,-0.30651486,0.9803171,0.99942744
92,7667,26,RIGHT_KNEE,0.5057306,0.66720253,-0.7654075,0.063671775,0.15796587,-0.3513065,0.9902114,0.9996331
92,7667,27,LEFT_ANKLE,0.5434455,0.84600306,-0.57016784,0.11493618,0.5028791,-0.2747456,0.9643294,0.9964342
92,7667,28,RIGHT_ANKLE,0.51294714,0.8575989,-0.6718654,0.07830425,0.5212073,-0.34987026,0.97269434,0.99108386
92,7667,29,LEFT_HEEL,0.5176587,0.86052406,-0.55696493,0.11426228,0.5422082,-0.275089,0.90460545,0.9928509
92,7667,30,RIGHT_HEEL,0.49546164,0.874324,-0.66634476,0.078511804,0.5703356,-0.34655246,0.9297046,0.9817707
92,7667,31,LEFT_FOOT_INDEX,0.5340734,0.91989917,-0.82872677,0.12326925,0.63543534,-0.39914975,0.9636544,0.97057647
92,7667,32,RIGHT_FOOT_INDEX,0.54739434,0.93244094,-0.95404136,0.091088474,0.6550717,-0.4568392,0.97222024,0.94122344
93,7750,0,NOSE,0.5028765,0.3339062,-0.45911103,0.036931083,-0.60399383,-0.2539417,0.9999929,0.99994695
93,7750,1,LEFT_EYE_INNER,0.5180114,0.32082155,-0.4235797,0.03098964,-0.63785076,-0.23135817,0.9999865,0.9998535
93,7750,2,LEFT_EYE,0.52744436,0.32112482,-0.42372382,0.03197838,-0.63882834,-0.23083115,0.99998844,0.99984276
93,7750,3,LEFT_EYE_OUTER,0.53550994,0.3213529,-0.42373046,0.031840384,-0.6396617,-0.23123941,0.999989,0.99983263
93,7750,4,RIGHT_EYE_INNER,0.48797205,0.3205249,-0.4313713,0.0012857857,-0.6298781,-0.23690431,0.99997956,0.9998766
93,7750,5,RIGHT_EYE,0.475245,0.32075623,-0.43162605,0.00221473,-0.6303853,-0.23713069,0.9999825,0.9998727
93,7750,6,RIGHT_EYE_OUTER,0.4646526,0.32118002,-0.431618,0.0017774703,-0.6325933,-0.23671745,0.9999822,0.9998634
93,7750,7,LEFT_EAR,0.5421001,0.32838768,-0.21694092,0.06027748,-0.6116741,-0.11524142,0.9999767,0.99986124
93,7750,8,RIGHT_EAR,0.4461789,0.32819167,-0.25345898,-0.08437761,-0.5876955,-0.15176268,0.99995846,0.99988854
93,7750,9,MOUTH_LEFT,0.5171217,0.3504749,-0.3840004,0.05769735,-0.57837456,-0.21481173,0.9999952,0.99995697
93,7750,10,MOUTH_RIGHT,0.4773665,0.34979755,-0.39507875,0.01508018,-0.56819123,-0.22338264,0.99999386,0.99996173
93,7750,11,LEFT_SHOULDER,0.60590786,0.42638677,-0.08916359,0.16617055,-0.4189904,-0.030196898,0.99997205,0.99984765
93,7750,12,RIGHT_SHOULDER,0.36471838,0.41851443,-0.18885258,-0.16011235,-0.3980585,-0.12524782,0.9999361,0.9997086
93,7750,13,LEFT_ELBOW,0.6290928,0.54050547,-0.10395231,0.13658418,-0.17059368,-0.0611988,0.8967097,0.99940467
93,7750,14,RIGHT_ELBOW,0.33793458,0.54345185,-0.23216969,-0.168419,-0.1134488,-0.13537578,0.9920397,0.99893504
93,7750,15,LEFT_WRIST,0.5607277,0.6020017,-0.30592638,0.07751927,-0.034284983,-0.17484674,0.8357896,0.9991204
93,7750,16,RIGHT_WRIST,0.43918428,0.60943365,-0.40708902,-0.041518223,0.008324561,-0.23838413,0.9607851,0.99936384
93,7750,17,LEFT_PINKY,0.54243314,0.62441766,-0.38809845,0.06730172,0.036412247,-0.2116391,0.79644895,0.99746895
93,7750,18,RIGHT_PINKY,0.4756239,0.6269518,-0.48844257,-0.008800708,0.06755837,-0.2724281,0.9336093,0.9984084
93,7750,19,LEFT_INDEX,0.52385175,0.61440784,-0.42158386,0.033184975,0.030799223,-0.23479684,0.8020874,0.9981756
93,7750,20,RIGHT_INDEX,0.48970345,0.6152977,-0.50934345,0.021856235,0.039647456,-0.27669466,0.93733174,0.9989225
93,7750,21,LEFT_THUMB,0.5246255,0.6056324,-0.32593003,0.06031217,-0.02215412,-0.18611848,0.7890177,0.9988305
93,7750,22,RIGHT_THUMB,0.48033243,0.6076855,-0.41666225,-0.017510321,0.009907604,-0.24218485,0.92874956,0.99932015
93,7750,23,LEFT_HIP,0.553997,0.61165065,0.043918554,0.12800008,0.0033555555,0.050203137,0.99979085,0.99988496
93,7750,24,RIGHT_HIP,0.41666052,0.6121151,-0.04314162,-0.1269754,-0.0046836394,-0.046602882,0.99964166,0.9997017
93,7750,25,LEFT_KNEE,0.60888696,0.6673993,-0.7157664,0.12524536,0.19352178,-0.30769694,0.9786429,0.9994429
93,7750,26,RIGHT_KNEE,0.50093585,0.6686482,-0.75902337,0.063608,0.15837292,-0.3513837,0.9893778,0.99960023
93,7750,27,LEFT_ANKLE,0.5429276,0.8460518,-0.56730515,0.11493062,0.50263745,-0.2746201,0.96132404,0.99575186
93,7750,28,RIGHT_ANKLE,0.51306075,0.8568223,-0.6688085,0.0788532,0.5204836,-0.3480436,0.9701825,0.9904406
93,7750,29,LEFT_HEEL,0.5175887,0.86039066,-0.5553427,0.11446159,0.5420747,-0.27473408,0.8974909,0.9912548
93,7750,30,RIGHT_HEEL,0.4958732,0.87382936,-0.66385126,0.07926971,0.56940347,-0.34564143,0.9245028,0.98050606
93,7750,31,LEFT_FOOT_INDEX,0.53477925,0.91996396,-0.8300558,0.122735225,0.63489926,-0.4001742,0.96044767,0.96557647
93,7750,32,RIGHT_FOOT_INDEX,0.5473104,0.9322157,-0.95277643,0.09136634,0.65499765,-0.45733786,0.9693016,0.93686515
94,7833,0,NOSE,0.4967351,0.3341829,-0.49454245,0.032856025,-0.60422564,-0.25412863,0.99999326,0.9999263
94,7833,1,LEFT_EYE_INNER,0.5117118,0.32149816,-0.45423996,0.026086146,-0.63789725,-0.23149665,0.999987,0.9998104
94,7833,2,LEFT_EYE,0.5211134,0.32179344,-0.45425454,0.02705219,-0.63887775,-0.23093417,0.9999888,0.9997998
94,7833,3,LEFT_EYE_OUTER,0.5289273,0.32200345,-0.45459345,0.02692961,-0.6397306,-0.23132466,0.9999893,0.99979013
94,7833,4,RIGHT_EYE_INNER,0.48175544,0.3210601,-0.462778,-0.0030298259,-0.6299376,-0.2370748,0.9999806,0.9998313
94,7833,5,RIGHT_EYE,0.46920002,0.32120866,-0.4631615,-0.002067255,-0.63044304,-0.23725528,0.99998343,0.99982184
94,7833,6,RIGHT_EYE_OUTER,0.4586823,0.32154796,-0.46315917,-0.002552554,-0.6326166,-0.23686287,0.99998325,0.9998074
94,7833,7,LEFT_EAR,0.5351613,0.3289566,-0.23188852,0.054088645,-0.61110395,-0.11577878,0.9999772,0.99982184
94,7833,8,RIGHT_EAR,0.4404014,0.32860497,-0.27151513,-0.08812498,-0.58676606,-0.15250309,0.9999606,0.99983
94,7833,9,MOUTH_LEFT,0.5109437,0.3507252,-0.41129917,0.05328771,-0.57845336,-0.21528511,0.99999535,0.9999324
94,7833,10,MOUTH_RIGHT,0.4712183,0.3502236,-0.4230246,0.011378745,-0.5682239,-0.22386187,0.9999943,0.99993646
94,7833,11,LEFT_SHOULDER,0.6025094,0.42647973,-0.10081474,0.16206743,-0.4189763,-0.03287149,0.99997073,0.99974877
94,7833,12,RIGHT_SHOULDER,0.35849273,0.41981822,-0.1925494,-0.16319337,-0.39595073,-0.12504177,0.999937,0.99941385
94,7833,13,LEFT_ELBOW,0.6257223,0.5413645,-0.11433207,0.13605757,-0.17058665,-0.062030613,0.90271026,0.9993068
94,7833,14,RIGHT_ELBOW,0.33834285,0.5445476,-0.2353862,-0.16670823,-0.11219796,-0.13526626,0.99157804,0.9984573
94,7833,15,LEFT_WRIST,0.5556449,0.60387105,-0.31642014,0.07572897,-0.03320629,-0.17553948,0.8392704,0.9990746
94,7833,16,RIGHT_WRIST,0.44114116,0.6093434,-0.41802365,-0.035999473,0.0071708728,-0.2378145,0.9575992,0.9992649
94,7833,17,LEFT_PINKY,0.5389474,0.626516,-0.4020397,0.06603412,0.037686944,-0.21224429,0.79810566,0.9975561
94,7833,18,RIGHT_PINKY,0.47768182,0.6269095,-0.502196,-0.001491163,0.06448263,-0.27199632,0.92908555,0.9984022
94,7833,19,LEFT_INDEX,0.52075505,0.6162857,-0.4325693,0.031247493,0.031949244,-0.23493539,0.80411184,0.9982109
94,7833,20,RIGHT_INDEX,0.49126518,0.61522704,-0.52408564,0.028490264,0.036731213,-0.27608478,0.93331414,0.99890983
94,7833,21,LEFT_THUMB,0.5210396,0.6073731,-0.33625537,0.058445267,-0.02093979,-0.18643665,0.7917419,0.9988028
94,7833,22,RIGHT_THUMB,0.48236325,0.60767573,-0.42846978,-0.011983916,0.008335807,-0.24156997,0.92496115,0.9992792
94,7833,23,LEFT_HIP,0.5526803,0.6118041,0.04287048,0.12882781,0.0018298682,0.04967135,0.9997835,0.9998623
94,7833,24,RIGHT_HIP,0.41431224,0.61322594,-0.04208109,-0.12781411,-0.0031750964,-0.045970365,0.9996309,0.999617
94,7833,25,LEFT_KNEE,0.6092062,0.6669024,-0.7907566,0.13132232,0.19292712,-0.32186273,0.97783625,0.9995363
94,7833,26,RIGHT_KNEE,0.5015421,0.66919625,-0.82281214,0.06541725,0.15400241,-0.3602389,0.9887615,0.99962735
94,7833,27,LEFT_ANKLE,0.5436872,0.8435504,-0.59244263,0.12006002,0.48868945,-0.27892062,0.95983154,0.99766773
94,7833,28,RIGHT_ANKLE,0.51411724,0.85664195,-0.70176256,0.088460945,0.51434505,-0.3497821,0.9691404,0.994292
94,7833,29,LEFT_HEEL,0.5194531,0.8559095,-0.57897186,0.119783565,0.5272659,-0.2780579,0.894524,0.99544394
94,7833,30,RIGHT_HEEL,0.49896964,0.8718298,-0.69426364,0.09024077,0.5629181,-0.3481615,0.9223306,0.9888849
94,7833,31,LEFT_FOOT_INDEX,0.5303067,0.917034,-0.87538743,0.12311686,0.62449354,-0.40238127,0.95933235,0.98327893
94,7833,32,RIGHT_FOOT_INDEX,0.54697245,0.9322883,-1.0022064,0.09864506,0.6516415,-0.46093866,0.967986,0.9644556
95,7917,0,NOSE,0.48996878,0.3342499,-0.49382427,0.02568219,-0.60419786,-0.2603991,0.99999356,0.9999335
95,7917,1,LEFT_EYE_INNER,0.5041267,0.3217571,-0.45442188,0.019356316,-0.637784,-0.23783419,0.99998736,0.9998233
95,7917,2,LEFT_EYE,0.5133728,0.32191676,-0.4544265,0.02033443,-0.6387691,-0.23723474,0.99998903,0.9998148
95,7917,3,LEFT_EYE_OUTER,0.52162045,0.32211792,-0.45478964,0.020153718,-0.63963944,-0.23769669,0.9999895,0.99980444
95,7917,4,RIGHT_EYE_INNER,0.4751241,0.32153726,-0.4613296,-0.010691745,-0.62956434,-0.24221238,0.9999815,0.99984527
95,7917,5,RIGHT_EYE,0.4624786,0.3216955,-0.46147922,-0.009750465,-0.63006926,-0.24234234,0.99998426,0.99983656
95,7917,6,RIGHT_EYE_OUTER,0.45197916,0.3220662,-0.4614785,-0.0102405,-0.6321881,-0.24197525,0.99998415,0.9998233
95,7917,7,LEFT_EAR,0.52834624,0.32909954,-0.23812234,0.05326521,-0.61104745,-0.121407,0.9999776,0.99983656
95,7917,8,RIGHT_EAR,0.43497857,0.32942432,-0.2686386,-0.09252068,-0.5845733,-0.15313143,0.99996257,0.99984765
95,7917,9,MOUTH_LEFT,0.5044672,0.3507468,-0.41241723,0.04918594,-0.5785527,-0.22135009,0.9999955,0.9999448
95,7917,10,MOUTH_RIGHT,0.46520203,0.3506821,-0.42118534,0.006181888,-0.56810987,-0.22813407,0.99999464,0.99994695
95,7917,11,LEFT_SHOULDER,0.5984854,0.42613703,-0.10647571,0.16339721,-0.42028245,-0.03784119,0.9999701,0.999795
95,7917,12,RIGHT_SHOULDER,0.35772416,0.4200848,-0.19319202,-0.16389304,-0.39390287,-0.12505884,0.99993885,0.99954176
95,7917,13,LEFT_ELBOW,0.6229406,0.5409904,-0.11809055,0.13684139,-0.17118232,-0.06640828,0.9083162,0.9993358
95,7917,14,RIGHT_ELBOW,0.33640924,0.5442278,-0.23766392,-0.16889086,-0.11128583,-0.13558076,0.9913258,0.99852777
95,7917,15,LEFT_WRIST,0.5542514,0.6038567,-0.32005313,0.076657936,-0.032999296,-0.17766888,0.842794,0.9990601
95,7917,16,RIGHT_WRIST,0.43777874,0.60923505,-0.41677064,-0.03973044,0.008209192,-0.23753269,0.9545625,0.99915075
95,7917,17,LEFT_PINKY,0.5378095,0.62657017,-0.4036298,0.06649352,0.038387377,-0.21460873,0.80027,0.99729556
95,7917,18,RIGHT_PINKY,0.47512865,0.6268849,-0.4992736,-0.0043225456,0.066077664,-0.27147603,0.92458093,0.9979966
95,7917,19,LEFT_INDEX,0.5197853,0.61651963,-0.43531576,0.032269467,0.03343565,-0.23692477,0.80653906,0.99801993
95,7917,20,RIGHT_INDEX,0.4902996,0.6152199,-0.5222698,0.025424248,0.038749095,-0.2755111,0.9292764,0.9986223
95,7917,21,LEFT_THUMB,0.51971376,0.6078439,-0.33957747,0.059404507,-0.02027413,-0.18826619,0.7949856,0.99871576
95,7917,22,RIGHT_THUMB,0.48172662,0.6077,-0.42738733,-0.015475971,0.009642165,-0.2413634,0.9214945,0.99911004
95,7917,23,LEFT_HIP,0.54952514,0.61111885,0.043339454,0.12925765,0.00045143187,0.0496187,0.99977005,0.99984884
95,7917,24,RIGHT_HIP,0.41208136,0.61195666,-0.042542804,-0.12825309,-0.0018144381,-0.045886327,0.9996117,0.99958104
95,7917,25,LEFT_KNEE,0.60626113,0.6629101,-0.75931925,0.13364603,0.19166635,-0.32067332,0.9771982,0.9994536
95,7917,26,RIGHT_KNEE,0.49775946,0.6691976,-0.77680916,0.06891257,0.1568673,-0.35582936,0.9883069,0.9995363
95,7917,27,LEFT_ANKLE,0.54544103,0.83651483,-0.5509519,0.12757108,0.48677856,-0.27517435,0.9586156,0.99630713
95,7917,28,RIGHT_ANKLE,0.5145014,0.856326,-0.6696392,0.09201479,0.5169333,-0.346305,0.96802545,0.99014014
95,7917,29,LEFT_HEEL,0.52411425,0.8478754,-0.5374498,0.12835668,0.52532,-0.27364844,0.89009356,0.99262565
95,7917,30,RIGHT_HEEL,0.50037783,0.8708371,-0.6635836,0.09396982,0.56566805,-0.3452295,0.91885704,0.98020524
95,7917,31,LEFT_FOOT_INDEX,0.5307812,0.91506976,-0.82388145,0.13051029,0.62180054,-0.3991678,0.95772344,0.97079873
95,7917,32,RIGHT_FOOT_INDEX,0.5484722,0.93294036,-0.9629981,0.104826204,0.6549809,-0.45900503,0.96617293,0.9360516
